Copyright 1986-2022 Xilinx, Inc. All Rights Reserved. Copyright 2022-2025 Advanced Micro Devices, Inc. All Rights Reserved.
------------------------------------------------------------------------------------------------------------------------------------------------------------------------------------------------------------------------------------------------------
| Tool Version : Vivado v.2025.2 (win64) Build 6299465 Fri Nov 14 19:35:11 GMT 2025
| Date         : Mon May 11 17:12:59 2026
| Host         : ShaeshanthG15 running 64-bit major release  (build 9200)
| Command      : report_timing_summary -max_paths 10 -routable_nets -report_unconstrained -file Nano_processor_timing_summary_routed.rpt -pb Nano_processor_timing_summary_routed.pb -rpx Nano_processor_timing_summary_routed.rpx -warn_on_violation
| Design       : Nano_processor
| Device       : 7a35t-cpg236
| Speed File   : -1  PRODUCTION 1.23 2018-06-13
| Design State : Routed
------------------------------------------------------------------------------------------------------------------------------------------------------------------------------------------------------------------------------------------------------

Timing Summary Report

------------------------------------------------------------------------------------------------
| Timer Settings
| --------------
------------------------------------------------------------------------------------------------

  Enable Multi Corner Analysis               :  Yes
  Enable Pessimism Removal                   :  Yes
  Pessimism Removal Resolution               :  Nearest Common Node
  Enable Input Delay Default Clock           :  No
  Enable Preset / Clear Arcs                 :  No
  Disable Flight Delays                      :  No
  Ignore I/O Paths                           :  No
  Timing Early Launch at Borrowing Latches   :  No
  Borrow Time for Max Delay Exceptions       :  Yes
  Merge Timing Exceptions                    :  Yes
  Inter-SLR Compensation                     :  Conservative

  Corner  Analyze    Analyze    
  Name    Max Paths  Min Paths  
  ------  ---------  ---------  
  Slow    Yes        Yes        
  Fast    Yes        Yes        


------------------------------------------------------------------------------------------------
| Report Methodology
| ------------------
------------------------------------------------------------------------------------------------

Rule       Severity          Description                    Violations  
---------  ----------------  -----------------------------  ----------  
TIMING-17  Critical Warning  Non-clocked sequential cell    11          
TIMING-18  Warning           Missing input or output delay  1           

Note: This report is based on the most recent report_methodology run and may not be up-to-date. Run report_methodology on the current design for the latest report.



check_timing report

Table of Contents
-----------------
1. checking no_clock (11)
2. checking constant_clock (0)
3. checking pulse_width_clock (0)
4. checking unconstrained_internal_endpoints (30)
5. checking no_input_delay (1)
6. checking no_output_delay (14)
7. checking multiple_clock (0)
8. checking generated_clocks (0)
9. checking loops (0)
10. checking partial_input_delay (0)
11. checking partial_output_delay (0)
12. checking latch_loops (0)

1. checking no_clock (11)
-------------------------
 There are 11 register/latch pins with no clock driven by root clock pin: U_Slow/slow_reg/Q (HIGH)


2. checking constant_clock (0)
------------------------------
 There are 0 register/latch pins with constant_clock.


3. checking pulse_width_clock (0)
---------------------------------
 There are 0 register/latch pins which need pulse_width check


4. checking unconstrained_internal_endpoints (30)
-------------------------------------------------
 There are 30 pins that are not constrained for maximum delay. (HIGH)

 There are 0 pins that are not constrained for maximum delay due to constant clock.


5. checking no_input_delay (1)
------------------------------
 There is 1 input port with no input delay specified. (HIGH)

 There are 0 input ports with no input delay but user has a false path constraint.


6. checking no_output_delay (14)
--------------------------------
 There are 14 ports with no output delay specified. (HIGH)

 There are 0 ports with no output delay but user has a false path constraint

 There are 0 ports with no output delay but with a timing clock defined on it or propagating through it


7. checking multiple_clock (0)
------------------------------
 There are 0 register/latch pins with multiple clocks.


8. checking generated_clocks (0)
--------------------------------
 There are 0 generated clocks that are not connected to a clock source.


9. checking loops (0)
---------------------
 There are 0 combinational loops in the design.


10. checking partial_input_delay (0)
------------------------------------
 There are 0 input ports with partial input delay specified.


11. checking partial_output_delay (0)
-------------------------------------
 There are 0 ports with partial output delay specified.


12. checking latch_loops (0)
----------------------------
 There are 0 combinational latch loops in the design through latch input



------------------------------------------------------------------------------------------------
| Design Timing Summary
| ---------------------
------------------------------------------------------------------------------------------------

    WNS(ns)      TNS(ns)  TNS Failing Endpoints  TNS Total Endpoints      WHS(ns)      THS(ns)  THS Failing Endpoints  THS Total Endpoints     WPWS(ns)     TPWS(ns)  TPWS Failing Endpoints  TPWS Total Endpoints  
    -------      -------  ---------------------  -------------------      -------      -------  ---------------------  -------------------     --------     --------  ----------------------  --------------------  
      5.641        0.000                      0                   29        0.289        0.000                      0                   29        4.500        0.000                       0                    30  


All user specified timing constraints are met.


------------------------------------------------------------------------------------------------
| Clock Summary
| -------------
------------------------------------------------------------------------------------------------

Clock        Waveform(ns)       Period(ns)      Frequency(MHz)
-----        ------------       ----------      --------------
sys_clk_pin  {0.000 5.000}      10.000          100.000         


------------------------------------------------------------------------------------------------
| Intra Clock Table
| -----------------
------------------------------------------------------------------------------------------------

Clock             WNS(ns)      TNS(ns)  TNS Failing Endpoints  TNS Total Endpoints      WHS(ns)      THS(ns)  THS Failing Endpoints  THS Total Endpoints     WPWS(ns)     TPWS(ns)  TPWS Failing Endpoints  TPWS Total Endpoints  
-----             -------      -------  ---------------------  -------------------      -------      -------  ---------------------  -------------------     --------     --------  ----------------------  --------------------  
sys_clk_pin         5.641        0.000                      0                   29        0.289        0.000                      0                   29        4.500        0.000                       0                    30  


------------------------------------------------------------------------------------------------
| Inter Clock Table
| -----------------
------------------------------------------------------------------------------------------------

From Clock    To Clock          WNS(ns)      TNS(ns)  TNS Failing Endpoints  TNS Total Endpoints      WHS(ns)      THS(ns)  THS Failing Endpoints  THS Total Endpoints  
----------    --------          -------      -------  ---------------------  -------------------      -------      -------  ---------------------  -------------------  


------------------------------------------------------------------------------------------------
| Other Path Groups Table
| -----------------------
------------------------------------------------------------------------------------------------

Path Group    From Clock    To Clock          WNS(ns)      TNS(ns)  TNS Failing Endpoints  TNS Total Endpoints      WHS(ns)      THS(ns)  THS Failing Endpoints  THS Total Endpoints  
----------    ----------    --------          -------      -------  ---------------------  -------------------      -------      -------  ---------------------  -------------------  


------------------------------------------------------------------------------------------------
| User Ignored Path Table
| -----------------------
------------------------------------------------------------------------------------------------

Path Group    From Clock    To Clock    
----------    ----------    --------    


------------------------------------------------------------------------------------------------
| Unconstrained Path Table
| ------------------------
------------------------------------------------------------------------------------------------

Path Group    From Clock    To Clock    
----------    ----------    --------    
(none)                                    
(none)                      sys_clk_pin   


------------------------------------------------------------------------------------------------
| Timing Details
| --------------
------------------------------------------------------------------------------------------------


---------------------------------------------------------------------------------------------------
From Clock:  sys_clk_pin
  To Clock:  sys_clk_pin

Setup :            0  Failing Endpoints,  Worst Slack        5.641ns,  Total Violation        0.000ns
Hold  :            0  Failing Endpoints,  Worst Slack        0.289ns,  Total Violation        0.000ns
PW    :            0  Failing Endpoints,  Worst Slack        4.500ns,  Total Violation        0.000ns
---------------------------------------------------------------------------------------------------


Max Delay Paths
--------------------------------------------------------------------------------------
Slack (MET) :             5.641ns  (required time - arrival time)
  Source:                 U_Slow/count_reg[0]/C
                            (rising edge-triggered cell FDCE clocked by sys_clk_pin  {rise@0.000ns fall@5.000ns period=10.000ns})
  Destination:            U_Slow/count_reg[26]/D
                            (rising edge-triggered cell FDCE clocked by sys_clk_pin  {rise@0.000ns fall@5.000ns period=10.000ns})
  Path Group:             sys_clk_pin
  Path Type:              Setup (Max at Slow Process Corner)
  Requirement:            10.000ns  (sys_clk_pin rise@10.000ns - sys_clk_pin rise@0.000ns)
  Data Path Delay:        4.399ns  (logic 2.271ns (51.628%)  route 2.128ns (48.372%))
  Logic Levels:           8  (CARRY4=7 LUT5=1)
  Clock Path Skew:        0.000ns (DCD - SCD + CPR)
    Destination Clock Delay (DCD):    4.861ns = ( 14.861 - 10.000 ) 
    Source Clock Delay      (SCD):    5.160ns
    Clock Pessimism Removal (CPR):    0.299ns
  Clock Uncertainty:      0.035ns  ((TSJ^2 + TIJ^2)^1/2 + DJ) / 2 + PE
    Total System Jitter     (TSJ):    0.071ns
    Total Input Jitter      (TIJ):    0.000ns
    Discrete Jitter          (DJ):    0.000ns
    Phase Error              (PE):    0.000ns

    Location             Delay type                Incr(ns)  Path(ns)    Netlist Resource(s)
  -------------------------------------------------------------------    -------------------
                         (clock sys_clk_pin rise edge)
                                                      0.000     0.000 r  
    W5                                                0.000     0.000 r  clk (IN)
                         net (fo=0)                   0.000     0.000    clk
    W5                   IBUF (Prop_ibuf_I_O)         1.458     1.458 r  clk_IBUF_inst/O
                         net (fo=1, routed)           1.967     3.425    clk_IBUF
    BUFGCTRL_X0Y0        BUFG (Prop_bufg_I_O)         0.096     3.521 r  clk_IBUF_BUFG_inst/O
                         net (fo=29, routed)          1.639     5.160    U_Slow/slow_reg_0
    SLICE_X62Y48         FDCE                                         r  U_Slow/count_reg[0]/C
  -------------------------------------------------------------------    -------------------
    SLICE_X62Y48         FDCE (Prop_fdce_C_Q)         0.456     5.616 r  U_Slow/count_reg[0]/Q
                         net (fo=30, routed)          1.326     6.942    U_Slow/count[0]
    SLICE_X63Y42         CARRY4 (Prop_carry4_CYINIT_CO[3])
                                                      0.580     7.522 r  U_Slow/plusOp_carry/CO[3]
                         net (fo=1, routed)           0.000     7.522    U_Slow/plusOp_carry_n_0
    SLICE_X63Y43         CARRY4 (Prop_carry4_CI_CO[3])
                                                      0.114     7.636 r  U_Slow/plusOp_carry__0/CO[3]
                         net (fo=1, routed)           0.000     7.636    U_Slow/plusOp_carry__0_n_0
    SLICE_X63Y44         CARRY4 (Prop_carry4_CI_CO[3])
                                                      0.114     7.750 r  U_Slow/plusOp_carry__1/CO[3]
                         net (fo=1, routed)           0.000     7.750    U_Slow/plusOp_carry__1_n_0
    SLICE_X63Y45         CARRY4 (Prop_carry4_CI_CO[3])
                                                      0.114     7.864 r  U_Slow/plusOp_carry__2/CO[3]
                         net (fo=1, routed)           0.000     7.864    U_Slow/plusOp_carry__2_n_0
    SLICE_X63Y46         CARRY4 (Prop_carry4_CI_CO[3])
                                                      0.114     7.978 r  U_Slow/plusOp_carry__3/CO[3]
                         net (fo=1, routed)           0.000     7.978    U_Slow/plusOp_carry__3_n_0
    SLICE_X63Y47         CARRY4 (Prop_carry4_CI_CO[3])
                                                      0.114     8.092 r  U_Slow/plusOp_carry__4/CO[3]
                         net (fo=1, routed)           0.000     8.092    U_Slow/plusOp_carry__4_n_0
    SLICE_X63Y48         CARRY4 (Prop_carry4_CI_O[1])
                                                      0.334     8.426 r  U_Slow/plusOp_carry__5/O[1]
                         net (fo=1, routed)           0.802     9.228    U_Slow/data0[26]
    SLICE_X62Y48         LUT5 (Prop_lut5_I4_O)        0.331     9.559 r  U_Slow/count[26]_i_1/O
                         net (fo=1, routed)           0.000     9.559    U_Slow/count_0[26]
    SLICE_X62Y48         FDCE                                         r  U_Slow/count_reg[26]/D
  -------------------------------------------------------------------    -------------------

                         (clock sys_clk_pin rise edge)
                                                     10.000    10.000 r  
    W5                                                0.000    10.000 r  clk (IN)
                         net (fo=0)                   0.000    10.000    clk
    W5                   IBUF (Prop_ibuf_I_O)         1.388    11.388 r  clk_IBUF_inst/O
                         net (fo=1, routed)           1.862    13.250    clk_IBUF
    BUFGCTRL_X0Y0        BUFG (Prop_bufg_I_O)         0.091    13.341 r  clk_IBUF_BUFG_inst/O
                         net (fo=29, routed)          1.520    14.861    U_Slow/slow_reg_0
    SLICE_X62Y48         FDCE                                         r  U_Slow/count_reg[26]/C
                         clock pessimism              0.299    15.160    
                         clock uncertainty           -0.035    15.125    
    SLICE_X62Y48         FDCE (Setup_fdce_C_D)        0.075    15.200    U_Slow/count_reg[26]
  -------------------------------------------------------------------
                         required time                         15.200    
                         arrival time                          -9.559    
  -------------------------------------------------------------------
                         slack                                  5.641    

Slack (MET) :             5.712ns  (required time - arrival time)
  Source:                 U_Slow/count_reg[0]/C
                            (rising edge-triggered cell FDCE clocked by sys_clk_pin  {rise@0.000ns fall@5.000ns period=10.000ns})
  Destination:            U_Slow/count_reg[22]/D
                            (rising edge-triggered cell FDCE clocked by sys_clk_pin  {rise@0.000ns fall@5.000ns period=10.000ns})
  Path Group:             sys_clk_pin
  Path Type:              Setup (Max at Slow Process Corner)
  Requirement:            10.000ns  (sys_clk_pin rise@10.000ns - sys_clk_pin rise@0.000ns)
  Data Path Delay:        4.257ns  (logic 2.129ns (50.015%)  route 2.128ns (49.985%))
  Logic Levels:           7  (CARRY4=6 LUT5=1)
  Clock Path Skew:        -0.025ns (DCD - SCD + CPR)
    Destination Clock Delay (DCD):    4.861ns = ( 14.861 - 10.000 ) 
    Source Clock Delay      (SCD):    5.160ns
    Clock Pessimism Removal (CPR):    0.274ns
  Clock Uncertainty:      0.035ns  ((TSJ^2 + TIJ^2)^1/2 + DJ) / 2 + PE
    Total System Jitter     (TSJ):    0.071ns
    Total Input Jitter      (TIJ):    0.000ns
    Discrete Jitter          (DJ):    0.000ns
    Phase Error              (PE):    0.000ns

    Location             Delay type                Incr(ns)  Path(ns)    Netlist Resource(s)
  -------------------------------------------------------------------    -------------------
                         (clock sys_clk_pin rise edge)
                                                      0.000     0.000 r  
    W5                                                0.000     0.000 r  clk (IN)
                         net (fo=0)                   0.000     0.000    clk
    W5                   IBUF (Prop_ibuf_I_O)         1.458     1.458 r  clk_IBUF_inst/O
                         net (fo=1, routed)           1.967     3.425    clk_IBUF
    BUFGCTRL_X0Y0        BUFG (Prop_bufg_I_O)         0.096     3.521 r  clk_IBUF_BUFG_inst/O
                         net (fo=29, routed)          1.639     5.160    U_Slow/slow_reg_0
    SLICE_X62Y48         FDCE                                         r  U_Slow/count_reg[0]/C
  -------------------------------------------------------------------    -------------------
    SLICE_X62Y48         FDCE (Prop_fdce_C_Q)         0.456     5.616 r  U_Slow/count_reg[0]/Q
                         net (fo=30, routed)          1.326     6.942    U_Slow/count[0]
    SLICE_X63Y42         CARRY4 (Prop_carry4_CYINIT_CO[3])
                                                      0.580     7.522 r  U_Slow/plusOp_carry/CO[3]
                         net (fo=1, routed)           0.000     7.522    U_Slow/plusOp_carry_n_0
    SLICE_X63Y43         CARRY4 (Prop_carry4_CI_CO[3])
                                                      0.114     7.636 r  U_Slow/plusOp_carry__0/CO[3]
                         net (fo=1, routed)           0.000     7.636    U_Slow/plusOp_carry__0_n_0
    SLICE_X63Y44         CARRY4 (Prop_carry4_CI_CO[3])
                                                      0.114     7.750 r  U_Slow/plusOp_carry__1/CO[3]
                         net (fo=1, routed)           0.000     7.750    U_Slow/plusOp_carry__1_n_0
    SLICE_X63Y45         CARRY4 (Prop_carry4_CI_CO[3])
                                                      0.114     7.864 r  U_Slow/plusOp_carry__2/CO[3]
                         net (fo=1, routed)           0.000     7.864    U_Slow/plusOp_carry__2_n_0
    SLICE_X63Y46         CARRY4 (Prop_carry4_CI_CO[3])
                                                      0.114     7.978 r  U_Slow/plusOp_carry__3/CO[3]
                         net (fo=1, routed)           0.000     7.978    U_Slow/plusOp_carry__3_n_0
    SLICE_X63Y47         CARRY4 (Prop_carry4_CI_O[1])
                                                      0.334     8.312 r  U_Slow/plusOp_carry__4/O[1]
                         net (fo=1, routed)           0.802     9.114    U_Slow/data0[22]
    SLICE_X62Y47         LUT5 (Prop_lut5_I4_O)        0.303     9.417 r  U_Slow/count[22]_i_1/O
                         net (fo=1, routed)           0.000     9.417    U_Slow/count_0[22]
    SLICE_X62Y47         FDCE                                         r  U_Slow/count_reg[22]/D
  -------------------------------------------------------------------    -------------------

                         (clock sys_clk_pin rise edge)
                                                     10.000    10.000 r  
    W5                                                0.000    10.000 r  clk (IN)
                         net (fo=0)                   0.000    10.000    clk
    W5                   IBUF (Prop_ibuf_I_O)         1.388    11.388 r  clk_IBUF_inst/O
                         net (fo=1, routed)           1.862    13.250    clk_IBUF
    BUFGCTRL_X0Y0        BUFG (Prop_bufg_I_O)         0.091    13.341 r  clk_IBUF_BUFG_inst/O
                         net (fo=29, routed)          1.520    14.861    U_Slow/slow_reg_0
    SLICE_X62Y47         FDCE                                         r  U_Slow/count_reg[22]/C
                         clock pessimism              0.274    15.135    
                         clock uncertainty           -0.035    15.100    
    SLICE_X62Y47         FDCE (Setup_fdce_C_D)        0.029    15.129    U_Slow/count_reg[22]
  -------------------------------------------------------------------
                         required time                         15.129    
                         arrival time                          -9.417    
  -------------------------------------------------------------------
                         slack                                  5.712    

Slack (MET) :             5.825ns  (required time - arrival time)
  Source:                 U_Slow/count_reg[0]/C
                            (rising edge-triggered cell FDCE clocked by sys_clk_pin  {rise@0.000ns fall@5.000ns period=10.000ns})
  Destination:            U_Slow/count_reg[18]/D
                            (rising edge-triggered cell FDCE clocked by sys_clk_pin  {rise@0.000ns fall@5.000ns period=10.000ns})
  Path Group:             sys_clk_pin
  Path Type:              Setup (Max at Slow Process Corner)
  Requirement:            10.000ns  (sys_clk_pin rise@10.000ns - sys_clk_pin rise@0.000ns)
  Data Path Delay:        4.143ns  (logic 2.015ns (48.639%)  route 2.128ns (51.361%))
  Logic Levels:           6  (CARRY4=5 LUT5=1)
  Clock Path Skew:        -0.026ns (DCD - SCD + CPR)
    Destination Clock Delay (DCD):    4.860ns = ( 14.860 - 10.000 ) 
    Source Clock Delay      (SCD):    5.160ns
    Clock Pessimism Removal (CPR):    0.274ns
  Clock Uncertainty:      0.035ns  ((TSJ^2 + TIJ^2)^1/2 + DJ) / 2 + PE
    Total System Jitter     (TSJ):    0.071ns
    Total Input Jitter      (TIJ):    0.000ns
    Discrete Jitter          (DJ):    0.000ns
    Phase Error              (PE):    0.000ns

    Location             Delay type                Incr(ns)  Path(ns)    Netlist Resource(s)
  -------------------------------------------------------------------    -------------------
                         (clock sys_clk_pin rise edge)
                                                      0.000     0.000 r  
    W5                                                0.000     0.000 r  clk (IN)
                         net (fo=0)                   0.000     0.000    clk
    W5                   IBUF (Prop_ibuf_I_O)         1.458     1.458 r  clk_IBUF_inst/O
                         net (fo=1, routed)           1.967     3.425    clk_IBUF
    BUFGCTRL_X0Y0        BUFG (Prop_bufg_I_O)         0.096     3.521 r  clk_IBUF_BUFG_inst/O
                         net (fo=29, routed)          1.639     5.160    U_Slow/slow_reg_0
    SLICE_X62Y48         FDCE                                         r  U_Slow/count_reg[0]/C
  -------------------------------------------------------------------    -------------------
    SLICE_X62Y48         FDCE (Prop_fdce_C_Q)         0.456     5.616 r  U_Slow/count_reg[0]/Q
                         net (fo=30, routed)          1.326     6.942    U_Slow/count[0]
    SLICE_X63Y42         CARRY4 (Prop_carry4_CYINIT_CO[3])
                                                      0.580     7.522 r  U_Slow/plusOp_carry/CO[3]
                         net (fo=1, routed)           0.000     7.522    U_Slow/plusOp_carry_n_0
    SLICE_X63Y43         CARRY4 (Prop_carry4_CI_CO[3])
                                                      0.114     7.636 r  U_Slow/plusOp_carry__0/CO[3]
                         net (fo=1, routed)           0.000     7.636    U_Slow/plusOp_carry__0_n_0
    SLICE_X63Y44         CARRY4 (Prop_carry4_CI_CO[3])
                                                      0.114     7.750 r  U_Slow/plusOp_carry__1/CO[3]
                         net (fo=1, routed)           0.000     7.750    U_Slow/plusOp_carry__1_n_0
    SLICE_X63Y45         CARRY4 (Prop_carry4_CI_CO[3])
                                                      0.114     7.864 r  U_Slow/plusOp_carry__2/CO[3]
                         net (fo=1, routed)           0.000     7.864    U_Slow/plusOp_carry__2_n_0
    SLICE_X63Y46         CARRY4 (Prop_carry4_CI_O[1])
                                                      0.334     8.198 r  U_Slow/plusOp_carry__3/O[1]
                         net (fo=1, routed)           0.802     9.000    U_Slow/data0[18]
    SLICE_X62Y46         LUT5 (Prop_lut5_I4_O)        0.303     9.303 r  U_Slow/count[18]_i_1/O
                         net (fo=1, routed)           0.000     9.303    U_Slow/count_0[18]
    SLICE_X62Y46         FDCE                                         r  U_Slow/count_reg[18]/D
  -------------------------------------------------------------------    -------------------

                         (clock sys_clk_pin rise edge)
                                                     10.000    10.000 r  
    W5                                                0.000    10.000 r  clk (IN)
                         net (fo=0)                   0.000    10.000    clk
    W5                   IBUF (Prop_ibuf_I_O)         1.388    11.388 r  clk_IBUF_inst/O
                         net (fo=1, routed)           1.862    13.250    clk_IBUF
    BUFGCTRL_X0Y0        BUFG (Prop_bufg_I_O)         0.091    13.341 r  clk_IBUF_BUFG_inst/O
                         net (fo=29, routed)          1.519    14.860    U_Slow/slow_reg_0
    SLICE_X62Y46         FDCE                                         r  U_Slow/count_reg[18]/C
                         clock pessimism              0.274    15.134    
                         clock uncertainty           -0.035    15.099    
    SLICE_X62Y46         FDCE (Setup_fdce_C_D)        0.029    15.128    U_Slow/count_reg[18]
  -------------------------------------------------------------------
                         required time                         15.128    
                         arrival time                          -9.303    
  -------------------------------------------------------------------
                         slack                                  5.825    

Slack (MET) :             5.879ns  (required time - arrival time)
  Source:                 U_Slow/count_reg[0]/C
                            (rising edge-triggered cell FDCE clocked by sys_clk_pin  {rise@0.000ns fall@5.000ns period=10.000ns})
  Destination:            U_Slow/count_reg[21]/D
                            (rising edge-triggered cell FDCE clocked by sys_clk_pin  {rise@0.000ns fall@5.000ns period=10.000ns})
  Path Group:             sys_clk_pin
  Path Type:              Setup (Max at Slow Process Corner)
  Requirement:            10.000ns  (sys_clk_pin rise@10.000ns - sys_clk_pin rise@0.000ns)
  Data Path Delay:        4.138ns  (logic 2.013ns (48.651%)  route 2.125ns (51.349%))
  Logic Levels:           7  (CARRY4=6 LUT5=1)
  Clock Path Skew:        -0.025ns (DCD - SCD + CPR)
    Destination Clock Delay (DCD):    4.861ns = ( 14.861 - 10.000 ) 
    Source Clock Delay      (SCD):    5.160ns
    Clock Pessimism Removal (CPR):    0.274ns
  Clock Uncertainty:      0.035ns  ((TSJ^2 + TIJ^2)^1/2 + DJ) / 2 + PE
    Total System Jitter     (TSJ):    0.071ns
    Total Input Jitter      (TIJ):    0.000ns
    Discrete Jitter          (DJ):    0.000ns
    Phase Error              (PE):    0.000ns

    Location             Delay type                Incr(ns)  Path(ns)    Netlist Resource(s)
  -------------------------------------------------------------------    -------------------
                         (clock sys_clk_pin rise edge)
                                                      0.000     0.000 r  
    W5                                                0.000     0.000 r  clk (IN)
                         net (fo=0)                   0.000     0.000    clk
    W5                   IBUF (Prop_ibuf_I_O)         1.458     1.458 r  clk_IBUF_inst/O
                         net (fo=1, routed)           1.967     3.425    clk_IBUF
    BUFGCTRL_X0Y0        BUFG (Prop_bufg_I_O)         0.096     3.521 r  clk_IBUF_BUFG_inst/O
                         net (fo=29, routed)          1.639     5.160    U_Slow/slow_reg_0
    SLICE_X62Y48         FDCE                                         r  U_Slow/count_reg[0]/C
  -------------------------------------------------------------------    -------------------
    SLICE_X62Y48         FDCE (Prop_fdce_C_Q)         0.456     5.616 r  U_Slow/count_reg[0]/Q
                         net (fo=30, routed)          1.326     6.942    U_Slow/count[0]
    SLICE_X63Y42         CARRY4 (Prop_carry4_CYINIT_CO[3])
                                                      0.580     7.522 r  U_Slow/plusOp_carry/CO[3]
                         net (fo=1, routed)           0.000     7.522    U_Slow/plusOp_carry_n_0
    SLICE_X63Y43         CARRY4 (Prop_carry4_CI_CO[3])
                                                      0.114     7.636 r  U_Slow/plusOp_carry__0/CO[3]
                         net (fo=1, routed)           0.000     7.636    U_Slow/plusOp_carry__0_n_0
    SLICE_X63Y44         CARRY4 (Prop_carry4_CI_CO[3])
                                                      0.114     7.750 r  U_Slow/plusOp_carry__1/CO[3]
                         net (fo=1, routed)           0.000     7.750    U_Slow/plusOp_carry__1_n_0
    SLICE_X63Y45         CARRY4 (Prop_carry4_CI_CO[3])
                                                      0.114     7.864 r  U_Slow/plusOp_carry__2/CO[3]
                         net (fo=1, routed)           0.000     7.864    U_Slow/plusOp_carry__2_n_0
    SLICE_X63Y46         CARRY4 (Prop_carry4_CI_CO[3])
                                                      0.114     7.978 r  U_Slow/plusOp_carry__3/CO[3]
                         net (fo=1, routed)           0.000     7.978    U_Slow/plusOp_carry__3_n_0
    SLICE_X63Y47         CARRY4 (Prop_carry4_CI_O[0])
                                                      0.222     8.200 r  U_Slow/plusOp_carry__4/O[0]
                         net (fo=1, routed)           0.799     8.999    U_Slow/data0[21]
    SLICE_X64Y47         LUT5 (Prop_lut5_I4_O)        0.299     9.298 r  U_Slow/count[21]_i_1/O
                         net (fo=1, routed)           0.000     9.298    U_Slow/count_0[21]
    SLICE_X64Y47         FDCE                                         r  U_Slow/count_reg[21]/D
  -------------------------------------------------------------------    -------------------

                         (clock sys_clk_pin rise edge)
                                                     10.000    10.000 r  
    W5                                                0.000    10.000 r  clk (IN)
                         net (fo=0)                   0.000    10.000    clk
    W5                   IBUF (Prop_ibuf_I_O)         1.388    11.388 r  clk_IBUF_inst/O
                         net (fo=1, routed)           1.862    13.250    clk_IBUF
    BUFGCTRL_X0Y0        BUFG (Prop_bufg_I_O)         0.091    13.341 r  clk_IBUF_BUFG_inst/O
                         net (fo=29, routed)          1.520    14.861    U_Slow/slow_reg_0
    SLICE_X64Y47         FDCE                                         r  U_Slow/count_reg[21]/C
                         clock pessimism              0.274    15.135    
                         clock uncertainty           -0.035    15.100    
    SLICE_X64Y47         FDCE (Setup_fdce_C_D)        0.077    15.177    U_Slow/count_reg[21]
  -------------------------------------------------------------------
                         required time                         15.177    
                         arrival time                          -9.298    
  -------------------------------------------------------------------
                         slack                                  5.879    

Slack (MET) :             5.939ns  (required time - arrival time)
  Source:                 U_Slow/count_reg[0]/C
                            (rising edge-triggered cell FDCE clocked by sys_clk_pin  {rise@0.000ns fall@5.000ns period=10.000ns})
  Destination:            U_Slow/count_reg[14]/D
                            (rising edge-triggered cell FDCE clocked by sys_clk_pin  {rise@0.000ns fall@5.000ns period=10.000ns})
  Path Group:             sys_clk_pin
  Path Type:              Setup (Max at Slow Process Corner)
  Requirement:            10.000ns  (sys_clk_pin rise@10.000ns - sys_clk_pin rise@0.000ns)
  Data Path Delay:        4.029ns  (logic 1.901ns (47.186%)  route 2.128ns (52.814%))
  Logic Levels:           5  (CARRY4=4 LUT5=1)
  Clock Path Skew:        -0.026ns (DCD - SCD + CPR)
    Destination Clock Delay (DCD):    4.860ns = ( 14.860 - 10.000 ) 
    Source Clock Delay      (SCD):    5.160ns
    Clock Pessimism Removal (CPR):    0.274ns
  Clock Uncertainty:      0.035ns  ((TSJ^2 + TIJ^2)^1/2 + DJ) / 2 + PE
    Total System Jitter     (TSJ):    0.071ns
    Total Input Jitter      (TIJ):    0.000ns
    Discrete Jitter          (DJ):    0.000ns
    Phase Error              (PE):    0.000ns

    Location             Delay type                Incr(ns)  Path(ns)    Netlist Resource(s)
  -------------------------------------------------------------------    -------------------
                         (clock sys_clk_pin rise edge)
                                                      0.000     0.000 r  
    W5                                                0.000     0.000 r  clk (IN)
                         net (fo=0)                   0.000     0.000    clk
    W5                   IBUF (Prop_ibuf_I_O)         1.458     1.458 r  clk_IBUF_inst/O
                         net (fo=1, routed)           1.967     3.425    clk_IBUF
    BUFGCTRL_X0Y0        BUFG (Prop_bufg_I_O)         0.096     3.521 r  clk_IBUF_BUFG_inst/O
                         net (fo=29, routed)          1.639     5.160    U_Slow/slow_reg_0
    SLICE_X62Y48         FDCE                                         r  U_Slow/count_reg[0]/C
  -------------------------------------------------------------------    -------------------
    SLICE_X62Y48         FDCE (Prop_fdce_C_Q)         0.456     5.616 r  U_Slow/count_reg[0]/Q
                         net (fo=30, routed)          1.326     6.942    U_Slow/count[0]
    SLICE_X63Y42         CARRY4 (Prop_carry4_CYINIT_CO[3])
                                                      0.580     7.522 r  U_Slow/plusOp_carry/CO[3]
                         net (fo=1, routed)           0.000     7.522    U_Slow/plusOp_carry_n_0
    SLICE_X63Y43         CARRY4 (Prop_carry4_CI_CO[3])
                                                      0.114     7.636 r  U_Slow/plusOp_carry__0/CO[3]
                         net (fo=1, routed)           0.000     7.636    U_Slow/plusOp_carry__0_n_0
    SLICE_X63Y44         CARRY4 (Prop_carry4_CI_CO[3])
                                                      0.114     7.750 r  U_Slow/plusOp_carry__1/CO[3]
                         net (fo=1, routed)           0.000     7.750    U_Slow/plusOp_carry__1_n_0
    SLICE_X63Y45         CARRY4 (Prop_carry4_CI_O[1])
                                                      0.334     8.084 r  U_Slow/plusOp_carry__2/O[1]
                         net (fo=1, routed)           0.802     8.886    U_Slow/data0[14]
    SLICE_X62Y45         LUT5 (Prop_lut5_I4_O)        0.303     9.189 r  U_Slow/count[14]_i_1/O
                         net (fo=1, routed)           0.000     9.189    U_Slow/count_0[14]
    SLICE_X62Y45         FDCE                                         r  U_Slow/count_reg[14]/D
  -------------------------------------------------------------------    -------------------

                         (clock sys_clk_pin rise edge)
                                                     10.000    10.000 r  
    W5                                                0.000    10.000 r  clk (IN)
                         net (fo=0)                   0.000    10.000    clk
    W5                   IBUF (Prop_ibuf_I_O)         1.388    11.388 r  clk_IBUF_inst/O
                         net (fo=1, routed)           1.862    13.250    clk_IBUF
    BUFGCTRL_X0Y0        BUFG (Prop_bufg_I_O)         0.091    13.341 r  clk_IBUF_BUFG_inst/O
                         net (fo=29, routed)          1.519    14.860    U_Slow/slow_reg_0
    SLICE_X62Y45         FDCE                                         r  U_Slow/count_reg[14]/C
                         clock pessimism              0.274    15.134    
                         clock uncertainty           -0.035    15.099    
    SLICE_X62Y45         FDCE (Setup_fdce_C_D)        0.029    15.128    U_Slow/count_reg[14]
  -------------------------------------------------------------------
                         required time                         15.128    
                         arrival time                          -9.189    
  -------------------------------------------------------------------
                         slack                                  5.939    

Slack (MET) :             5.992ns  (required time - arrival time)
  Source:                 U_Slow/count_reg[0]/C
                            (rising edge-triggered cell FDCE clocked by sys_clk_pin  {rise@0.000ns fall@5.000ns period=10.000ns})
  Destination:            U_Slow/count_reg[17]/D
                            (rising edge-triggered cell FDCE clocked by sys_clk_pin  {rise@0.000ns fall@5.000ns period=10.000ns})
  Path Group:             sys_clk_pin
  Path Type:              Setup (Max at Slow Process Corner)
  Requirement:            10.000ns  (sys_clk_pin rise@10.000ns - sys_clk_pin rise@0.000ns)
  Data Path Delay:        4.024ns  (logic 1.899ns (47.196%)  route 2.125ns (52.804%))
  Logic Levels:           6  (CARRY4=5 LUT5=1)
  Clock Path Skew:        -0.026ns (DCD - SCD + CPR)
    Destination Clock Delay (DCD):    4.860ns = ( 14.860 - 10.000 ) 
    Source Clock Delay      (SCD):    5.160ns
    Clock Pessimism Removal (CPR):    0.274ns
  Clock Uncertainty:      0.035ns  ((TSJ^2 + TIJ^2)^1/2 + DJ) / 2 + PE
    Total System Jitter     (TSJ):    0.071ns
    Total Input Jitter      (TIJ):    0.000ns
    Discrete Jitter          (DJ):    0.000ns
    Phase Error              (PE):    0.000ns

    Location             Delay type                Incr(ns)  Path(ns)    Netlist Resource(s)
  -------------------------------------------------------------------    -------------------
                         (clock sys_clk_pin rise edge)
                                                      0.000     0.000 r  
    W5                                                0.000     0.000 r  clk (IN)
                         net (fo=0)                   0.000     0.000    clk
    W5                   IBUF (Prop_ibuf_I_O)         1.458     1.458 r  clk_IBUF_inst/O
                         net (fo=1, routed)           1.967     3.425    clk_IBUF
    BUFGCTRL_X0Y0        BUFG (Prop_bufg_I_O)         0.096     3.521 r  clk_IBUF_BUFG_inst/O
                         net (fo=29, routed)          1.639     5.160    U_Slow/slow_reg_0
    SLICE_X62Y48         FDCE                                         r  U_Slow/count_reg[0]/C
  -------------------------------------------------------------------    -------------------
    SLICE_X62Y48         FDCE (Prop_fdce_C_Q)         0.456     5.616 r  U_Slow/count_reg[0]/Q
                         net (fo=30, routed)          1.326     6.942    U_Slow/count[0]
    SLICE_X63Y42         CARRY4 (Prop_carry4_CYINIT_CO[3])
                                                      0.580     7.522 r  U_Slow/plusOp_carry/CO[3]
                         net (fo=1, routed)           0.000     7.522    U_Slow/plusOp_carry_n_0
    SLICE_X63Y43         CARRY4 (Prop_carry4_CI_CO[3])
                                                      0.114     7.636 r  U_Slow/plusOp_carry__0/CO[3]
                         net (fo=1, routed)           0.000     7.636    U_Slow/plusOp_carry__0_n_0
    SLICE_X63Y44         CARRY4 (Prop_carry4_CI_CO[3])
                                                      0.114     7.750 r  U_Slow/plusOp_carry__1/CO[3]
                         net (fo=1, routed)           0.000     7.750    U_Slow/plusOp_carry__1_n_0
    SLICE_X63Y45         CARRY4 (Prop_carry4_CI_CO[3])
                                                      0.114     7.864 r  U_Slow/plusOp_carry__2/CO[3]
                         net (fo=1, routed)           0.000     7.864    U_Slow/plusOp_carry__2_n_0
    SLICE_X63Y46         CARRY4 (Prop_carry4_CI_O[0])
                                                      0.222     8.086 r  U_Slow/plusOp_carry__3/O[0]
                         net (fo=1, routed)           0.799     8.885    U_Slow/data0[17]
    SLICE_X64Y46         LUT5 (Prop_lut5_I4_O)        0.299     9.184 r  U_Slow/count[17]_i_1/O
                         net (fo=1, routed)           0.000     9.184    U_Slow/count_0[17]
    SLICE_X64Y46         FDCE                                         r  U_Slow/count_reg[17]/D
  -------------------------------------------------------------------    -------------------

                         (clock sys_clk_pin rise edge)
                                                     10.000    10.000 r  
    W5                                                0.000    10.000 r  clk (IN)
                         net (fo=0)                   0.000    10.000    clk
    W5                   IBUF (Prop_ibuf_I_O)         1.388    11.388 r  clk_IBUF_inst/O
                         net (fo=1, routed)           1.862    13.250    clk_IBUF
    BUFGCTRL_X0Y0        BUFG (Prop_bufg_I_O)         0.091    13.341 r  clk_IBUF_BUFG_inst/O
                         net (fo=29, routed)          1.519    14.860    U_Slow/slow_reg_0
    SLICE_X64Y46         FDCE                                         r  U_Slow/count_reg[17]/C
                         clock pessimism              0.274    15.134    
                         clock uncertainty           -0.035    15.099    
    SLICE_X64Y46         FDCE (Setup_fdce_C_D)        0.077    15.176    U_Slow/count_reg[17]
  -------------------------------------------------------------------
                         required time                         15.176    
                         arrival time                          -9.184    
  -------------------------------------------------------------------
                         slack                                  5.992    

Slack (MET) :             6.040ns  (required time - arrival time)
  Source:                 U_Slow/count_reg[0]/C
                            (rising edge-triggered cell FDCE clocked by sys_clk_pin  {rise@0.000ns fall@5.000ns period=10.000ns})
  Destination:            U_Slow/count_reg[20]/D
                            (rising edge-triggered cell FDCE clocked by sys_clk_pin  {rise@0.000ns fall@5.000ns period=10.000ns})
  Path Group:             sys_clk_pin
  Path Type:              Setup (Max at Slow Process Corner)
  Requirement:            10.000ns  (sys_clk_pin rise@10.000ns - sys_clk_pin rise@0.000ns)
  Data Path Delay:        3.979ns  (logic 1.997ns (50.184%)  route 1.982ns (49.816%))
  Logic Levels:           6  (CARRY4=5 LUT5=1)
  Clock Path Skew:        -0.026ns (DCD - SCD + CPR)
    Destination Clock Delay (DCD):    4.860ns = ( 14.860 - 10.000 ) 
    Source Clock Delay      (SCD):    5.160ns
    Clock Pessimism Removal (CPR):    0.274ns
  Clock Uncertainty:      0.035ns  ((TSJ^2 + TIJ^2)^1/2 + DJ) / 2 + PE
    Total System Jitter     (TSJ):    0.071ns
    Total Input Jitter      (TIJ):    0.000ns
    Discrete Jitter          (DJ):    0.000ns
    Phase Error              (PE):    0.000ns

    Location             Delay type                Incr(ns)  Path(ns)    Netlist Resource(s)
  -------------------------------------------------------------------    -------------------
                         (clock sys_clk_pin rise edge)
                                                      0.000     0.000 r  
    W5                                                0.000     0.000 r  clk (IN)
                         net (fo=0)                   0.000     0.000    clk
    W5                   IBUF (Prop_ibuf_I_O)         1.458     1.458 r  clk_IBUF_inst/O
                         net (fo=1, routed)           1.967     3.425    clk_IBUF
    BUFGCTRL_X0Y0        BUFG (Prop_bufg_I_O)         0.096     3.521 r  clk_IBUF_BUFG_inst/O
                         net (fo=29, routed)          1.639     5.160    U_Slow/slow_reg_0
    SLICE_X62Y48         FDCE                                         r  U_Slow/count_reg[0]/C
  -------------------------------------------------------------------    -------------------
    SLICE_X62Y48         FDCE (Prop_fdce_C_Q)         0.456     5.616 r  U_Slow/count_reg[0]/Q
                         net (fo=30, routed)          1.326     6.942    U_Slow/count[0]
    SLICE_X63Y42         CARRY4 (Prop_carry4_CYINIT_CO[3])
                                                      0.580     7.522 r  U_Slow/plusOp_carry/CO[3]
                         net (fo=1, routed)           0.000     7.522    U_Slow/plusOp_carry_n_0
    SLICE_X63Y43         CARRY4 (Prop_carry4_CI_CO[3])
                                                      0.114     7.636 r  U_Slow/plusOp_carry__0/CO[3]
                         net (fo=1, routed)           0.000     7.636    U_Slow/plusOp_carry__0_n_0
    SLICE_X63Y44         CARRY4 (Prop_carry4_CI_CO[3])
                                                      0.114     7.750 r  U_Slow/plusOp_carry__1/CO[3]
                         net (fo=1, routed)           0.000     7.750    U_Slow/plusOp_carry__1_n_0
    SLICE_X63Y45         CARRY4 (Prop_carry4_CI_CO[3])
                                                      0.114     7.864 r  U_Slow/plusOp_carry__2/CO[3]
                         net (fo=1, routed)           0.000     7.864    U_Slow/plusOp_carry__2_n_0
    SLICE_X63Y46         CARRY4 (Prop_carry4_CI_O[3])
                                                      0.313     8.177 r  U_Slow/plusOp_carry__3/O[3]
                         net (fo=1, routed)           0.657     8.834    U_Slow/data0[20]
    SLICE_X64Y46         LUT5 (Prop_lut5_I4_O)        0.306     9.140 r  U_Slow/count[20]_i_1/O
                         net (fo=1, routed)           0.000     9.140    U_Slow/count_0[20]
    SLICE_X64Y46         FDCE                                         r  U_Slow/count_reg[20]/D
  -------------------------------------------------------------------    -------------------

                         (clock sys_clk_pin rise edge)
                                                     10.000    10.000 r  
    W5                                                0.000    10.000 r  clk (IN)
                         net (fo=0)                   0.000    10.000    clk
    W5                   IBUF (Prop_ibuf_I_O)         1.388    11.388 r  clk_IBUF_inst/O
                         net (fo=1, routed)           1.862    13.250    clk_IBUF
    BUFGCTRL_X0Y0        BUFG (Prop_bufg_I_O)         0.091    13.341 r  clk_IBUF_BUFG_inst/O
                         net (fo=29, routed)          1.519    14.860    U_Slow/slow_reg_0
    SLICE_X64Y46         FDCE                                         r  U_Slow/count_reg[20]/C
                         clock pessimism              0.274    15.134    
                         clock uncertainty           -0.035    15.099    
    SLICE_X64Y46         FDCE (Setup_fdce_C_D)        0.081    15.180    U_Slow/count_reg[20]
  -------------------------------------------------------------------
                         required time                         15.180    
                         arrival time                          -9.140    
  -------------------------------------------------------------------
                         slack                                  6.040    

Slack (MET) :             6.106ns  (required time - arrival time)
  Source:                 U_Slow/count_reg[0]/C
                            (rising edge-triggered cell FDCE clocked by sys_clk_pin  {rise@0.000ns fall@5.000ns period=10.000ns})
  Destination:            U_Slow/count_reg[13]/D
                            (rising edge-triggered cell FDCE clocked by sys_clk_pin  {rise@0.000ns fall@5.000ns period=10.000ns})
  Path Group:             sys_clk_pin
  Path Type:              Setup (Max at Slow Process Corner)
  Requirement:            10.000ns  (sys_clk_pin rise@10.000ns - sys_clk_pin rise@0.000ns)
  Data Path Delay:        3.910ns  (logic 1.785ns (45.657%)  route 2.125ns (54.343%))
  Logic Levels:           5  (CARRY4=4 LUT5=1)
  Clock Path Skew:        -0.026ns (DCD - SCD + CPR)
    Destination Clock Delay (DCD):    4.860ns = ( 14.860 - 10.000 ) 
    Source Clock Delay      (SCD):    5.160ns
    Clock Pessimism Removal (CPR):    0.274ns
  Clock Uncertainty:      0.035ns  ((TSJ^2 + TIJ^2)^1/2 + DJ) / 2 + PE
    Total System Jitter     (TSJ):    0.071ns
    Total Input Jitter      (TIJ):    0.000ns
    Discrete Jitter          (DJ):    0.000ns
    Phase Error              (PE):    0.000ns

    Location             Delay type                Incr(ns)  Path(ns)    Netlist Resource(s)
  -------------------------------------------------------------------    -------------------
                         (clock sys_clk_pin rise edge)
                                                      0.000     0.000 r  
    W5                                                0.000     0.000 r  clk (IN)
                         net (fo=0)                   0.000     0.000    clk
    W5                   IBUF (Prop_ibuf_I_O)         1.458     1.458 r  clk_IBUF_inst/O
                         net (fo=1, routed)           1.967     3.425    clk_IBUF
    BUFGCTRL_X0Y0        BUFG (Prop_bufg_I_O)         0.096     3.521 r  clk_IBUF_BUFG_inst/O
                         net (fo=29, routed)          1.639     5.160    U_Slow/slow_reg_0
    SLICE_X62Y48         FDCE                                         r  U_Slow/count_reg[0]/C
  -------------------------------------------------------------------    -------------------
    SLICE_X62Y48         FDCE (Prop_fdce_C_Q)         0.456     5.616 r  U_Slow/count_reg[0]/Q
                         net (fo=30, routed)          1.326     6.942    U_Slow/count[0]
    SLICE_X63Y42         CARRY4 (Prop_carry4_CYINIT_CO[3])
                                                      0.580     7.522 r  U_Slow/plusOp_carry/CO[3]
                         net (fo=1, routed)           0.000     7.522    U_Slow/plusOp_carry_n_0
    SLICE_X63Y43         CARRY4 (Prop_carry4_CI_CO[3])
                                                      0.114     7.636 r  U_Slow/plusOp_carry__0/CO[3]
                         net (fo=1, routed)           0.000     7.636    U_Slow/plusOp_carry__0_n_0
    SLICE_X63Y44         CARRY4 (Prop_carry4_CI_CO[3])
                                                      0.114     7.750 r  U_Slow/plusOp_carry__1/CO[3]
                         net (fo=1, routed)           0.000     7.750    U_Slow/plusOp_carry__1_n_0
    SLICE_X63Y45         CARRY4 (Prop_carry4_CI_O[0])
                                                      0.222     7.972 r  U_Slow/plusOp_carry__2/O[0]
                         net (fo=1, routed)           0.799     8.771    U_Slow/data0[13]
    SLICE_X64Y45         LUT5 (Prop_lut5_I4_O)        0.299     9.070 r  U_Slow/count[13]_i_1/O
                         net (fo=1, routed)           0.000     9.070    U_Slow/count_0[13]
    SLICE_X64Y45         FDCE                                         r  U_Slow/count_reg[13]/D
  -------------------------------------------------------------------    -------------------

                         (clock sys_clk_pin rise edge)
                                                     10.000    10.000 r  
    W5                                                0.000    10.000 r  clk (IN)
                         net (fo=0)                   0.000    10.000    clk
    W5                   IBUF (Prop_ibuf_I_O)         1.388    11.388 r  clk_IBUF_inst/O
                         net (fo=1, routed)           1.862    13.250    clk_IBUF
    BUFGCTRL_X0Y0        BUFG (Prop_bufg_I_O)         0.091    13.341 r  clk_IBUF_BUFG_inst/O
                         net (fo=29, routed)          1.519    14.860    U_Slow/slow_reg_0
    SLICE_X64Y45         FDCE                                         r  U_Slow/count_reg[13]/C
                         clock pessimism              0.274    15.134    
                         clock uncertainty           -0.035    15.099    
    SLICE_X64Y45         FDCE (Setup_fdce_C_D)        0.077    15.176    U_Slow/count_reg[13]
  -------------------------------------------------------------------
                         required time                         15.176    
                         arrival time                          -9.070    
  -------------------------------------------------------------------
                         slack                                  6.106    

Slack (MET) :             6.109ns  (required time - arrival time)
  Source:                 U_Slow/count_reg[0]/C
                            (rising edge-triggered cell FDCE clocked by sys_clk_pin  {rise@0.000ns fall@5.000ns period=10.000ns})
  Destination:            U_Slow/count_reg[25]/D
                            (rising edge-triggered cell FDCE clocked by sys_clk_pin  {rise@0.000ns fall@5.000ns period=10.000ns})
  Path Group:             sys_clk_pin
  Path Type:              Setup (Max at Slow Process Corner)
  Requirement:            10.000ns  (sys_clk_pin rise@10.000ns - sys_clk_pin rise@0.000ns)
  Data Path Delay:        3.886ns  (logic 2.127ns (54.730%)  route 1.759ns (45.270%))
  Logic Levels:           8  (CARRY4=7 LUT5=1)
  Clock Path Skew:        0.000ns (DCD - SCD + CPR)
    Destination Clock Delay (DCD):    4.861ns = ( 14.861 - 10.000 ) 
    Source Clock Delay      (SCD):    5.160ns
    Clock Pessimism Removal (CPR):    0.299ns
  Clock Uncertainty:      0.035ns  ((TSJ^2 + TIJ^2)^1/2 + DJ) / 2 + PE
    Total System Jitter     (TSJ):    0.071ns
    Total Input Jitter      (TIJ):    0.000ns
    Discrete Jitter          (DJ):    0.000ns
    Phase Error              (PE):    0.000ns

    Location             Delay type                Incr(ns)  Path(ns)    Netlist Resource(s)
  -------------------------------------------------------------------    -------------------
                         (clock sys_clk_pin rise edge)
                                                      0.000     0.000 r  
    W5                                                0.000     0.000 r  clk (IN)
                         net (fo=0)                   0.000     0.000    clk
    W5                   IBUF (Prop_ibuf_I_O)         1.458     1.458 r  clk_IBUF_inst/O
                         net (fo=1, routed)           1.967     3.425    clk_IBUF
    BUFGCTRL_X0Y0        BUFG (Prop_bufg_I_O)         0.096     3.521 r  clk_IBUF_BUFG_inst/O
                         net (fo=29, routed)          1.639     5.160    U_Slow/slow_reg_0
    SLICE_X62Y48         FDCE                                         r  U_Slow/count_reg[0]/C
  -------------------------------------------------------------------    -------------------
    SLICE_X62Y48         FDCE (Prop_fdce_C_Q)         0.456     5.616 r  U_Slow/count_reg[0]/Q
                         net (fo=30, routed)          1.326     6.942    U_Slow/count[0]
    SLICE_X63Y42         CARRY4 (Prop_carry4_CYINIT_CO[3])
                                                      0.580     7.522 r  U_Slow/plusOp_carry/CO[3]
                         net (fo=1, routed)           0.000     7.522    U_Slow/plusOp_carry_n_0
    SLICE_X63Y43         CARRY4 (Prop_carry4_CI_CO[3])
                                                      0.114     7.636 r  U_Slow/plusOp_carry__0/CO[3]
                         net (fo=1, routed)           0.000     7.636    U_Slow/plusOp_carry__0_n_0
    SLICE_X63Y44         CARRY4 (Prop_carry4_CI_CO[3])
                                                      0.114     7.750 r  U_Slow/plusOp_carry__1/CO[3]
                         net (fo=1, routed)           0.000     7.750    U_Slow/plusOp_carry__1_n_0
    SLICE_X63Y45         CARRY4 (Prop_carry4_CI_CO[3])
                                                      0.114     7.864 r  U_Slow/plusOp_carry__2/CO[3]
                         net (fo=1, routed)           0.000     7.864    U_Slow/plusOp_carry__2_n_0
    SLICE_X63Y46         CARRY4 (Prop_carry4_CI_CO[3])
                                                      0.114     7.978 r  U_Slow/plusOp_carry__3/CO[3]
                         net (fo=1, routed)           0.000     7.978    U_Slow/plusOp_carry__3_n_0
    SLICE_X63Y47         CARRY4 (Prop_carry4_CI_CO[3])
                                                      0.114     8.092 r  U_Slow/plusOp_carry__4/CO[3]
                         net (fo=1, routed)           0.000     8.092    U_Slow/plusOp_carry__4_n_0
    SLICE_X63Y48         CARRY4 (Prop_carry4_CI_O[0])
                                                      0.222     8.314 r  U_Slow/plusOp_carry__5/O[0]
                         net (fo=1, routed)           0.434     8.748    U_Slow/data0[25]
    SLICE_X62Y48         LUT5 (Prop_lut5_I4_O)        0.299     9.047 r  U_Slow/count[25]_i_1/O
                         net (fo=1, routed)           0.000     9.047    U_Slow/count_0[25]
    SLICE_X62Y48         FDCE                                         r  U_Slow/count_reg[25]/D
  -------------------------------------------------------------------    -------------------

                         (clock sys_clk_pin rise edge)
                                                     10.000    10.000 r  
    W5                                                0.000    10.000 r  clk (IN)
                         net (fo=0)                   0.000    10.000    clk
    W5                   IBUF (Prop_ibuf_I_O)         1.388    11.388 r  clk_IBUF_inst/O
                         net (fo=1, routed)           1.862    13.250    clk_IBUF
    BUFGCTRL_X0Y0        BUFG (Prop_bufg_I_O)         0.091    13.341 r  clk_IBUF_BUFG_inst/O
                         net (fo=29, routed)          1.520    14.861    U_Slow/slow_reg_0
    SLICE_X62Y48         FDCE                                         r  U_Slow/count_reg[25]/C
                         clock pessimism              0.299    15.160    
                         clock uncertainty           -0.035    15.125    
    SLICE_X62Y48         FDCE (Setup_fdce_C_D)        0.031    15.156    U_Slow/count_reg[25]
  -------------------------------------------------------------------
                         required time                         15.156    
                         arrival time                          -9.047    
  -------------------------------------------------------------------
                         slack                                  6.109    

Slack (MET) :             6.111ns  (required time - arrival time)
  Source:                 U_Slow/count_reg[0]/C
                            (rising edge-triggered cell FDCE clocked by sys_clk_pin  {rise@0.000ns fall@5.000ns period=10.000ns})
  Destination:            U_Slow/count_reg[23]/D
                            (rising edge-triggered cell FDCE clocked by sys_clk_pin  {rise@0.000ns fall@5.000ns period=10.000ns})
  Path Group:             sys_clk_pin
  Path Type:              Setup (Max at Slow Process Corner)
  Requirement:            10.000ns  (sys_clk_pin rise@10.000ns - sys_clk_pin rise@0.000ns)
  Data Path Delay:        3.860ns  (logic 2.033ns (52.668%)  route 1.827ns (47.332%))
  Logic Levels:           7  (CARRY4=6 LUT5=1)
  Clock Path Skew:        -0.025ns (DCD - SCD + CPR)
    Destination Clock Delay (DCD):    4.861ns = ( 14.861 - 10.000 ) 
    Source Clock Delay      (SCD):    5.160ns
    Clock Pessimism Removal (CPR):    0.274ns
  Clock Uncertainty:      0.035ns  ((TSJ^2 + TIJ^2)^1/2 + DJ) / 2 + PE
    Total System Jitter     (TSJ):    0.071ns
    Total Input Jitter      (TIJ):    0.000ns
    Discrete Jitter          (DJ):    0.000ns
    Phase Error              (PE):    0.000ns

    Location             Delay type                Incr(ns)  Path(ns)    Netlist Resource(s)
  -------------------------------------------------------------------    -------------------
                         (clock sys_clk_pin rise edge)
                                                      0.000     0.000 r  
    W5                                                0.000     0.000 r  clk (IN)
                         net (fo=0)                   0.000     0.000    clk
    W5                   IBUF (Prop_ibuf_I_O)         1.458     1.458 r  clk_IBUF_inst/O
                         net (fo=1, routed)           1.967     3.425    clk_IBUF
    BUFGCTRL_X0Y0        BUFG (Prop_bufg_I_O)         0.096     3.521 r  clk_IBUF_BUFG_inst/O
                         net (fo=29, routed)          1.639     5.160    U_Slow/slow_reg_0
    SLICE_X62Y48         FDCE                                         r  U_Slow/count_reg[0]/C
  -------------------------------------------------------------------    -------------------
    SLICE_X62Y48         FDCE (Prop_fdce_C_Q)         0.456     5.616 r  U_Slow/count_reg[0]/Q
                         net (fo=30, routed)          1.326     6.942    U_Slow/count[0]
    SLICE_X63Y42         CARRY4 (Prop_carry4_CYINIT_CO[3])
                                                      0.580     7.522 r  U_Slow/plusOp_carry/CO[3]
                         net (fo=1, routed)           0.000     7.522    U_Slow/plusOp_carry_n_0
    SLICE_X63Y43         CARRY4 (Prop_carry4_CI_CO[3])
                                                      0.114     7.636 r  U_Slow/plusOp_carry__0/CO[3]
                         net (fo=1, routed)           0.000     7.636    U_Slow/plusOp_carry__0_n_0
    SLICE_X63Y44         CARRY4 (Prop_carry4_CI_CO[3])
                                                      0.114     7.750 r  U_Slow/plusOp_carry__1/CO[3]
                         net (fo=1, routed)           0.000     7.750    U_Slow/plusOp_carry__1_n_0
    SLICE_X63Y45         CARRY4 (Prop_carry4_CI_CO[3])
                                                      0.114     7.864 r  U_Slow/plusOp_carry__2/CO[3]
                         net (fo=1, routed)           0.000     7.864    U_Slow/plusOp_carry__2_n_0
    SLICE_X63Y46         CARRY4 (Prop_carry4_CI_CO[3])
                                                      0.114     7.978 r  U_Slow/plusOp_carry__3/CO[3]
                         net (fo=1, routed)           0.000     7.978    U_Slow/plusOp_carry__3_n_0
    SLICE_X63Y47         CARRY4 (Prop_carry4_CI_O[2])
                                                      0.239     8.217 r  U_Slow/plusOp_carry__4/O[2]
                         net (fo=1, routed)           0.501     8.718    U_Slow/data0[23]
    SLICE_X62Y47         LUT5 (Prop_lut5_I4_O)        0.302     9.020 r  U_Slow/count[23]_i_1/O
                         net (fo=1, routed)           0.000     9.020    U_Slow/count_0[23]
    SLICE_X62Y47         FDCE                                         r  U_Slow/count_reg[23]/D
  -------------------------------------------------------------------    -------------------

                         (clock sys_clk_pin rise edge)
                                                     10.000    10.000 r  
    W5                                                0.000    10.000 r  clk (IN)
                         net (fo=0)                   0.000    10.000    clk
    W5                   IBUF (Prop_ibuf_I_O)         1.388    11.388 r  clk_IBUF_inst/O
                         net (fo=1, routed)           1.862    13.250    clk_IBUF
    BUFGCTRL_X0Y0        BUFG (Prop_bufg_I_O)         0.091    13.341 r  clk_IBUF_BUFG_inst/O
                         net (fo=29, routed)          1.520    14.861    U_Slow/slow_reg_0
    SLICE_X62Y47         FDCE                                         r  U_Slow/count_reg[23]/C
                         clock pessimism              0.274    15.135    
                         clock uncertainty           -0.035    15.100    
    SLICE_X62Y47         FDCE (Setup_fdce_C_D)        0.031    15.131    U_Slow/count_reg[23]
  -------------------------------------------------------------------
                         required time                         15.131    
                         arrival time                          -9.020    
  -------------------------------------------------------------------
                         slack                                  6.111    





Min Delay Paths
--------------------------------------------------------------------------------------
Slack (MET) :             0.289ns  (arrival time - required time)
  Source:                 U_Slow/slow_reg/C
                            (rising edge-triggered cell FDCE clocked by sys_clk_pin  {rise@0.000ns fall@5.000ns period=10.000ns})
  Destination:            U_Slow/slow_reg/D
                            (rising edge-triggered cell FDCE clocked by sys_clk_pin  {rise@0.000ns fall@5.000ns period=10.000ns})
  Path Group:             sys_clk_pin
  Path Type:              Hold (Min at Fast Process Corner)
  Requirement:            0.000ns  (sys_clk_pin rise@0.000ns - sys_clk_pin rise@0.000ns)
  Data Path Delay:        0.409ns  (logic 0.209ns (51.154%)  route 0.200ns (48.846%))
  Logic Levels:           1  (LUT5=1)
  Clock Path Skew:        0.000ns (DCD - SCD - CPR)
    Destination Clock Delay (DCD):    1.993ns
    Source Clock Delay      (SCD):    1.478ns
    Clock Pessimism Removal (CPR):    0.515ns

    Location             Delay type                Incr(ns)  Path(ns)    Netlist Resource(s)
  -------------------------------------------------------------------    -------------------
                         (clock sys_clk_pin rise edge)
                                                      0.000     0.000 r  
    W5                                                0.000     0.000 r  clk (IN)
                         net (fo=0)                   0.000     0.000    clk
    W5                   IBUF (Prop_ibuf_I_O)         0.226     0.226 r  clk_IBUF_inst/O
                         net (fo=1, routed)           0.631     0.858    clk_IBUF
    BUFGCTRL_X0Y0        BUFG (Prop_bufg_I_O)         0.026     0.884 r  clk_IBUF_BUFG_inst/O
                         net (fo=29, routed)          0.595     1.478    U_Slow/slow_reg_0
    SLICE_X64Y43         FDCE                                         r  U_Slow/slow_reg/C
  -------------------------------------------------------------------    -------------------
    SLICE_X64Y43         FDCE (Prop_fdce_C_Q)         0.164     1.642 r  U_Slow/slow_reg/Q
                         net (fo=12, routed)          0.200     1.842    U_Slow/CLK
    SLICE_X64Y43         LUT5 (Prop_lut5_I4_O)        0.045     1.887 r  U_Slow/slow_i_1/O
                         net (fo=1, routed)           0.000     1.887    U_Slow/slow_i_1_n_0
    SLICE_X64Y43         FDCE                                         r  U_Slow/slow_reg/D
  -------------------------------------------------------------------    -------------------

                         (clock sys_clk_pin rise edge)
                                                      0.000     0.000 r  
    W5                                                0.000     0.000 r  clk (IN)
                         net (fo=0)                   0.000     0.000    clk
    W5                   IBUF (Prop_ibuf_I_O)         0.414     0.414 r  clk_IBUF_inst/O
                         net (fo=1, routed)           0.685     1.099    clk_IBUF
    BUFGCTRL_X0Y0        BUFG (Prop_bufg_I_O)         0.029     1.128 r  clk_IBUF_BUFG_inst/O
                         net (fo=29, routed)          0.866     1.993    U_Slow/slow_reg_0
    SLICE_X64Y43         FDCE                                         r  U_Slow/slow_reg/C
                         clock pessimism             -0.515     1.478    
    SLICE_X64Y43         FDCE (Hold_fdce_C_D)         0.120     1.598    U_Slow/slow_reg
  -------------------------------------------------------------------
                         required time                         -1.598    
                         arrival time                           1.887    
  -------------------------------------------------------------------
                         slack                                  0.289    

Slack (MET) :             0.292ns  (arrival time - required time)
  Source:                 U_Slow/count_reg[0]/C
                            (rising edge-triggered cell FDCE clocked by sys_clk_pin  {rise@0.000ns fall@5.000ns period=10.000ns})
  Destination:            U_Slow/count_reg[25]/D
                            (rising edge-triggered cell FDCE clocked by sys_clk_pin  {rise@0.000ns fall@5.000ns period=10.000ns})
  Path Group:             sys_clk_pin
  Path Type:              Hold (Min at Fast Process Corner)
  Requirement:            0.000ns  (sys_clk_pin rise@0.000ns - sys_clk_pin rise@0.000ns)
  Data Path Delay:        0.384ns  (logic 0.186ns (48.419%)  route 0.198ns (51.581%))
  Logic Levels:           1  (LUT5=1)
  Clock Path Skew:        0.000ns (DCD - SCD - CPR)
    Destination Clock Delay (DCD):    1.994ns
    Source Clock Delay      (SCD):    1.479ns
    Clock Pessimism Removal (CPR):    0.515ns

    Location             Delay type                Incr(ns)  Path(ns)    Netlist Resource(s)
  -------------------------------------------------------------------    -------------------
                         (clock sys_clk_pin rise edge)
                                                      0.000     0.000 r  
    W5                                                0.000     0.000 r  clk (IN)
                         net (fo=0)                   0.000     0.000    clk
    W5                   IBUF (Prop_ibuf_I_O)         0.226     0.226 r  clk_IBUF_inst/O
                         net (fo=1, routed)           0.631     0.858    clk_IBUF
    BUFGCTRL_X0Y0        BUFG (Prop_bufg_I_O)         0.026     0.884 r  clk_IBUF_BUFG_inst/O
                         net (fo=29, routed)          0.596     1.479    U_Slow/slow_reg_0
    SLICE_X62Y48         FDCE                                         r  U_Slow/count_reg[0]/C
  -------------------------------------------------------------------    -------------------
    SLICE_X62Y48         FDCE (Prop_fdce_C_Q)         0.141     1.620 r  U_Slow/count_reg[0]/Q
                         net (fo=30, routed)          0.198     1.818    U_Slow/count[0]
    SLICE_X62Y48         LUT5 (Prop_lut5_I0_O)        0.045     1.863 r  U_Slow/count[25]_i_1/O
                         net (fo=1, routed)           0.000     1.863    U_Slow/count_0[25]
    SLICE_X62Y48         FDCE                                         r  U_Slow/count_reg[25]/D
  -------------------------------------------------------------------    -------------------

                         (clock sys_clk_pin rise edge)
                                                      0.000     0.000 r  
    W5                                                0.000     0.000 r  clk (IN)
                         net (fo=0)                   0.000     0.000    clk
    W5                   IBUF (Prop_ibuf_I_O)         0.414     0.414 r  clk_IBUF_inst/O
                         net (fo=1, routed)           0.685     1.099    clk_IBUF
    BUFGCTRL_X0Y0        BUFG (Prop_bufg_I_O)         0.029     1.128 r  clk_IBUF_BUFG_inst/O
                         net (fo=29, routed)          0.867     1.994    U_Slow/slow_reg_0
    SLICE_X62Y48         FDCE                                         r  U_Slow/count_reg[25]/C
                         clock pessimism             -0.515     1.479    
    SLICE_X62Y48         FDCE (Hold_fdce_C_D)         0.092     1.571    U_Slow/count_reg[25]
  -------------------------------------------------------------------
                         required time                         -1.571    
                         arrival time                           1.863    
  -------------------------------------------------------------------
                         slack                                  0.292    

Slack (MET) :             0.297ns  (arrival time - required time)
  Source:                 U_Slow/count_reg[0]/C
                            (rising edge-triggered cell FDCE clocked by sys_clk_pin  {rise@0.000ns fall@5.000ns period=10.000ns})
  Destination:            U_Slow/count_reg[23]/D
                            (rising edge-triggered cell FDCE clocked by sys_clk_pin  {rise@0.000ns fall@5.000ns period=10.000ns})
  Path Group:             sys_clk_pin
  Path Type:              Hold (Min at Fast Process Corner)
  Requirement:            0.000ns  (sys_clk_pin rise@0.000ns - sys_clk_pin rise@0.000ns)
  Data Path Delay:        0.405ns  (logic 0.186ns (45.937%)  route 0.219ns (54.063%))
  Logic Levels:           1  (LUT5=1)
  Clock Path Skew:        0.016ns (DCD - SCD - CPR)
    Destination Clock Delay (DCD):    1.994ns
    Source Clock Delay      (SCD):    1.479ns
    Clock Pessimism Removal (CPR):    0.499ns

    Location             Delay type                Incr(ns)  Path(ns)    Netlist Resource(s)
  -------------------------------------------------------------------    -------------------
                         (clock sys_clk_pin rise edge)
                                                      0.000     0.000 r  
    W5                                                0.000     0.000 r  clk (IN)
                         net (fo=0)                   0.000     0.000    clk
    W5                   IBUF (Prop_ibuf_I_O)         0.226     0.226 r  clk_IBUF_inst/O
                         net (fo=1, routed)           0.631     0.858    clk_IBUF
    BUFGCTRL_X0Y0        BUFG (Prop_bufg_I_O)         0.026     0.884 r  clk_IBUF_BUFG_inst/O
                         net (fo=29, routed)          0.596     1.479    U_Slow/slow_reg_0
    SLICE_X62Y48         FDCE                                         r  U_Slow/count_reg[0]/C
  -------------------------------------------------------------------    -------------------
    SLICE_X62Y48         FDCE (Prop_fdce_C_Q)         0.141     1.620 r  U_Slow/count_reg[0]/Q
                         net (fo=30, routed)          0.219     1.839    U_Slow/count[0]
    SLICE_X62Y47         LUT5 (Prop_lut5_I0_O)        0.045     1.884 r  U_Slow/count[23]_i_1/O
                         net (fo=1, routed)           0.000     1.884    U_Slow/count_0[23]
    SLICE_X62Y47         FDCE                                         r  U_Slow/count_reg[23]/D
  -------------------------------------------------------------------    -------------------

                         (clock sys_clk_pin rise edge)
                                                      0.000     0.000 r  
    W5                                                0.000     0.000 r  clk (IN)
                         net (fo=0)                   0.000     0.000    clk
    W5                   IBUF (Prop_ibuf_I_O)         0.414     0.414 r  clk_IBUF_inst/O
                         net (fo=1, routed)           0.685     1.099    clk_IBUF
    BUFGCTRL_X0Y0        BUFG (Prop_bufg_I_O)         0.029     1.128 r  clk_IBUF_BUFG_inst/O
                         net (fo=29, routed)          0.867     1.994    U_Slow/slow_reg_0
    SLICE_X62Y47         FDCE                                         r  U_Slow/count_reg[23]/C
                         clock pessimism             -0.499     1.495    
    SLICE_X62Y47         FDCE (Hold_fdce_C_D)         0.092     1.587    U_Slow/count_reg[23]
  -------------------------------------------------------------------
                         required time                         -1.587    
                         arrival time                           1.884    
  -------------------------------------------------------------------
                         slack                                  0.297    

Slack (MET) :             0.305ns  (arrival time - required time)
  Source:                 U_Slow/count_reg[0]/C
                            (rising edge-triggered cell FDCE clocked by sys_clk_pin  {rise@0.000ns fall@5.000ns period=10.000ns})
  Destination:            U_Slow/count_reg[20]/D
                            (rising edge-triggered cell FDCE clocked by sys_clk_pin  {rise@0.000ns fall@5.000ns period=10.000ns})
  Path Group:             sys_clk_pin
  Path Type:              Hold (Min at Fast Process Corner)
  Requirement:            0.000ns  (sys_clk_pin rise@0.000ns - sys_clk_pin rise@0.000ns)
  Data Path Delay:        0.441ns  (logic 0.186ns (42.140%)  route 0.255ns (57.860%))
  Logic Levels:           1  (LUT5=1)
  Clock Path Skew:        0.015ns (DCD - SCD - CPR)
    Destination Clock Delay (DCD):    1.993ns
    Source Clock Delay      (SCD):    1.479ns
    Clock Pessimism Removal (CPR):    0.499ns

    Location             Delay type                Incr(ns)  Path(ns)    Netlist Resource(s)
  -------------------------------------------------------------------    -------------------
                         (clock sys_clk_pin rise edge)
                                                      0.000     0.000 r  
    W5                                                0.000     0.000 r  clk (IN)
                         net (fo=0)                   0.000     0.000    clk
    W5                   IBUF (Prop_ibuf_I_O)         0.226     0.226 r  clk_IBUF_inst/O
                         net (fo=1, routed)           0.631     0.858    clk_IBUF
    BUFGCTRL_X0Y0        BUFG (Prop_bufg_I_O)         0.026     0.884 r  clk_IBUF_BUFG_inst/O
                         net (fo=29, routed)          0.596     1.479    U_Slow/slow_reg_0
    SLICE_X62Y48         FDCE                                         r  U_Slow/count_reg[0]/C
  -------------------------------------------------------------------    -------------------
    SLICE_X62Y48         FDCE (Prop_fdce_C_Q)         0.141     1.620 r  U_Slow/count_reg[0]/Q
                         net (fo=30, routed)          0.255     1.876    U_Slow/count[0]
    SLICE_X64Y46         LUT5 (Prop_lut5_I0_O)        0.045     1.921 r  U_Slow/count[20]_i_1/O
                         net (fo=1, routed)           0.000     1.921    U_Slow/count_0[20]
    SLICE_X64Y46         FDCE                                         r  U_Slow/count_reg[20]/D
  -------------------------------------------------------------------    -------------------

                         (clock sys_clk_pin rise edge)
                                                      0.000     0.000 r  
    W5                                                0.000     0.000 r  clk (IN)
                         net (fo=0)                   0.000     0.000    clk
    W5                   IBUF (Prop_ibuf_I_O)         0.414     0.414 r  clk_IBUF_inst/O
                         net (fo=1, routed)           0.685     1.099    clk_IBUF
    BUFGCTRL_X0Y0        BUFG (Prop_bufg_I_O)         0.029     1.128 r  clk_IBUF_BUFG_inst/O
                         net (fo=29, routed)          0.866     1.993    U_Slow/slow_reg_0
    SLICE_X64Y46         FDCE                                         r  U_Slow/count_reg[20]/C
                         clock pessimism             -0.499     1.494    
    SLICE_X64Y46         FDCE (Hold_fdce_C_D)         0.121     1.615    U_Slow/count_reg[20]
  -------------------------------------------------------------------
                         required time                         -1.615    
                         arrival time                           1.921    
  -------------------------------------------------------------------
                         slack                                  0.305    

Slack (MET) :             0.305ns  (arrival time - required time)
  Source:                 U_Slow/count_reg[0]/C
                            (rising edge-triggered cell FDCE clocked by sys_clk_pin  {rise@0.000ns fall@5.000ns period=10.000ns})
  Destination:            U_Slow/count_reg[21]/D
                            (rising edge-triggered cell FDCE clocked by sys_clk_pin  {rise@0.000ns fall@5.000ns period=10.000ns})
  Path Group:             sys_clk_pin
  Path Type:              Hold (Min at Fast Process Corner)
  Requirement:            0.000ns  (sys_clk_pin rise@0.000ns - sys_clk_pin rise@0.000ns)
  Data Path Delay:        0.441ns  (logic 0.186ns (42.135%)  route 0.255ns (57.865%))
  Logic Levels:           1  (LUT5=1)
  Clock Path Skew:        0.016ns (DCD - SCD - CPR)
    Destination Clock Delay (DCD):    1.994ns
    Source Clock Delay      (SCD):    1.479ns
    Clock Pessimism Removal (CPR):    0.499ns

    Location             Delay type                Incr(ns)  Path(ns)    Netlist Resource(s)
  -------------------------------------------------------------------    -------------------
                         (clock sys_clk_pin rise edge)
                                                      0.000     0.000 r  
    W5                                                0.000     0.000 r  clk (IN)
                         net (fo=0)                   0.000     0.000    clk
    W5                   IBUF (Prop_ibuf_I_O)         0.226     0.226 r  clk_IBUF_inst/O
                         net (fo=1, routed)           0.631     0.858    clk_IBUF
    BUFGCTRL_X0Y0        BUFG (Prop_bufg_I_O)         0.026     0.884 r  clk_IBUF_BUFG_inst/O
                         net (fo=29, routed)          0.596     1.479    U_Slow/slow_reg_0
    SLICE_X62Y48         FDCE                                         r  U_Slow/count_reg[0]/C
  -------------------------------------------------------------------    -------------------
    SLICE_X62Y48         FDCE (Prop_fdce_C_Q)         0.141     1.620 r  U_Slow/count_reg[0]/Q
                         net (fo=30, routed)          0.255     1.876    U_Slow/count[0]
    SLICE_X64Y47         LUT5 (Prop_lut5_I0_O)        0.045     1.921 r  U_Slow/count[21]_i_1/O
                         net (fo=1, routed)           0.000     1.921    U_Slow/count_0[21]
    SLICE_X64Y47         FDCE                                         r  U_Slow/count_reg[21]/D
  -------------------------------------------------------------------    -------------------

                         (clock sys_clk_pin rise edge)
                                                      0.000     0.000 r  
    W5                                                0.000     0.000 r  clk (IN)
                         net (fo=0)                   0.000     0.000    clk
    W5                   IBUF (Prop_ibuf_I_O)         0.414     0.414 r  clk_IBUF_inst/O
                         net (fo=1, routed)           0.685     1.099    clk_IBUF
    BUFGCTRL_X0Y0        BUFG (Prop_bufg_I_O)         0.029     1.128 r  clk_IBUF_BUFG_inst/O
                         net (fo=29, routed)          0.867     1.994    U_Slow/slow_reg_0
    SLICE_X64Y47         FDCE                                         r  U_Slow/count_reg[21]/C
                         clock pessimism             -0.499     1.495    
    SLICE_X64Y47         FDCE (Hold_fdce_C_D)         0.120     1.615    U_Slow/count_reg[21]
  -------------------------------------------------------------------
                         required time                         -1.615    
                         arrival time                           1.921    
  -------------------------------------------------------------------
                         slack                                  0.305    

Slack (MET) :             0.331ns  (arrival time - required time)
  Source:                 U_Slow/count_reg[0]/C
                            (rising edge-triggered cell FDCE clocked by sys_clk_pin  {rise@0.000ns fall@5.000ns period=10.000ns})
  Destination:            U_Slow/count_reg[19]/D
                            (rising edge-triggered cell FDCE clocked by sys_clk_pin  {rise@0.000ns fall@5.000ns period=10.000ns})
  Path Group:             sys_clk_pin
  Path Type:              Hold (Min at Fast Process Corner)
  Requirement:            0.000ns  (sys_clk_pin rise@0.000ns - sys_clk_pin rise@0.000ns)
  Data Path Delay:        0.438ns  (logic 0.186ns (42.420%)  route 0.252ns (57.580%))
  Logic Levels:           1  (LUT5=1)
  Clock Path Skew:        0.015ns (DCD - SCD - CPR)
    Destination Clock Delay (DCD):    1.993ns
    Source Clock Delay      (SCD):    1.479ns
    Clock Pessimism Removal (CPR):    0.499ns

    Location             Delay type                Incr(ns)  Path(ns)    Netlist Resource(s)
  -------------------------------------------------------------------    -------------------
                         (clock sys_clk_pin rise edge)
                                                      0.000     0.000 r  
    W5                                                0.000     0.000 r  clk (IN)
                         net (fo=0)                   0.000     0.000    clk
    W5                   IBUF (Prop_ibuf_I_O)         0.226     0.226 r  clk_IBUF_inst/O
                         net (fo=1, routed)           0.631     0.858    clk_IBUF
    BUFGCTRL_X0Y0        BUFG (Prop_bufg_I_O)         0.026     0.884 r  clk_IBUF_BUFG_inst/O
                         net (fo=29, routed)          0.596     1.479    U_Slow/slow_reg_0
    SLICE_X62Y48         FDCE                                         r  U_Slow/count_reg[0]/C
  -------------------------------------------------------------------    -------------------
    SLICE_X62Y48         FDCE (Prop_fdce_C_Q)         0.141     1.620 r  U_Slow/count_reg[0]/Q
                         net (fo=30, routed)          0.252     1.873    U_Slow/count[0]
    SLICE_X62Y46         LUT5 (Prop_lut5_I0_O)        0.045     1.918 r  U_Slow/count[19]_i_1/O
                         net (fo=1, routed)           0.000     1.918    U_Slow/count_0[19]
    SLICE_X62Y46         FDCE                                         r  U_Slow/count_reg[19]/D
  -------------------------------------------------------------------    -------------------

                         (clock sys_clk_pin rise edge)
                                                      0.000     0.000 r  
    W5                                                0.000     0.000 r  clk (IN)
                         net (fo=0)                   0.000     0.000    clk
    W5                   IBUF (Prop_ibuf_I_O)         0.414     0.414 r  clk_IBUF_inst/O
                         net (fo=1, routed)           0.685     1.099    clk_IBUF
    BUFGCTRL_X0Y0        BUFG (Prop_bufg_I_O)         0.029     1.128 r  clk_IBUF_BUFG_inst/O
                         net (fo=29, routed)          0.866     1.993    U_Slow/slow_reg_0
    SLICE_X62Y46         FDCE                                         r  U_Slow/count_reg[19]/C
                         clock pessimism             -0.499     1.494    
    SLICE_X62Y46         FDCE (Hold_fdce_C_D)         0.092     1.586    U_Slow/count_reg[19]
  -------------------------------------------------------------------
                         required time                         -1.586    
                         arrival time                           1.918    
  -------------------------------------------------------------------
                         slack                                  0.331    

Slack (MET) :             0.365ns  (arrival time - required time)
  Source:                 U_Slow/count_reg[14]/C
                            (rising edge-triggered cell FDCE clocked by sys_clk_pin  {rise@0.000ns fall@5.000ns period=10.000ns})
  Destination:            U_Slow/count_reg[13]/D
                            (rising edge-triggered cell FDCE clocked by sys_clk_pin  {rise@0.000ns fall@5.000ns period=10.000ns})
  Path Group:             sys_clk_pin
  Path Type:              Hold (Min at Fast Process Corner)
  Requirement:            0.000ns  (sys_clk_pin rise@0.000ns - sys_clk_pin rise@0.000ns)
  Data Path Delay:        0.501ns  (logic 0.231ns (46.142%)  route 0.270ns (53.858%))
  Logic Levels:           2  (LUT5=2)
  Clock Path Skew:        0.016ns (DCD - SCD - CPR)
    Destination Clock Delay (DCD):    1.993ns
    Source Clock Delay      (SCD):    1.478ns
    Clock Pessimism Removal (CPR):    0.499ns

    Location             Delay type                Incr(ns)  Path(ns)    Netlist Resource(s)
  -------------------------------------------------------------------    -------------------
                         (clock sys_clk_pin rise edge)
                                                      0.000     0.000 r  
    W5                                                0.000     0.000 r  clk (IN)
                         net (fo=0)                   0.000     0.000    clk
    W5                   IBUF (Prop_ibuf_I_O)         0.226     0.226 r  clk_IBUF_inst/O
                         net (fo=1, routed)           0.631     0.858    clk_IBUF
    BUFGCTRL_X0Y0        BUFG (Prop_bufg_I_O)         0.026     0.884 r  clk_IBUF_BUFG_inst/O
                         net (fo=29, routed)          0.595     1.478    U_Slow/slow_reg_0
    SLICE_X62Y45         FDCE                                         r  U_Slow/count_reg[14]/C
  -------------------------------------------------------------------    -------------------
    SLICE_X62Y45         FDCE (Prop_fdce_C_Q)         0.141     1.619 f  U_Slow/count_reg[14]/Q
                         net (fo=2, routed)           0.135     1.754    U_Slow/count[14]
    SLICE_X62Y45         LUT5 (Prop_lut5_I3_O)        0.045     1.799 r  U_Slow/count[27]_i_2/O
                         net (fo=29, routed)          0.135     1.934    U_Slow/count[27]_i_2_n_0
    SLICE_X64Y45         LUT5 (Prop_lut5_I1_O)        0.045     1.979 r  U_Slow/count[13]_i_1/O
                         net (fo=1, routed)           0.000     1.979    U_Slow/count_0[13]
    SLICE_X64Y45         FDCE                                         r  U_Slow/count_reg[13]/D
  -------------------------------------------------------------------    -------------------

                         (clock sys_clk_pin rise edge)
                                                      0.000     0.000 r  
    W5                                                0.000     0.000 r  clk (IN)
                         net (fo=0)                   0.000     0.000    clk
    W5                   IBUF (Prop_ibuf_I_O)         0.414     0.414 r  clk_IBUF_inst/O
                         net (fo=1, routed)           0.685     1.099    clk_IBUF
    BUFGCTRL_X0Y0        BUFG (Prop_bufg_I_O)         0.029     1.128 r  clk_IBUF_BUFG_inst/O
                         net (fo=29, routed)          0.866     1.993    U_Slow/slow_reg_0
    SLICE_X64Y45         FDCE                                         r  U_Slow/count_reg[13]/C
                         clock pessimism             -0.499     1.494    
    SLICE_X64Y45         FDCE (Hold_fdce_C_D)         0.120     1.614    U_Slow/count_reg[13]
  -------------------------------------------------------------------
                         required time                         -1.614    
                         arrival time                           1.979    
  -------------------------------------------------------------------
                         slack                                  0.365    

Slack (MET) :             0.369ns  (arrival time - required time)
  Source:                 U_Slow/count_reg[0]/C
                            (rising edge-triggered cell FDCE clocked by sys_clk_pin  {rise@0.000ns fall@5.000ns period=10.000ns})
  Destination:            U_Slow/count_reg[22]/D
                            (rising edge-triggered cell FDCE clocked by sys_clk_pin  {rise@0.000ns fall@5.000ns period=10.000ns})
  Path Group:             sys_clk_pin
  Path Type:              Hold (Min at Fast Process Corner)
  Requirement:            0.000ns  (sys_clk_pin rise@0.000ns - sys_clk_pin rise@0.000ns)
  Data Path Delay:        0.476ns  (logic 0.186ns (39.071%)  route 0.290ns (60.929%))
  Logic Levels:           1  (LUT5=1)
  Clock Path Skew:        0.016ns (DCD - SCD - CPR)
    Destination Clock Delay (DCD):    1.994ns
    Source Clock Delay      (SCD):    1.479ns
    Clock Pessimism Removal (CPR):    0.499ns

    Location             Delay type                Incr(ns)  Path(ns)    Netlist Resource(s)
  -------------------------------------------------------------------    -------------------
                         (clock sys_clk_pin rise edge)
                                                      0.000     0.000 r  
    W5                                                0.000     0.000 r  clk (IN)
                         net (fo=0)                   0.000     0.000    clk
    W5                   IBUF (Prop_ibuf_I_O)         0.226     0.226 r  clk_IBUF_inst/O
                         net (fo=1, routed)           0.631     0.858    clk_IBUF
    BUFGCTRL_X0Y0        BUFG (Prop_bufg_I_O)         0.026     0.884 r  clk_IBUF_BUFG_inst/O
                         net (fo=29, routed)          0.596     1.479    U_Slow/slow_reg_0
    SLICE_X62Y48         FDCE                                         r  U_Slow/count_reg[0]/C
  -------------------------------------------------------------------    -------------------
    SLICE_X62Y48         FDCE (Prop_fdce_C_Q)         0.141     1.620 r  U_Slow/count_reg[0]/Q
                         net (fo=30, routed)          0.290     1.910    U_Slow/count[0]
    SLICE_X62Y47         LUT5 (Prop_lut5_I0_O)        0.045     1.955 r  U_Slow/count[22]_i_1/O
                         net (fo=1, routed)           0.000     1.955    U_Slow/count_0[22]
    SLICE_X62Y47         FDCE                                         r  U_Slow/count_reg[22]/D
  -------------------------------------------------------------------    -------------------

                         (clock sys_clk_pin rise edge)
                                                      0.000     0.000 r  
    W5                                                0.000     0.000 r  clk (IN)
                         net (fo=0)                   0.000     0.000    clk
    W5                   IBUF (Prop_ibuf_I_O)         0.414     0.414 r  clk_IBUF_inst/O
                         net (fo=1, routed)           0.685     1.099    clk_IBUF
    BUFGCTRL_X0Y0        BUFG (Prop_bufg_I_O)         0.029     1.128 r  clk_IBUF_BUFG_inst/O
                         net (fo=29, routed)          0.867     1.994    U_Slow/slow_reg_0
    SLICE_X62Y47         FDCE                                         r  U_Slow/count_reg[22]/C
                         clock pessimism             -0.499     1.495    
    SLICE_X62Y47         FDCE (Hold_fdce_C_D)         0.091     1.586    U_Slow/count_reg[22]
  -------------------------------------------------------------------
                         required time                         -1.586    
                         arrival time                           1.955    
  -------------------------------------------------------------------
                         slack                                  0.369    

Slack (MET) :             0.378ns  (arrival time - required time)
  Source:                 U_Slow/count_reg[0]/C
                            (rising edge-triggered cell FDCE clocked by sys_clk_pin  {rise@0.000ns fall@5.000ns period=10.000ns})
  Destination:            U_Slow/count_reg[17]/D
                            (rising edge-triggered cell FDCE clocked by sys_clk_pin  {rise@0.000ns fall@5.000ns period=10.000ns})
  Path Group:             sys_clk_pin
  Path Type:              Hold (Min at Fast Process Corner)
  Requirement:            0.000ns  (sys_clk_pin rise@0.000ns - sys_clk_pin rise@0.000ns)
  Data Path Delay:        0.513ns  (logic 0.186ns (36.230%)  route 0.327ns (63.770%))
  Logic Levels:           1  (LUT5=1)
  Clock Path Skew:        0.015ns (DCD - SCD - CPR)
    Destination Clock Delay (DCD):    1.993ns
    Source Clock Delay      (SCD):    1.479ns
    Clock Pessimism Removal (CPR):    0.499ns

    Location             Delay type                Incr(ns)  Path(ns)    Netlist Resource(s)
  -------------------------------------------------------------------    -------------------
                         (clock sys_clk_pin rise edge)
                                                      0.000     0.000 r  
    W5                                                0.000     0.000 r  clk (IN)
                         net (fo=0)                   0.000     0.000    clk
    W5                   IBUF (Prop_ibuf_I_O)         0.226     0.226 r  clk_IBUF_inst/O
                         net (fo=1, routed)           0.631     0.858    clk_IBUF
    BUFGCTRL_X0Y0        BUFG (Prop_bufg_I_O)         0.026     0.884 r  clk_IBUF_BUFG_inst/O
                         net (fo=29, routed)          0.596     1.479    U_Slow/slow_reg_0
    SLICE_X62Y48         FDCE                                         r  U_Slow/count_reg[0]/C
  -------------------------------------------------------------------    -------------------
    SLICE_X62Y48         FDCE (Prop_fdce_C_Q)         0.141     1.620 r  U_Slow/count_reg[0]/Q
                         net (fo=30, routed)          0.327     1.948    U_Slow/count[0]
    SLICE_X64Y46         LUT5 (Prop_lut5_I0_O)        0.045     1.993 r  U_Slow/count[17]_i_1/O
                         net (fo=1, routed)           0.000     1.993    U_Slow/count_0[17]
    SLICE_X64Y46         FDCE                                         r  U_Slow/count_reg[17]/D
  -------------------------------------------------------------------    -------------------

                         (clock sys_clk_pin rise edge)
                                                      0.000     0.000 r  
    W5                                                0.000     0.000 r  clk (IN)
                         net (fo=0)                   0.000     0.000    clk
    W5                   IBUF (Prop_ibuf_I_O)         0.414     0.414 r  clk_IBUF_inst/O
                         net (fo=1, routed)           0.685     1.099    clk_IBUF
    BUFGCTRL_X0Y0        BUFG (Prop_bufg_I_O)         0.029     1.128 r  clk_IBUF_BUFG_inst/O
                         net (fo=29, routed)          0.866     1.993    U_Slow/slow_reg_0
    SLICE_X64Y46         FDCE                                         r  U_Slow/count_reg[17]/C
                         clock pessimism             -0.499     1.494    
    SLICE_X64Y46         FDCE (Hold_fdce_C_D)         0.120     1.614    U_Slow/count_reg[17]
  -------------------------------------------------------------------
                         required time                         -1.614    
                         arrival time                           1.993    
  -------------------------------------------------------------------
                         slack                                  0.378    

Slack (MET) :             0.404ns  (arrival time - required time)
  Source:                 U_Slow/count_reg[14]/C
                            (rising edge-triggered cell FDCE clocked by sys_clk_pin  {rise@0.000ns fall@5.000ns period=10.000ns})
  Destination:            U_Slow/count_reg[18]/D
                            (rising edge-triggered cell FDCE clocked by sys_clk_pin  {rise@0.000ns fall@5.000ns period=10.000ns})
  Path Group:             sys_clk_pin
  Path Type:              Hold (Min at Fast Process Corner)
  Requirement:            0.000ns  (sys_clk_pin rise@0.000ns - sys_clk_pin rise@0.000ns)
  Data Path Delay:        0.511ns  (logic 0.231ns (45.190%)  route 0.280ns (54.810%))
  Logic Levels:           2  (LUT5=2)
  Clock Path Skew:        0.016ns (DCD - SCD - CPR)
    Destination Clock Delay (DCD):    1.993ns
    Source Clock Delay      (SCD):    1.478ns
    Clock Pessimism Removal (CPR):    0.499ns

    Location             Delay type                Incr(ns)  Path(ns)    Netlist Resource(s)
  -------------------------------------------------------------------    -------------------
                         (clock sys_clk_pin rise edge)
                                                      0.000     0.000 r  
    W5                                                0.000     0.000 r  clk (IN)
                         net (fo=0)                   0.000     0.000    clk
    W5                   IBUF (Prop_ibuf_I_O)         0.226     0.226 r  clk_IBUF_inst/O
                         net (fo=1, routed)           0.631     0.858    clk_IBUF
    BUFGCTRL_X0Y0        BUFG (Prop_bufg_I_O)         0.026     0.884 r  clk_IBUF_BUFG_inst/O
                         net (fo=29, routed)          0.595     1.478    U_Slow/slow_reg_0
    SLICE_X62Y45         FDCE                                         r  U_Slow/count_reg[14]/C
  -------------------------------------------------------------------    -------------------
    SLICE_X62Y45         FDCE (Prop_fdce_C_Q)         0.141     1.619 f  U_Slow/count_reg[14]/Q
                         net (fo=2, routed)           0.135     1.754    U_Slow/count[14]
    SLICE_X62Y45         LUT5 (Prop_lut5_I3_O)        0.045     1.799 r  U_Slow/count[27]_i_2/O
                         net (fo=29, routed)          0.145     1.944    U_Slow/count[27]_i_2_n_0
    SLICE_X62Y46         LUT5 (Prop_lut5_I1_O)        0.045     1.989 r  U_Slow/count[18]_i_1/O
                         net (fo=1, routed)           0.000     1.989    U_Slow/count_0[18]
    SLICE_X62Y46         FDCE                                         r  U_Slow/count_reg[18]/D
  -------------------------------------------------------------------    -------------------

                         (clock sys_clk_pin rise edge)
                                                      0.000     0.000 r  
    W5                                                0.000     0.000 r  clk (IN)
                         net (fo=0)                   0.000     0.000    clk
    W5                   IBUF (Prop_ibuf_I_O)         0.414     0.414 r  clk_IBUF_inst/O
                         net (fo=1, routed)           0.685     1.099    clk_IBUF
    BUFGCTRL_X0Y0        BUFG (Prop_bufg_I_O)         0.029     1.128 r  clk_IBUF_BUFG_inst/O
                         net (fo=29, routed)          0.866     1.993    U_Slow/slow_reg_0
    SLICE_X62Y46         FDCE                                         r  U_Slow/count_reg[18]/C
                         clock pessimism             -0.499     1.494    
    SLICE_X62Y46         FDCE (Hold_fdce_C_D)         0.091     1.585    U_Slow/count_reg[18]
  -------------------------------------------------------------------
                         required time                         -1.585    
                         arrival time                           1.989    
  -------------------------------------------------------------------
                         slack                                  0.404    





Pulse Width Checks
--------------------------------------------------------------------------------------
Clock Name:         sys_clk_pin
Waveform(ns):       { 0.000 5.000 }
Period(ns):         10.000
Sources:            { clk }

Check Type        Corner  Lib Pin  Reference Pin  Required(ns)  Actual(ns)  Slack(ns)  Location       Pin
Min Period        n/a     BUFG/I   n/a            2.155         10.000      7.845      BUFGCTRL_X0Y0  clk_IBUF_BUFG_inst/I
Min Period        n/a     FDCE/C   n/a            1.000         10.000      9.000      SLICE_X62Y48   U_Slow/count_reg[0]/C
Min Period        n/a     FDCE/C   n/a            1.000         10.000      9.000      SLICE_X64Y44   U_Slow/count_reg[10]/C
Min Period        n/a     FDCE/C   n/a            1.000         10.000      9.000      SLICE_X62Y44   U_Slow/count_reg[11]/C
Min Period        n/a     FDCE/C   n/a            1.000         10.000      9.000      SLICE_X64Y44   U_Slow/count_reg[12]/C
Min Period        n/a     FDCE/C   n/a            1.000         10.000      9.000      SLICE_X64Y45   U_Slow/count_reg[13]/C
Min Period        n/a     FDCE/C   n/a            1.000         10.000      9.000      SLICE_X62Y45   U_Slow/count_reg[14]/C
Min Period        n/a     FDCE/C   n/a            1.000         10.000      9.000      SLICE_X62Y45   U_Slow/count_reg[15]/C
Min Period        n/a     FDCE/C   n/a            1.000         10.000      9.000      SLICE_X62Y45   U_Slow/count_reg[16]/C
Min Period        n/a     FDCE/C   n/a            1.000         10.000      9.000      SLICE_X64Y46   U_Slow/count_reg[17]/C
Low Pulse Width   Slow    FDCE/C   n/a            0.500         5.000       4.500      SLICE_X62Y48   U_Slow/count_reg[0]/C
Low Pulse Width   Fast    FDCE/C   n/a            0.500         5.000       4.500      SLICE_X62Y48   U_Slow/count_reg[0]/C
Low Pulse Width   Slow    FDCE/C   n/a            0.500         5.000       4.500      SLICE_X64Y44   U_Slow/count_reg[10]/C
Low Pulse Width   Fast    FDCE/C   n/a            0.500         5.000       4.500      SLICE_X64Y44   U_Slow/count_reg[10]/C
Low Pulse Width   Slow    FDCE/C   n/a            0.500         5.000       4.500      SLICE_X62Y44   U_Slow/count_reg[11]/C
Low Pulse Width   Fast    FDCE/C   n/a            0.500         5.000       4.500      SLICE_X62Y44   U_Slow/count_reg[11]/C
Low Pulse Width   Slow    FDCE/C   n/a            0.500         5.000       4.500      SLICE_X64Y44   U_Slow/count_reg[12]/C
Low Pulse Width   Fast    FDCE/C   n/a            0.500         5.000       4.500      SLICE_X64Y44   U_Slow/count_reg[12]/C
Low Pulse Width   Slow    FDCE/C   n/a            0.500         5.000       4.500      SLICE_X64Y45   U_Slow/count_reg[13]/C
Low Pulse Width   Fast    FDCE/C   n/a            0.500         5.000       4.500      SLICE_X64Y45   U_Slow/count_reg[13]/C
High Pulse Width  Slow    FDCE/C   n/a            0.500         5.000       4.500      SLICE_X62Y48   U_Slow/count_reg[0]/C
High Pulse Width  Fast    FDCE/C   n/a            0.500         5.000       4.500      SLICE_X62Y48   U_Slow/count_reg[0]/C
High Pulse Width  Slow    FDCE/C   n/a            0.500         5.000       4.500      SLICE_X64Y44   U_Slow/count_reg[10]/C
High Pulse Width  Fast    FDCE/C   n/a            0.500         5.000       4.500      SLICE_X64Y44   U_Slow/count_reg[10]/C
High Pulse Width  Slow    FDCE/C   n/a            0.500         5.000       4.500      SLICE_X62Y44   U_Slow/count_reg[11]/C
High Pulse Width  Fast    FDCE/C   n/a            0.500         5.000       4.500      SLICE_X62Y44   U_Slow/count_reg[11]/C
High Pulse Width  Slow    FDCE/C   n/a            0.500         5.000       4.500      SLICE_X64Y44   U_Slow/count_reg[12]/C
High Pulse Width  Fast    FDCE/C   n/a            0.500         5.000       4.500      SLICE_X64Y44   U_Slow/count_reg[12]/C
High Pulse Width  Slow    FDCE/C   n/a            0.500         5.000       4.500      SLICE_X64Y45   U_Slow/count_reg[13]/C
High Pulse Width  Fast    FDCE/C   n/a            0.500         5.000       4.500      SLICE_X64Y45   U_Slow/count_reg[13]/C



--------------------------------------------------------------------------------------
Path Group:  (none)
From Clock:  
  To Clock:  

Max Delay            44 Endpoints
Min Delay            44 Endpoints
--------------------------------------------------------------------------------------


Max Delay Paths
--------------------------------------------------------------------------------------
Slack:                    inf
  Source:                 U_REGS/R7/data_reg[0]/C
                            (rising edge-triggered cell FDCE)
  Destination:            overflow_led
                            (output port)
  Path Group:             (none)
  Path Type:              Max at Slow Process Corner
  Data Path Delay:        9.120ns  (logic 4.211ns (46.177%)  route 4.909ns (53.823%))
  Logic Levels:           4  (FDCE=1 LUT6=2 OBUF=1)

    Location             Delay type                Incr(ns)  Path(ns)    Netlist Resource(s)
  -------------------------------------------------------------------    -------------------
    SLICE_X62Y40         FDCE                         0.000     0.000 r  U_REGS/R7/data_reg[0]/C
    SLICE_X62Y40         FDCE (Prop_fdce_C_Q)         0.456     0.456 f  U_REGS/R7/data_reg[0]/Q
                         net (fo=14, routed)          0.862     1.318    U_REGS/R7/Q[0]
    SLICE_X63Y41         LUT6 (Prop_lut6_I0_O)        0.124     1.442 r  U_REGS/R7/overflow_led_OBUF_inst_i_2/O
                         net (fo=3, routed)           1.149     2.592    U_REGS/R7/overflow_led_OBUF_inst_i_2_n_0
    SLICE_X64Y43         LUT6 (Prop_lut6_I4_O)        0.124     2.716 r  U_REGS/R7/overflow_led_OBUF_inst_i_1/O
                         net (fo=1, routed)           2.897     5.613    overflow_led_OBUF
    N3                   OBUF (Prop_obuf_I_O)         3.507     9.120 r  overflow_led_OBUF_inst/O
                         net (fo=0)                   0.000     9.120    overflow_led
    N3                                                                r  overflow_led (OUT)
  -------------------------------------------------------------------    -------------------

Slack:                    inf
  Source:                 U_REGS/R7/data_reg[0]/C
                            (rising edge-triggered cell FDCE)
  Destination:            carry_led
                            (output port)
  Path Group:             (none)
  Path Type:              Max at Slow Process Corner
  Data Path Delay:        9.115ns  (logic 4.225ns (46.356%)  route 4.890ns (53.644%))
  Logic Levels:           4  (FDCE=1 LUT6=2 OBUF=1)

    Location             Delay type                Incr(ns)  Path(ns)    Netlist Resource(s)
  -------------------------------------------------------------------    -------------------
    SLICE_X62Y40         FDCE                         0.000     0.000 r  U_REGS/R7/data_reg[0]/C
    SLICE_X62Y40         FDCE (Prop_fdce_C_Q)         0.456     0.456 r  U_REGS/R7/data_reg[0]/Q
                         net (fo=14, routed)          0.862     1.318    U_REGS/R7/Q[0]
    SLICE_X63Y41         LUT6 (Prop_lut6_I0_O)        0.124     1.442 f  U_REGS/R7/overflow_led_OBUF_inst_i_2/O
                         net (fo=3, routed)           0.958     2.400    U_REGS/R7/overflow_led_OBUF_inst_i_2_n_0
    SLICE_X64Y43         LUT6 (Prop_lut6_I1_O)        0.124     2.524 r  U_REGS/R7/carry_led_OBUF_inst_i_1/O
                         net (fo=1, routed)           3.070     5.594    carry_led_OBUF
    L1                   OBUF (Prop_obuf_I_O)         3.521     9.115 r  carry_led_OBUF_inst/O
                         net (fo=0)                   0.000     9.115    carry_led
    L1                                                                r  carry_led (OUT)
  -------------------------------------------------------------------    -------------------

Slack:                    inf
  Source:                 U_REGS/R7/data_reg[0]/C
                            (rising edge-triggered cell FDCE)
  Destination:            Reg7_led[0]
                            (output port)
  Path Group:             (none)
  Path Type:              Max at Slow Process Corner
  Data Path Delay:        8.917ns  (logic 3.961ns (44.419%)  route 4.956ns (55.581%))
  Logic Levels:           2  (FDCE=1 OBUF=1)

    Location             Delay type                Incr(ns)  Path(ns)    Netlist Resource(s)
  -------------------------------------------------------------------    -------------------
    SLICE_X62Y40         FDCE                         0.000     0.000 r  U_REGS/R7/data_reg[0]/C
    SLICE_X62Y40         FDCE (Prop_fdce_C_Q)         0.456     0.456 r  U_REGS/R7/data_reg[0]/Q
                         net (fo=14, routed)          4.956     5.412    Reg7_led_OBUF[0]
    U16                  OBUF (Prop_obuf_I_O)         3.505     8.917 r  Reg7_led_OBUF[0]_inst/O
                         net (fo=0)                   0.000     8.917    Reg7_led[0]
    U16                                                               r  Reg7_led[0] (OUT)
  -------------------------------------------------------------------    -------------------

Slack:                    inf
  Source:                 U_PC/RegPC_reg[1]/C
                            (rising edge-triggered cell FDCE)
  Destination:            zero_led
                            (output port)
  Path Group:             (none)
  Path Type:              Max at Slow Process Corner
  Data Path Delay:        8.854ns  (logic 4.405ns (49.756%)  route 4.449ns (50.244%))
  Logic Levels:           5  (FDCE=1 LUT3=1 LUT5=1 LUT6=1 OBUF=1)

    Location             Delay type                Incr(ns)  Path(ns)    Netlist Resource(s)
  -------------------------------------------------------------------    -------------------
    SLICE_X64Y42         FDCE                         0.000     0.000 r  U_PC/RegPC_reg[1]/C
    SLICE_X64Y42         FDCE (Prop_fdce_C_Q)         0.518     0.518 r  U_PC/RegPC_reg[1]/Q
                         net (fo=9, routed)           0.688     1.206    U_PC/Q[1]
    SLICE_X64Y42         LUT3 (Prop_lut3_I2_O)        0.124     1.330 r  U_PC/zero_led_OBUF_inst_i_3/O
                         net (fo=3, routed)           1.160     2.490    U_REGS/R7/zero_led
    SLICE_X62Y41         LUT5 (Prop_lut5_I4_O)        0.124     2.614 f  U_REGS/R7/zero_led_OBUF_inst_i_2/O
                         net (fo=1, routed)           0.161     2.775    U_REGS/R7/zero_led_OBUF_inst_i_2_n_0
    SLICE_X62Y41         LUT6 (Prop_lut6_I1_O)        0.124     2.899 r  U_REGS/R7/zero_led_OBUF_inst_i_1/O
                         net (fo=1, routed)           2.439     5.339    zero_led_OBUF
    P1                   OBUF (Prop_obuf_I_O)         3.515     8.854 r  zero_led_OBUF_inst/O
                         net (fo=0)                   0.000     8.854    zero_led
    P1                                                                r  zero_led (OUT)
  -------------------------------------------------------------------    -------------------

Slack:                    inf
  Source:                 U_REGS/R7/data_reg[2]/C
                            (rising edge-triggered cell FDCE)
  Destination:            Reg7_led[2]
                            (output port)
  Path Group:             (none)
  Path Type:              Max at Slow Process Corner
  Data Path Delay:        8.570ns  (logic 3.957ns (46.172%)  route 4.613ns (53.828%))
  Logic Levels:           2  (FDCE=1 OBUF=1)

    Location             Delay type                Incr(ns)  Path(ns)    Netlist Resource(s)
  -------------------------------------------------------------------    -------------------
    SLICE_X62Y40         FDCE                         0.000     0.000 r  U_REGS/R7/data_reg[2]/C
    SLICE_X62Y40         FDCE (Prop_fdce_C_Q)         0.456     0.456 r  U_REGS/R7/data_reg[2]/Q
                         net (fo=10, routed)          4.613     5.069    Reg7_led_OBUF[2]
    U19                  OBUF (Prop_obuf_I_O)         3.501     8.570 r  Reg7_led_OBUF[2]_inst/O
                         net (fo=0)                   0.000     8.570    Reg7_led[2]
    U19                                                               r  Reg7_led[2] (OUT)
  -------------------------------------------------------------------    -------------------

Slack:                    inf
  Source:                 U_REGS/R7/data_reg[3]/C
                            (rising edge-triggered cell FDCE)
  Destination:            Reg7_led[3]
                            (output port)
  Path Group:             (none)
  Path Type:              Max at Slow Process Corner
  Data Path Delay:        8.298ns  (logic 3.965ns (47.782%)  route 4.333ns (52.218%))
  Logic Levels:           2  (FDCE=1 OBUF=1)

    Location             Delay type                Incr(ns)  Path(ns)    Netlist Resource(s)
  -------------------------------------------------------------------    -------------------
    SLICE_X62Y40         FDCE                         0.000     0.000 r  U_REGS/R7/data_reg[3]/C
    SLICE_X62Y40         FDCE (Prop_fdce_C_Q)         0.456     0.456 r  U_REGS/R7/data_reg[3]/Q
                         net (fo=11, routed)          4.333     4.789    Reg7_led_OBUF[3]
    V19                  OBUF (Prop_obuf_I_O)         3.509     8.298 r  Reg7_led_OBUF[3]_inst/O
                         net (fo=0)                   0.000     8.298    Reg7_led[3]
    V19                                                               r  Reg7_led[3] (OUT)
  -------------------------------------------------------------------    -------------------

Slack:                    inf
  Source:                 U_REGS/R7/data_reg[0]/C
                            (rising edge-triggered cell FDCE)
  Destination:            Reg7_digit[5]
                            (output port)
  Path Group:             (none)
  Path Type:              Max at Slow Process Corner
  Data Path Delay:        8.168ns  (logic 4.336ns (53.092%)  route 3.831ns (46.908%))
  Logic Levels:           3  (FDCE=1 LUT4=1 OBUF=1)

    Location             Delay type                Incr(ns)  Path(ns)    Netlist Resource(s)
  -------------------------------------------------------------------    -------------------
    SLICE_X62Y40         FDCE                         0.000     0.000 r  U_REGS/R7/data_reg[0]/C
    SLICE_X62Y40         FDCE (Prop_fdce_C_Q)         0.456     0.456 r  U_REGS/R7/data_reg[0]/Q
                         net (fo=14, routed)          1.970     2.426    U_REGS/R7/Q[0]
    SLICE_X64Y21         LUT4 (Prop_lut4_I0_O)        0.152     2.578 r  U_REGS/R7/Reg7_digit_OBUF[5]_inst_i_1/O
                         net (fo=1, routed)           1.861     4.439    Reg7_digit_OBUF[5]
    V5                   OBUF (Prop_obuf_I_O)         3.728     8.168 r  Reg7_digit_OBUF[5]_inst/O
                         net (fo=0)                   0.000     8.168    Reg7_digit[5]
    V5                                                                r  Reg7_digit[5] (OUT)
  -------------------------------------------------------------------    -------------------

Slack:                    inf
  Source:                 U_REGS/R7/data_reg[1]/C
                            (rising edge-triggered cell FDCE)
  Destination:            Reg7_led[1]
                            (output port)
  Path Group:             (none)
  Path Type:              Max at Slow Process Corner
  Data Path Delay:        8.116ns  (logic 4.048ns (49.876%)  route 4.068ns (50.124%))
  Logic Levels:           2  (FDCE=1 OBUF=1)

    Location             Delay type                Incr(ns)  Path(ns)    Netlist Resource(s)
  -------------------------------------------------------------------    -------------------
    SLICE_X64Y41         FDCE                         0.000     0.000 r  U_REGS/R7/data_reg[1]/C
    SLICE_X64Y41         FDCE (Prop_fdce_C_Q)         0.518     0.518 r  U_REGS/R7/data_reg[1]/Q
                         net (fo=12, routed)          4.068     4.586    Reg7_led_OBUF[1]
    E19                  OBUF (Prop_obuf_I_O)         3.530     8.116 r  Reg7_led_OBUF[1]_inst/O
                         net (fo=0)                   0.000     8.116    Reg7_led[1]
    E19                                                               r  Reg7_led[1] (OUT)
  -------------------------------------------------------------------    -------------------

Slack:                    inf
  Source:                 U_REGS/R7/data_reg[0]/C
                            (rising edge-triggered cell FDCE)
  Destination:            Reg7_digit[3]
                            (output port)
  Path Group:             (none)
  Path Type:              Max at Slow Process Corner
  Data Path Delay:        7.984ns  (logic 4.342ns (54.380%)  route 3.642ns (45.620%))
  Logic Levels:           3  (FDCE=1 LUT4=1 OBUF=1)

    Location             Delay type                Incr(ns)  Path(ns)    Netlist Resource(s)
  -------------------------------------------------------------------    -------------------
    SLICE_X62Y40         FDCE                         0.000     0.000 r  U_REGS/R7/data_reg[0]/C
    SLICE_X62Y40         FDCE (Prop_fdce_C_Q)         0.456     0.456 r  U_REGS/R7/data_reg[0]/Q
                         net (fo=14, routed)          1.978     2.434    U_REGS/R7/Q[0]
    SLICE_X64Y21         LUT4 (Prop_lut4_I0_O)        0.146     2.580 r  U_REGS/R7/Reg7_digit_OBUF[3]_inst_i_1/O
                         net (fo=1, routed)           1.664     4.244    Reg7_digit_OBUF[3]
    V8                   OBUF (Prop_obuf_I_O)         3.740     7.984 r  Reg7_digit_OBUF[3]_inst/O
                         net (fo=0)                   0.000     7.984    Reg7_digit[3]
    V8                                                                r  Reg7_digit[3] (OUT)
  -------------------------------------------------------------------    -------------------

Slack:                    inf
  Source:                 U_REGS/R7/data_reg[0]/C
                            (rising edge-triggered cell FDCE)
  Destination:            Reg7_digit[6]
                            (output port)
  Path Group:             (none)
  Path Type:              Max at Slow Process Corner
  Data Path Delay:        7.833ns  (logic 4.111ns (52.491%)  route 3.721ns (47.509%))
  Logic Levels:           3  (FDCE=1 LUT4=1 OBUF=1)

    Location             Delay type                Incr(ns)  Path(ns)    Netlist Resource(s)
  -------------------------------------------------------------------    -------------------
    SLICE_X62Y40         FDCE                         0.000     0.000 r  U_REGS/R7/data_reg[0]/C
    SLICE_X62Y40         FDCE (Prop_fdce_C_Q)         0.456     0.456 r  U_REGS/R7/data_reg[0]/Q
                         net (fo=14, routed)          1.663     2.119    U_REGS/R7/Q[0]
    SLICE_X64Y23         LUT4 (Prop_lut4_I1_O)        0.124     2.243 r  U_REGS/R7/Reg7_digit_OBUF[6]_inst_i_1/O
                         net (fo=1, routed)           2.058     4.301    Reg7_digit_OBUF[6]
    U7                   OBUF (Prop_obuf_I_O)         3.531     7.833 r  Reg7_digit_OBUF[6]_inst/O
                         net (fo=0)                   0.000     7.833    Reg7_digit[6]
    U7                                                                r  Reg7_digit[6] (OUT)
  -------------------------------------------------------------------    -------------------





Min Delay Paths
--------------------------------------------------------------------------------------
Slack:                    inf
  Source:                 U_PC/RegPC_reg[2]/C
                            (rising edge-triggered cell FDCE)
  Destination:            U_PC/RegPC_reg[0]/D
  Path Group:             (none)
  Path Type:              Min at Fast Process Corner
  Data Path Delay:        0.375ns  (logic 0.189ns (50.349%)  route 0.186ns (49.651%))
  Logic Levels:           2  (FDCE=1 LUT2=1)

    Location             Delay type                Incr(ns)  Path(ns)    Netlist Resource(s)
  -------------------------------------------------------------------    -------------------
    SLICE_X62Y41         FDCE                         0.000     0.000 r  U_PC/RegPC_reg[2]/C
    SLICE_X62Y41         FDCE (Prop_fdce_C_Q)         0.141     0.141 r  U_PC/RegPC_reg[2]/Q
                         net (fo=11, routed)          0.186     0.327    U_PC/Q[2]
    SLICE_X64Y42         LUT2 (Prop_lut2_I0_O)        0.048     0.375 r  U_PC/RegPC[0]_i_1/O
                         net (fo=1, routed)           0.000     0.375    U_PC/next_pc[0]
    SLICE_X64Y42         FDCE                                         r  U_PC/RegPC_reg[0]/D
  -------------------------------------------------------------------    -------------------

Slack:                    inf
  Source:                 U_PC/RegPC_reg[2]/C
                            (rising edge-triggered cell FDCE)
  Destination:            U_PC/RegPC_reg[1]/D
  Path Group:             (none)
  Path Type:              Min at Fast Process Corner
  Data Path Delay:        0.379ns  (logic 0.189ns (49.818%)  route 0.190ns (50.182%))
  Logic Levels:           2  (FDCE=1 LUT3=1)

    Location             Delay type                Incr(ns)  Path(ns)    Netlist Resource(s)
  -------------------------------------------------------------------    -------------------
    SLICE_X62Y41         FDCE                         0.000     0.000 r  U_PC/RegPC_reg[2]/C
    SLICE_X62Y41         FDCE (Prop_fdce_C_Q)         0.141     0.141 f  U_PC/RegPC_reg[2]/Q
                         net (fo=11, routed)          0.190     0.331    U_PC/Q[2]
    SLICE_X64Y42         LUT3 (Prop_lut3_I2_O)        0.048     0.379 r  U_PC/RegPC[1]_i_1/O
                         net (fo=1, routed)           0.000     0.379    U_PC/next_pc[1]
    SLICE_X64Y42         FDCE                                         r  U_PC/RegPC_reg[1]/D
  -------------------------------------------------------------------    -------------------

Slack:                    inf
  Source:                 U_REGS/R2/data_reg[0]/C
                            (rising edge-triggered cell FDCE)
  Destination:            U_REGS/R2/data_reg[0]/D
  Path Group:             (none)
  Path Type:              Min at Fast Process Corner
  Data Path Delay:        0.384ns  (logic 0.186ns (48.480%)  route 0.198ns (51.520%))
  Logic Levels:           2  (FDCE=1 LUT5=1)

    Location             Delay type                Incr(ns)  Path(ns)    Netlist Resource(s)
  -------------------------------------------------------------------    -------------------
    SLICE_X63Y41         FDCE                         0.000     0.000 r  U_REGS/R2/data_reg[0]/C
    SLICE_X63Y41         FDCE (Prop_fdce_C_Q)         0.141     0.141 r  U_REGS/R2/data_reg[0]/Q
                         net (fo=6, routed)           0.131     0.272    U_PC/data_reg[0]_0[0]
    SLICE_X62Y41         LUT5 (Prop_lut5_I1_O)        0.045     0.317 r  U_PC/data[0]_i_1/O
                         net (fo=2, routed)           0.066     0.384    U_REGS/R2/data_reg[3]_0[0]
    SLICE_X63Y41         FDCE                                         r  U_REGS/R2/data_reg[0]/D
  -------------------------------------------------------------------    -------------------

Slack:                    inf
  Source:                 U_PC/RegPC_reg[2]/C
                            (rising edge-triggered cell FDCE)
  Destination:            U_REGS/R7/data_reg[3]/D
  Path Group:             (none)
  Path Type:              Min at Fast Process Corner
  Data Path Delay:        0.420ns  (logic 0.186ns (44.319%)  route 0.234ns (55.681%))
  Logic Levels:           2  (FDCE=1 LUT6=1)

    Location             Delay type                Incr(ns)  Path(ns)    Netlist Resource(s)
  -------------------------------------------------------------------    -------------------
    SLICE_X62Y41         FDCE                         0.000     0.000 r  U_PC/RegPC_reg[2]/C
    SLICE_X62Y41         FDCE (Prop_fdce_C_Q)         0.141     0.141 r  U_PC/RegPC_reg[2]/Q
                         net (fo=11, routed)          0.121     0.262    U_REGS/R7/data_reg[3]_1[2]
    SLICE_X63Y41         LUT6 (Prop_lut6_I2_O)        0.045     0.307 r  U_REGS/R7/data[3]_i_2/O
                         net (fo=3, routed)           0.113     0.420    U_REGS/R7/D[1]
    SLICE_X62Y40         FDCE                                         r  U_REGS/R7/data_reg[3]/D
  -------------------------------------------------------------------    -------------------

Slack:                    inf
  Source:                 U_REGS/R2/data_reg[2]/C
                            (rising edge-triggered cell FDCE)
  Destination:            U_REGS/R2/data_reg[2]/D
  Path Group:             (none)
  Path Type:              Min at Fast Process Corner
  Data Path Delay:        0.420ns  (logic 0.186ns (44.251%)  route 0.234ns (55.749%))
  Logic Levels:           2  (FDCE=1 LUT6=1)

    Location             Delay type                Incr(ns)  Path(ns)    Netlist Resource(s)
  -------------------------------------------------------------------    -------------------
    SLICE_X63Y41         FDCE                         0.000     0.000 r  U_REGS/R2/data_reg[2]/C
    SLICE_X63Y41         FDCE (Prop_fdce_C_Q)         0.141     0.141 r  U_REGS/R2/data_reg[2]/Q
                         net (fo=2, routed)           0.155     0.296    U_REGS/R7/data_reg[3]_0[2]
    SLICE_X62Y41         LUT6 (Prop_lut6_I1_O)        0.045     0.341 r  U_REGS/R7/data[2]_i_1/O
                         net (fo=3, routed)           0.080     0.420    U_REGS/R2/data_reg[3]_0[1]
    SLICE_X63Y41         FDCE                                         r  U_REGS/R2/data_reg[2]/D
  -------------------------------------------------------------------    -------------------

Slack:                    inf
  Source:                 U_REGS/R2/data_reg[0]/C
                            (rising edge-triggered cell FDCE)
  Destination:            U_REGS/R7/data_reg[0]/D
  Path Group:             (none)
  Path Type:              Min at Fast Process Corner
  Data Path Delay:        0.442ns  (logic 0.186ns (42.044%)  route 0.256ns (57.956%))
  Logic Levels:           2  (FDCE=1 LUT5=1)

    Location             Delay type                Incr(ns)  Path(ns)    Netlist Resource(s)
  -------------------------------------------------------------------    -------------------
    SLICE_X63Y41         FDCE                         0.000     0.000 r  U_REGS/R2/data_reg[0]/C
    SLICE_X63Y41         FDCE (Prop_fdce_C_Q)         0.141     0.141 r  U_REGS/R2/data_reg[0]/Q
                         net (fo=6, routed)           0.131     0.272    U_PC/data_reg[0]_0[0]
    SLICE_X62Y41         LUT5 (Prop_lut5_I1_O)        0.045     0.317 r  U_PC/data[0]_i_1/O
                         net (fo=2, routed)           0.125     0.442    U_REGS/R7/data_reg[1]_0[0]
    SLICE_X62Y40         FDCE                                         r  U_REGS/R7/data_reg[0]/D
  -------------------------------------------------------------------    -------------------

Slack:                    inf
  Source:                 U_PC/RegPC_reg[2]/C
                            (rising edge-triggered cell FDCE)
  Destination:            U_PC/RegPC_reg[2]/D
  Path Group:             (none)
  Path Type:              Min at Fast Process Corner
  Data Path Delay:        0.443ns  (logic 0.187ns (42.220%)  route 0.256ns (57.780%))
  Logic Levels:           2  (FDCE=1 LUT3=1)

    Location             Delay type                Incr(ns)  Path(ns)    Netlist Resource(s)
  -------------------------------------------------------------------    -------------------
    SLICE_X62Y41         FDCE                         0.000     0.000 r  U_PC/RegPC_reg[2]/C
    SLICE_X62Y41         FDCE (Prop_fdce_C_Q)         0.141     0.141 r  U_PC/RegPC_reg[2]/Q
                         net (fo=11, routed)          0.256     0.397    U_PC/Q[2]
    SLICE_X62Y41         LUT3 (Prop_lut3_I0_O)        0.046     0.443 r  U_PC/RegPC[2]_i_1/O
                         net (fo=1, routed)           0.000     0.443    U_PC/next_pc[2]
    SLICE_X62Y41         FDCE                                         r  U_PC/RegPC_reg[2]/D
  -------------------------------------------------------------------    -------------------

Slack:                    inf
  Source:                 U_PC/RegPC_reg[2]/C
                            (rising edge-triggered cell FDCE)
  Destination:            U_REGS/R7/data_reg[1]/CE
  Path Group:             (none)
  Path Type:              Min at Fast Process Corner
  Data Path Delay:        0.495ns  (logic 0.186ns (37.605%)  route 0.309ns (62.395%))
  Logic Levels:           2  (FDCE=1 LUT3=1)

    Location             Delay type                Incr(ns)  Path(ns)    Netlist Resource(s)
  -------------------------------------------------------------------    -------------------
    SLICE_X62Y41         FDCE                         0.000     0.000 r  U_PC/RegPC_reg[2]/C
    SLICE_X62Y41         FDCE (Prop_fdce_C_Q)         0.141     0.141 f  U_PC/RegPC_reg[2]/Q
                         net (fo=11, routed)          0.186     0.327    U_PC/Q[2]
    SLICE_X64Y42         LUT3 (Prop_lut3_I1_O)        0.045     0.372 r  U_PC/data[3]_i_1__0/O
                         net (fo=4, routed)           0.122     0.495    U_REGS/R7/data_reg[0]_0[0]
    SLICE_X64Y41         FDCE                                         r  U_REGS/R7/data_reg[1]/CE
  -------------------------------------------------------------------    -------------------

Slack:                    inf
  Source:                 U_PC/RegPC_reg[2]/C
                            (rising edge-triggered cell FDCE)
  Destination:            U_REGS/R2/data_reg[3]/D
  Path Group:             (none)
  Path Type:              Min at Fast Process Corner
  Data Path Delay:        0.526ns  (logic 0.186ns (35.369%)  route 0.340ns (64.631%))
  Logic Levels:           2  (FDCE=1 LUT6=1)

    Location             Delay type                Incr(ns)  Path(ns)    Netlist Resource(s)
  -------------------------------------------------------------------    -------------------
    SLICE_X62Y41         FDCE                         0.000     0.000 r  U_PC/RegPC_reg[2]/C
    SLICE_X62Y41         FDCE (Prop_fdce_C_Q)         0.141     0.141 r  U_PC/RegPC_reg[2]/Q
                         net (fo=11, routed)          0.121     0.262    U_REGS/R7/data_reg[3]_1[2]
    SLICE_X63Y41         LUT6 (Prop_lut6_I2_O)        0.045     0.307 r  U_REGS/R7/data[3]_i_2/O
                         net (fo=3, routed)           0.219     0.526    U_REGS/R2/data_reg[3]_0[2]
    SLICE_X63Y41         FDCE                                         r  U_REGS/R2/data_reg[3]/D
  -------------------------------------------------------------------    -------------------

Slack:                    inf
  Source:                 U_REGS/R2/data_reg[2]/C
                            (rising edge-triggered cell FDCE)
  Destination:            U_REGS/R7/data_reg[2]/D
  Path Group:             (none)
  Path Type:              Min at Fast Process Corner
  Data Path Delay:        0.532ns  (logic 0.186ns (34.957%)  route 0.346ns (65.043%))
  Logic Levels:           2  (FDCE=1 LUT6=1)

    Location             Delay type                Incr(ns)  Path(ns)    Netlist Resource(s)
  -------------------------------------------------------------------    -------------------
    SLICE_X63Y41         FDCE                         0.000     0.000 r  U_REGS/R2/data_reg[2]/C
    SLICE_X63Y41         FDCE (Prop_fdce_C_Q)         0.141     0.141 r  U_REGS/R2/data_reg[2]/Q
                         net (fo=2, routed)           0.155     0.296    U_REGS/R7/data_reg[3]_0[2]
    SLICE_X62Y41         LUT6 (Prop_lut6_I1_O)        0.045     0.341 r  U_REGS/R7/data[2]_i_1/O
                         net (fo=3, routed)           0.191     0.532    U_REGS/R7/D[0]
    SLICE_X62Y40         FDCE                                         r  U_REGS/R7/data_reg[2]/D
  -------------------------------------------------------------------    -------------------





--------------------------------------------------------------------------------------
Path Group:  (none)
From Clock:  
  To Clock:  sys_clk_pin

Max Delay            29 Endpoints
Min Delay            29 Endpoints
--------------------------------------------------------------------------------------


Max Delay Paths
--------------------------------------------------------------------------------------
Slack:                    inf
  Source:                 Reset
                            (input port)
  Destination:            U_Slow/count_reg[21]/CLR
                            (recovery check against rising-edge clock sys_clk_pin  {rise@0.000ns fall@5.000ns period=10.000ns})
  Path Group:             (none)
  Path Type:              Recovery (Max at Slow Process Corner)
  Data Path Delay:        6.224ns  (logic 1.441ns (23.156%)  route 4.783ns (76.844%))
  Logic Levels:           1  (IBUF=1)
  Clock Path Skew:        4.861ns (DCD - SCD + CPR)
    Destination Clock Delay (DCD):    4.861ns
    Source Clock Delay      (SCD):    0.000ns
    Clock Pessimism Removal (CPR):    0.000ns
  Clock Uncertainty:      0.025ns  ((TSJ^2 + TIJ^2)^1/2 + DJ) / 2 + PE
    Total System Jitter     (TSJ):    0.050ns
    Total Input Jitter      (TIJ):    0.000ns
    Discrete Jitter          (DJ):    0.000ns
    Phase Error              (PE):    0.000ns

    Location             Delay type                Incr(ns)  Path(ns)    Netlist Resource(s)
  -------------------------------------------------------------------    -------------------
    U18                                               0.000     0.000 f  Reset (IN)
                         net (fo=0)                   0.000     0.000    Reset
    U18                  IBUF (Prop_ibuf_I_O)         1.441     1.441 f  Reset_IBUF_inst/O
                         net (fo=40, routed)          4.783     6.224    U_Slow/AR[0]
    SLICE_X64Y47         FDCE                                         f  U_Slow/count_reg[21]/CLR
  -------------------------------------------------------------------    -------------------

                         (clock sys_clk_pin rise edge)
                                                      0.000     0.000 r  
    W5                                                0.000     0.000 r  clk (IN)
                         net (fo=0)                   0.000     0.000    clk
    W5                   IBUF (Prop_ibuf_I_O)         1.388     1.388 r  clk_IBUF_inst/O
                         net (fo=1, routed)           1.862     3.250    clk_IBUF
    BUFGCTRL_X0Y0        BUFG (Prop_bufg_I_O)         0.091     3.341 r  clk_IBUF_BUFG_inst/O
                         net (fo=29, routed)          1.520     4.861    U_Slow/slow_reg_0
    SLICE_X64Y47         FDCE                                         r  U_Slow/count_reg[21]/C

Slack:                    inf
  Source:                 Reset
                            (input port)
  Destination:            U_Slow/count_reg[17]/CLR
                            (recovery check against rising-edge clock sys_clk_pin  {rise@0.000ns fall@5.000ns period=10.000ns})
  Path Group:             (none)
  Path Type:              Recovery (Max at Slow Process Corner)
  Data Path Delay:        6.086ns  (logic 1.441ns (23.682%)  route 4.645ns (76.318%))
  Logic Levels:           1  (IBUF=1)
  Clock Path Skew:        4.860ns (DCD - SCD + CPR)
    Destination Clock Delay (DCD):    4.860ns
    Source Clock Delay      (SCD):    0.000ns
    Clock Pessimism Removal (CPR):    0.000ns
  Clock Uncertainty:      0.025ns  ((TSJ^2 + TIJ^2)^1/2 + DJ) / 2 + PE
    Total System Jitter     (TSJ):    0.050ns
    Total Input Jitter      (TIJ):    0.000ns
    Discrete Jitter          (DJ):    0.000ns
    Phase Error              (PE):    0.000ns

    Location             Delay type                Incr(ns)  Path(ns)    Netlist Resource(s)
  -------------------------------------------------------------------    -------------------
    U18                                               0.000     0.000 f  Reset (IN)
                         net (fo=0)                   0.000     0.000    Reset
    U18                  IBUF (Prop_ibuf_I_O)         1.441     1.441 f  Reset_IBUF_inst/O
                         net (fo=40, routed)          4.645     6.086    U_Slow/AR[0]
    SLICE_X64Y46         FDCE                                         f  U_Slow/count_reg[17]/CLR
  -------------------------------------------------------------------    -------------------

                         (clock sys_clk_pin rise edge)
                                                      0.000     0.000 r  
    W5                                                0.000     0.000 r  clk (IN)
                         net (fo=0)                   0.000     0.000    clk
    W5                   IBUF (Prop_ibuf_I_O)         1.388     1.388 r  clk_IBUF_inst/O
                         net (fo=1, routed)           1.862     3.250    clk_IBUF
    BUFGCTRL_X0Y0        BUFG (Prop_bufg_I_O)         0.091     3.341 r  clk_IBUF_BUFG_inst/O
                         net (fo=29, routed)          1.519     4.860    U_Slow/slow_reg_0
    SLICE_X64Y46         FDCE                                         r  U_Slow/count_reg[17]/C

Slack:                    inf
  Source:                 Reset
                            (input port)
  Destination:            U_Slow/count_reg[20]/CLR
                            (recovery check against rising-edge clock sys_clk_pin  {rise@0.000ns fall@5.000ns period=10.000ns})
  Path Group:             (none)
  Path Type:              Recovery (Max at Slow Process Corner)
  Data Path Delay:        6.086ns  (logic 1.441ns (23.682%)  route 4.645ns (76.318%))
  Logic Levels:           1  (IBUF=1)
  Clock Path Skew:        4.860ns (DCD - SCD + CPR)
    Destination Clock Delay (DCD):    4.860ns
    Source Clock Delay      (SCD):    0.000ns
    Clock Pessimism Removal (CPR):    0.000ns
  Clock Uncertainty:      0.025ns  ((TSJ^2 + TIJ^2)^1/2 + DJ) / 2 + PE
    Total System Jitter     (TSJ):    0.050ns
    Total Input Jitter      (TIJ):    0.000ns
    Discrete Jitter          (DJ):    0.000ns
    Phase Error              (PE):    0.000ns

    Location             Delay type                Incr(ns)  Path(ns)    Netlist Resource(s)
  -------------------------------------------------------------------    -------------------
    U18                                               0.000     0.000 f  Reset (IN)
                         net (fo=0)                   0.000     0.000    Reset
    U18                  IBUF (Prop_ibuf_I_O)         1.441     1.441 f  Reset_IBUF_inst/O
                         net (fo=40, routed)          4.645     6.086    U_Slow/AR[0]
    SLICE_X64Y46         FDCE                                         f  U_Slow/count_reg[20]/CLR
  -------------------------------------------------------------------    -------------------

                         (clock sys_clk_pin rise edge)
                                                      0.000     0.000 r  
    W5                                                0.000     0.000 r  clk (IN)
                         net (fo=0)                   0.000     0.000    clk
    W5                   IBUF (Prop_ibuf_I_O)         1.388     1.388 r  clk_IBUF_inst/O
                         net (fo=1, routed)           1.862     3.250    clk_IBUF
    BUFGCTRL_X0Y0        BUFG (Prop_bufg_I_O)         0.091     3.341 r  clk_IBUF_BUFG_inst/O
                         net (fo=29, routed)          1.519     4.860    U_Slow/slow_reg_0
    SLICE_X64Y46         FDCE                                         r  U_Slow/count_reg[20]/C

Slack:                    inf
  Source:                 Reset
                            (input port)
  Destination:            U_Slow/count_reg[0]/CLR
                            (recovery check against rising-edge clock sys_clk_pin  {rise@0.000ns fall@5.000ns period=10.000ns})
  Path Group:             (none)
  Path Type:              Recovery (Max at Slow Process Corner)
  Data Path Delay:        6.081ns  (logic 1.441ns (23.703%)  route 4.639ns (76.297%))
  Logic Levels:           1  (IBUF=1)
  Clock Path Skew:        4.861ns (DCD - SCD + CPR)
    Destination Clock Delay (DCD):    4.861ns
    Source Clock Delay      (SCD):    0.000ns
    Clock Pessimism Removal (CPR):    0.000ns
  Clock Uncertainty:      0.025ns  ((TSJ^2 + TIJ^2)^1/2 + DJ) / 2 + PE
    Total System Jitter     (TSJ):    0.050ns
    Total Input Jitter      (TIJ):    0.000ns
    Discrete Jitter          (DJ):    0.000ns
    Phase Error              (PE):    0.000ns

    Location             Delay type                Incr(ns)  Path(ns)    Netlist Resource(s)
  -------------------------------------------------------------------    -------------------
    U18                                               0.000     0.000 f  Reset (IN)
                         net (fo=0)                   0.000     0.000    Reset
    U18                  IBUF (Prop_ibuf_I_O)         1.441     1.441 f  Reset_IBUF_inst/O
                         net (fo=40, routed)          4.639     6.081    U_Slow/AR[0]
    SLICE_X62Y48         FDCE                                         f  U_Slow/count_reg[0]/CLR
  -------------------------------------------------------------------    -------------------

                         (clock sys_clk_pin rise edge)
                                                      0.000     0.000 r  
    W5                                                0.000     0.000 r  clk (IN)
                         net (fo=0)                   0.000     0.000    clk
    W5                   IBUF (Prop_ibuf_I_O)         1.388     1.388 r  clk_IBUF_inst/O
                         net (fo=1, routed)           1.862     3.250    clk_IBUF
    BUFGCTRL_X0Y0        BUFG (Prop_bufg_I_O)         0.091     3.341 r  clk_IBUF_BUFG_inst/O
                         net (fo=29, routed)          1.520     4.861    U_Slow/slow_reg_0
    SLICE_X62Y48         FDCE                                         r  U_Slow/count_reg[0]/C

Slack:                    inf
  Source:                 Reset
                            (input port)
  Destination:            U_Slow/count_reg[25]/CLR
                            (recovery check against rising-edge clock sys_clk_pin  {rise@0.000ns fall@5.000ns period=10.000ns})
  Path Group:             (none)
  Path Type:              Recovery (Max at Slow Process Corner)
  Data Path Delay:        6.081ns  (logic 1.441ns (23.703%)  route 4.639ns (76.297%))
  Logic Levels:           1  (IBUF=1)
  Clock Path Skew:        4.861ns (DCD - SCD + CPR)
    Destination Clock Delay (DCD):    4.861ns
    Source Clock Delay      (SCD):    0.000ns
    Clock Pessimism Removal (CPR):    0.000ns
  Clock Uncertainty:      0.025ns  ((TSJ^2 + TIJ^2)^1/2 + DJ) / 2 + PE
    Total System Jitter     (TSJ):    0.050ns
    Total Input Jitter      (TIJ):    0.000ns
    Discrete Jitter          (DJ):    0.000ns
    Phase Error              (PE):    0.000ns

    Location             Delay type                Incr(ns)  Path(ns)    Netlist Resource(s)
  -------------------------------------------------------------------    -------------------
    U18                                               0.000     0.000 f  Reset (IN)
                         net (fo=0)                   0.000     0.000    Reset
    U18                  IBUF (Prop_ibuf_I_O)         1.441     1.441 f  Reset_IBUF_inst/O
                         net (fo=40, routed)          4.639     6.081    U_Slow/AR[0]
    SLICE_X62Y48         FDCE                                         f  U_Slow/count_reg[25]/CLR
  -------------------------------------------------------------------    -------------------

                         (clock sys_clk_pin rise edge)
                                                      0.000     0.000 r  
    W5                                                0.000     0.000 r  clk (IN)
                         net (fo=0)                   0.000     0.000    clk
    W5                   IBUF (Prop_ibuf_I_O)         1.388     1.388 r  clk_IBUF_inst/O
                         net (fo=1, routed)           1.862     3.250    clk_IBUF
    BUFGCTRL_X0Y0        BUFG (Prop_bufg_I_O)         0.091     3.341 r  clk_IBUF_BUFG_inst/O
                         net (fo=29, routed)          1.520     4.861    U_Slow/slow_reg_0
    SLICE_X62Y48         FDCE                                         r  U_Slow/count_reg[25]/C

Slack:                    inf
  Source:                 Reset
                            (input port)
  Destination:            U_Slow/count_reg[26]/CLR
                            (recovery check against rising-edge clock sys_clk_pin  {rise@0.000ns fall@5.000ns period=10.000ns})
  Path Group:             (none)
  Path Type:              Recovery (Max at Slow Process Corner)
  Data Path Delay:        6.081ns  (logic 1.441ns (23.703%)  route 4.639ns (76.297%))
  Logic Levels:           1  (IBUF=1)
  Clock Path Skew:        4.861ns (DCD - SCD + CPR)
    Destination Clock Delay (DCD):    4.861ns
    Source Clock Delay      (SCD):    0.000ns
    Clock Pessimism Removal (CPR):    0.000ns
  Clock Uncertainty:      0.025ns  ((TSJ^2 + TIJ^2)^1/2 + DJ) / 2 + PE
    Total System Jitter     (TSJ):    0.050ns
    Total Input Jitter      (TIJ):    0.000ns
    Discrete Jitter          (DJ):    0.000ns
    Phase Error              (PE):    0.000ns

    Location             Delay type                Incr(ns)  Path(ns)    Netlist Resource(s)
  -------------------------------------------------------------------    -------------------
    U18                                               0.000     0.000 f  Reset (IN)
                         net (fo=0)                   0.000     0.000    Reset
    U18                  IBUF (Prop_ibuf_I_O)         1.441     1.441 f  Reset_IBUF_inst/O
                         net (fo=40, routed)          4.639     6.081    U_Slow/AR[0]
    SLICE_X62Y48         FDCE                                         f  U_Slow/count_reg[26]/CLR
  -------------------------------------------------------------------    -------------------

                         (clock sys_clk_pin rise edge)
                                                      0.000     0.000 r  
    W5                                                0.000     0.000 r  clk (IN)
                         net (fo=0)                   0.000     0.000    clk
    W5                   IBUF (Prop_ibuf_I_O)         1.388     1.388 r  clk_IBUF_inst/O
                         net (fo=1, routed)           1.862     3.250    clk_IBUF
    BUFGCTRL_X0Y0        BUFG (Prop_bufg_I_O)         0.091     3.341 r  clk_IBUF_BUFG_inst/O
                         net (fo=29, routed)          1.520     4.861    U_Slow/slow_reg_0
    SLICE_X62Y48         FDCE                                         r  U_Slow/count_reg[26]/C

Slack:                    inf
  Source:                 Reset
                            (input port)
  Destination:            U_Slow/count_reg[27]/CLR
                            (recovery check against rising-edge clock sys_clk_pin  {rise@0.000ns fall@5.000ns period=10.000ns})
  Path Group:             (none)
  Path Type:              Recovery (Max at Slow Process Corner)
  Data Path Delay:        6.081ns  (logic 1.441ns (23.703%)  route 4.639ns (76.297%))
  Logic Levels:           1  (IBUF=1)
  Clock Path Skew:        4.861ns (DCD - SCD + CPR)
    Destination Clock Delay (DCD):    4.861ns
    Source Clock Delay      (SCD):    0.000ns
    Clock Pessimism Removal (CPR):    0.000ns
  Clock Uncertainty:      0.025ns  ((TSJ^2 + TIJ^2)^1/2 + DJ) / 2 + PE
    Total System Jitter     (TSJ):    0.050ns
    Total Input Jitter      (TIJ):    0.000ns
    Discrete Jitter          (DJ):    0.000ns
    Phase Error              (PE):    0.000ns

    Location             Delay type                Incr(ns)  Path(ns)    Netlist Resource(s)
  -------------------------------------------------------------------    -------------------
    U18                                               0.000     0.000 f  Reset (IN)
                         net (fo=0)                   0.000     0.000    Reset
    U18                  IBUF (Prop_ibuf_I_O)         1.441     1.441 f  Reset_IBUF_inst/O
                         net (fo=40, routed)          4.639     6.081    U_Slow/AR[0]
    SLICE_X62Y48         FDCE                                         f  U_Slow/count_reg[27]/CLR
  -------------------------------------------------------------------    -------------------

                         (clock sys_clk_pin rise edge)
                                                      0.000     0.000 r  
    W5                                                0.000     0.000 r  clk (IN)
                         net (fo=0)                   0.000     0.000    clk
    W5                   IBUF (Prop_ibuf_I_O)         1.388     1.388 r  clk_IBUF_inst/O
                         net (fo=1, routed)           1.862     3.250    clk_IBUF
    BUFGCTRL_X0Y0        BUFG (Prop_bufg_I_O)         0.091     3.341 r  clk_IBUF_BUFG_inst/O
                         net (fo=29, routed)          1.520     4.861    U_Slow/slow_reg_0
    SLICE_X62Y48         FDCE                                         r  U_Slow/count_reg[27]/C

Slack:                    inf
  Source:                 Reset
                            (input port)
  Destination:            U_Slow/count_reg[22]/CLR
                            (recovery check against rising-edge clock sys_clk_pin  {rise@0.000ns fall@5.000ns period=10.000ns})
  Path Group:             (none)
  Path Type:              Recovery (Max at Slow Process Corner)
  Data Path Delay:        5.942ns  (logic 1.441ns (24.255%)  route 4.501ns (75.745%))
  Logic Levels:           1  (IBUF=1)
  Clock Path Skew:        4.861ns (DCD - SCD + CPR)
    Destination Clock Delay (DCD):    4.861ns
    Source Clock Delay      (SCD):    0.000ns
    Clock Pessimism Removal (CPR):    0.000ns
  Clock Uncertainty:      0.025ns  ((TSJ^2 + TIJ^2)^1/2 + DJ) / 2 + PE
    Total System Jitter     (TSJ):    0.050ns
    Total Input Jitter      (TIJ):    0.000ns
    Discrete Jitter          (DJ):    0.000ns
    Phase Error              (PE):    0.000ns

    Location             Delay type                Incr(ns)  Path(ns)    Netlist Resource(s)
  -------------------------------------------------------------------    -------------------
    U18                                               0.000     0.000 f  Reset (IN)
                         net (fo=0)                   0.000     0.000    Reset
    U18                  IBUF (Prop_ibuf_I_O)         1.441     1.441 f  Reset_IBUF_inst/O
                         net (fo=40, routed)          4.501     5.942    U_Slow/AR[0]
    SLICE_X62Y47         FDCE                                         f  U_Slow/count_reg[22]/CLR
  -------------------------------------------------------------------    -------------------

                         (clock sys_clk_pin rise edge)
                                                      0.000     0.000 r  
    W5                                                0.000     0.000 r  clk (IN)
                         net (fo=0)                   0.000     0.000    clk
    W5                   IBUF (Prop_ibuf_I_O)         1.388     1.388 r  clk_IBUF_inst/O
                         net (fo=1, routed)           1.862     3.250    clk_IBUF
    BUFGCTRL_X0Y0        BUFG (Prop_bufg_I_O)         0.091     3.341 r  clk_IBUF_BUFG_inst/O
                         net (fo=29, routed)          1.520     4.861    U_Slow/slow_reg_0
    SLICE_X62Y47         FDCE                                         r  U_Slow/count_reg[22]/C

Slack:                    inf
  Source:                 Reset
                            (input port)
  Destination:            U_Slow/count_reg[23]/CLR
                            (recovery check against rising-edge clock sys_clk_pin  {rise@0.000ns fall@5.000ns period=10.000ns})
  Path Group:             (none)
  Path Type:              Recovery (Max at Slow Process Corner)
  Data Path Delay:        5.942ns  (logic 1.441ns (24.255%)  route 4.501ns (75.745%))
  Logic Levels:           1  (IBUF=1)
  Clock Path Skew:        4.861ns (DCD - SCD + CPR)
    Destination Clock Delay (DCD):    4.861ns
    Source Clock Delay      (SCD):    0.000ns
    Clock Pessimism Removal (CPR):    0.000ns
  Clock Uncertainty:      0.025ns  ((TSJ^2 + TIJ^2)^1/2 + DJ) / 2 + PE
    Total System Jitter     (TSJ):    0.050ns
    Total Input Jitter      (TIJ):    0.000ns
    Discrete Jitter          (DJ):    0.000ns
    Phase Error              (PE):    0.000ns

    Location             Delay type                Incr(ns)  Path(ns)    Netlist Resource(s)
  -------------------------------------------------------------------    -------------------
    U18                                               0.000     0.000 f  Reset (IN)
                         net (fo=0)                   0.000     0.000    Reset
    U18                  IBUF (Prop_ibuf_I_O)         1.441     1.441 f  Reset_IBUF_inst/O
                         net (fo=40, routed)          4.501     5.942    U_Slow/AR[0]
    SLICE_X62Y47         FDCE                                         f  U_Slow/count_reg[23]/CLR
  -------------------------------------------------------------------    -------------------

                         (clock sys_clk_pin rise edge)
                                                      0.000     0.000 r  
    W5                                                0.000     0.000 r  clk (IN)
                         net (fo=0)                   0.000     0.000    clk
    W5                   IBUF (Prop_ibuf_I_O)         1.388     1.388 r  clk_IBUF_inst/O
                         net (fo=1, routed)           1.862     3.250    clk_IBUF
    BUFGCTRL_X0Y0        BUFG (Prop_bufg_I_O)         0.091     3.341 r  clk_IBUF_BUFG_inst/O
                         net (fo=29, routed)          1.520     4.861    U_Slow/slow_reg_0
    SLICE_X62Y47         FDCE                                         r  U_Slow/count_reg[23]/C

Slack:                    inf
  Source:                 Reset
                            (input port)
  Destination:            U_Slow/count_reg[24]/CLR
                            (recovery check against rising-edge clock sys_clk_pin  {rise@0.000ns fall@5.000ns period=10.000ns})
  Path Group:             (none)
  Path Type:              Recovery (Max at Slow Process Corner)
  Data Path Delay:        5.942ns  (logic 1.441ns (24.255%)  route 4.501ns (75.745%))
  Logic Levels:           1  (IBUF=1)
  Clock Path Skew:        4.861ns (DCD - SCD + CPR)
    Destination Clock Delay (DCD):    4.861ns
    Source Clock Delay      (SCD):    0.000ns
    Clock Pessimism Removal (CPR):    0.000ns
  Clock Uncertainty:      0.025ns  ((TSJ^2 + TIJ^2)^1/2 + DJ) / 2 + PE
    Total System Jitter     (TSJ):    0.050ns
    Total Input Jitter      (TIJ):    0.000ns
    Discrete Jitter          (DJ):    0.000ns
    Phase Error              (PE):    0.000ns

    Location             Delay type                Incr(ns)  Path(ns)    Netlist Resource(s)
  -------------------------------------------------------------------    -------------------
    U18                                               0.000     0.000 f  Reset (IN)
                         net (fo=0)                   0.000     0.000    Reset
    U18                  IBUF (Prop_ibuf_I_O)         1.441     1.441 f  Reset_IBUF_inst/O
                         net (fo=40, routed)          4.501     5.942    U_Slow/AR[0]
    SLICE_X62Y47         FDCE                                         f  U_Slow/count_reg[24]/CLR
  -------------------------------------------------------------------    -------------------

                         (clock sys_clk_pin rise edge)
                                                      0.000     0.000 r  
    W5                                                0.000     0.000 r  clk (IN)
                         net (fo=0)                   0.000     0.000    clk
    W5                   IBUF (Prop_ibuf_I_O)         1.388     1.388 r  clk_IBUF_inst/O
                         net (fo=1, routed)           1.862     3.250    clk_IBUF
    BUFGCTRL_X0Y0        BUFG (Prop_bufg_I_O)         0.091     3.341 r  clk_IBUF_BUFG_inst/O
                         net (fo=29, routed)          1.520     4.861    U_Slow/slow_reg_0
    SLICE_X62Y47         FDCE                                         r  U_Slow/count_reg[24]/C





Min Delay Paths
--------------------------------------------------------------------------------------
Slack:                    inf
  Source:                 Reset
                            (input port)
  Destination:            U_Slow/count_reg[1]/CLR
                            (removal check against rising-edge clock sys_clk_pin  {rise@0.000ns fall@5.000ns period=10.000ns})
  Path Group:             (none)
  Path Type:              Removal (Min at Fast Process Corner)
  Data Path Delay:        2.015ns  (logic 0.210ns (10.398%)  route 1.806ns (89.602%))
  Logic Levels:           1  (IBUF=1)
  Clock Path Skew:        1.992ns (DCD - SCD - CPR)
    Destination Clock Delay (DCD):    1.992ns
    Source Clock Delay      (SCD):    0.000ns
    Clock Pessimism Removal (CPR):    -0.000ns

    Location             Delay type                Incr(ns)  Path(ns)    Netlist Resource(s)
  -------------------------------------------------------------------    -------------------
    U18                                               0.000     0.000 f  Reset (IN)
                         net (fo=0)                   0.000     0.000    Reset
    U18                  IBUF (Prop_ibuf_I_O)         0.210     0.210 f  Reset_IBUF_inst/O
                         net (fo=40, routed)          1.806     2.015    U_Slow/AR[0]
    SLICE_X62Y42         FDCE                                         f  U_Slow/count_reg[1]/CLR
  -------------------------------------------------------------------    -------------------

                         (clock sys_clk_pin rise edge)
                                                      0.000     0.000 r  
    W5                                                0.000     0.000 r  clk (IN)
                         net (fo=0)                   0.000     0.000    clk
    W5                   IBUF (Prop_ibuf_I_O)         0.414     0.414 r  clk_IBUF_inst/O
                         net (fo=1, routed)           0.685     1.099    clk_IBUF
    BUFGCTRL_X0Y0        BUFG (Prop_bufg_I_O)         0.029     1.128 r  clk_IBUF_BUFG_inst/O
                         net (fo=29, routed)          0.865     1.992    U_Slow/slow_reg_0
    SLICE_X62Y42         FDCE                                         r  U_Slow/count_reg[1]/C

Slack:                    inf
  Source:                 Reset
                            (input port)
  Destination:            U_Slow/count_reg[2]/CLR
                            (removal check against rising-edge clock sys_clk_pin  {rise@0.000ns fall@5.000ns period=10.000ns})
  Path Group:             (none)
  Path Type:              Removal (Min at Fast Process Corner)
  Data Path Delay:        2.015ns  (logic 0.210ns (10.398%)  route 1.806ns (89.602%))
  Logic Levels:           1  (IBUF=1)
  Clock Path Skew:        1.992ns (DCD - SCD - CPR)
    Destination Clock Delay (DCD):    1.992ns
    Source Clock Delay      (SCD):    0.000ns
    Clock Pessimism Removal (CPR):    -0.000ns

    Location             Delay type                Incr(ns)  Path(ns)    Netlist Resource(s)
  -------------------------------------------------------------------    -------------------
    U18                                               0.000     0.000 f  Reset (IN)
                         net (fo=0)                   0.000     0.000    Reset
    U18                  IBUF (Prop_ibuf_I_O)         0.210     0.210 f  Reset_IBUF_inst/O
                         net (fo=40, routed)          1.806     2.015    U_Slow/AR[0]
    SLICE_X62Y42         FDCE                                         f  U_Slow/count_reg[2]/CLR
  -------------------------------------------------------------------    -------------------

                         (clock sys_clk_pin rise edge)
                                                      0.000     0.000 r  
    W5                                                0.000     0.000 r  clk (IN)
                         net (fo=0)                   0.000     0.000    clk
    W5                   IBUF (Prop_ibuf_I_O)         0.414     0.414 r  clk_IBUF_inst/O
                         net (fo=1, routed)           0.685     1.099    clk_IBUF
    BUFGCTRL_X0Y0        BUFG (Prop_bufg_I_O)         0.029     1.128 r  clk_IBUF_BUFG_inst/O
                         net (fo=29, routed)          0.865     1.992    U_Slow/slow_reg_0
    SLICE_X62Y42         FDCE                                         r  U_Slow/count_reg[2]/C

Slack:                    inf
  Source:                 Reset
                            (input port)
  Destination:            U_Slow/count_reg[3]/CLR
                            (removal check against rising-edge clock sys_clk_pin  {rise@0.000ns fall@5.000ns period=10.000ns})
  Path Group:             (none)
  Path Type:              Removal (Min at Fast Process Corner)
  Data Path Delay:        2.015ns  (logic 0.210ns (10.398%)  route 1.806ns (89.602%))
  Logic Levels:           1  (IBUF=1)
  Clock Path Skew:        1.992ns (DCD - SCD - CPR)
    Destination Clock Delay (DCD):    1.992ns
    Source Clock Delay      (SCD):    0.000ns
    Clock Pessimism Removal (CPR):    -0.000ns

    Location             Delay type                Incr(ns)  Path(ns)    Netlist Resource(s)
  -------------------------------------------------------------------    -------------------
    U18                                               0.000     0.000 f  Reset (IN)
                         net (fo=0)                   0.000     0.000    Reset
    U18                  IBUF (Prop_ibuf_I_O)         0.210     0.210 f  Reset_IBUF_inst/O
                         net (fo=40, routed)          1.806     2.015    U_Slow/AR[0]
    SLICE_X62Y42         FDCE                                         f  U_Slow/count_reg[3]/CLR
  -------------------------------------------------------------------    -------------------

                         (clock sys_clk_pin rise edge)
                                                      0.000     0.000 r  
    W5                                                0.000     0.000 r  clk (IN)
                         net (fo=0)                   0.000     0.000    clk
    W5                   IBUF (Prop_ibuf_I_O)         0.414     0.414 r  clk_IBUF_inst/O
                         net (fo=1, routed)           0.685     1.099    clk_IBUF
    BUFGCTRL_X0Y0        BUFG (Prop_bufg_I_O)         0.029     1.128 r  clk_IBUF_BUFG_inst/O
                         net (fo=29, routed)          0.865     1.992    U_Slow/slow_reg_0
    SLICE_X62Y42         FDCE                                         r  U_Slow/count_reg[3]/C

Slack:                    inf
  Source:                 Reset
                            (input port)
  Destination:            U_Slow/count_reg[4]/CLR
                            (removal check against rising-edge clock sys_clk_pin  {rise@0.000ns fall@5.000ns period=10.000ns})
  Path Group:             (none)
  Path Type:              Removal (Min at Fast Process Corner)
  Data Path Delay:        2.015ns  (logic 0.210ns (10.398%)  route 1.806ns (89.602%))
  Logic Levels:           1  (IBUF=1)
  Clock Path Skew:        1.992ns (DCD - SCD - CPR)
    Destination Clock Delay (DCD):    1.992ns
    Source Clock Delay      (SCD):    0.000ns
    Clock Pessimism Removal (CPR):    -0.000ns

    Location             Delay type                Incr(ns)  Path(ns)    Netlist Resource(s)
  -------------------------------------------------------------------    -------------------
    U18                                               0.000     0.000 f  Reset (IN)
                         net (fo=0)                   0.000     0.000    Reset
    U18                  IBUF (Prop_ibuf_I_O)         0.210     0.210 f  Reset_IBUF_inst/O
                         net (fo=40, routed)          1.806     2.015    U_Slow/AR[0]
    SLICE_X62Y42         FDCE                                         f  U_Slow/count_reg[4]/CLR
  -------------------------------------------------------------------    -------------------

                         (clock sys_clk_pin rise edge)
                                                      0.000     0.000 r  
    W5                                                0.000     0.000 r  clk (IN)
                         net (fo=0)                   0.000     0.000    clk
    W5                   IBUF (Prop_ibuf_I_O)         0.414     0.414 r  clk_IBUF_inst/O
                         net (fo=1, routed)           0.685     1.099    clk_IBUF
    BUFGCTRL_X0Y0        BUFG (Prop_bufg_I_O)         0.029     1.128 r  clk_IBUF_BUFG_inst/O
                         net (fo=29, routed)          0.865     1.992    U_Slow/slow_reg_0
    SLICE_X62Y42         FDCE                                         r  U_Slow/count_reg[4]/C

Slack:                    inf
  Source:                 Reset
                            (input port)
  Destination:            U_Slow/count_reg[5]/CLR
                            (removal check against rising-edge clock sys_clk_pin  {rise@0.000ns fall@5.000ns period=10.000ns})
  Path Group:             (none)
  Path Type:              Removal (Min at Fast Process Corner)
  Data Path Delay:        2.078ns  (logic 0.210ns (10.081%)  route 1.869ns (89.919%))
  Logic Levels:           1  (IBUF=1)
  Clock Path Skew:        1.993ns (DCD - SCD - CPR)
    Destination Clock Delay (DCD):    1.993ns
    Source Clock Delay      (SCD):    0.000ns
    Clock Pessimism Removal (CPR):    -0.000ns

    Location             Delay type                Incr(ns)  Path(ns)    Netlist Resource(s)
  -------------------------------------------------------------------    -------------------
    U18                                               0.000     0.000 f  Reset (IN)
                         net (fo=0)                   0.000     0.000    Reset
    U18                  IBUF (Prop_ibuf_I_O)         0.210     0.210 f  Reset_IBUF_inst/O
                         net (fo=40, routed)          1.869     2.078    U_Slow/AR[0]
    SLICE_X62Y43         FDCE                                         f  U_Slow/count_reg[5]/CLR
  -------------------------------------------------------------------    -------------------

                         (clock sys_clk_pin rise edge)
                                                      0.000     0.000 r  
    W5                                                0.000     0.000 r  clk (IN)
                         net (fo=0)                   0.000     0.000    clk
    W5                   IBUF (Prop_ibuf_I_O)         0.414     0.414 r  clk_IBUF_inst/O
                         net (fo=1, routed)           0.685     1.099    clk_IBUF
    BUFGCTRL_X0Y0        BUFG (Prop_bufg_I_O)         0.029     1.128 r  clk_IBUF_BUFG_inst/O
                         net (fo=29, routed)          0.866     1.993    U_Slow/slow_reg_0
    SLICE_X62Y43         FDCE                                         r  U_Slow/count_reg[5]/C

Slack:                    inf
  Source:                 Reset
                            (input port)
  Destination:            U_Slow/count_reg[6]/CLR
                            (removal check against rising-edge clock sys_clk_pin  {rise@0.000ns fall@5.000ns period=10.000ns})
  Path Group:             (none)
  Path Type:              Removal (Min at Fast Process Corner)
  Data Path Delay:        2.078ns  (logic 0.210ns (10.081%)  route 1.869ns (89.919%))
  Logic Levels:           1  (IBUF=1)
  Clock Path Skew:        1.993ns (DCD - SCD - CPR)
    Destination Clock Delay (DCD):    1.993ns
    Source Clock Delay      (SCD):    0.000ns
    Clock Pessimism Removal (CPR):    -0.000ns

    Location             Delay type                Incr(ns)  Path(ns)    Netlist Resource(s)
  -------------------------------------------------------------------    -------------------
    U18                                               0.000     0.000 f  Reset (IN)
                         net (fo=0)                   0.000     0.000    Reset
    U18                  IBUF (Prop_ibuf_I_O)         0.210     0.210 f  Reset_IBUF_inst/O
                         net (fo=40, routed)          1.869     2.078    U_Slow/AR[0]
    SLICE_X62Y43         FDCE                                         f  U_Slow/count_reg[6]/CLR
  -------------------------------------------------------------------    -------------------

                         (clock sys_clk_pin rise edge)
                                                      0.000     0.000 r  
    W5                                                0.000     0.000 r  clk (IN)
                         net (fo=0)                   0.000     0.000    clk
    W5                   IBUF (Prop_ibuf_I_O)         0.414     0.414 r  clk_IBUF_inst/O
                         net (fo=1, routed)           0.685     1.099    clk_IBUF
    BUFGCTRL_X0Y0        BUFG (Prop_bufg_I_O)         0.029     1.128 r  clk_IBUF_BUFG_inst/O
                         net (fo=29, routed)          0.866     1.993    U_Slow/slow_reg_0
    SLICE_X62Y43         FDCE                                         r  U_Slow/count_reg[6]/C

Slack:                    inf
  Source:                 Reset
                            (input port)
  Destination:            U_Slow/count_reg[7]/CLR
                            (removal check against rising-edge clock sys_clk_pin  {rise@0.000ns fall@5.000ns period=10.000ns})
  Path Group:             (none)
  Path Type:              Removal (Min at Fast Process Corner)
  Data Path Delay:        2.078ns  (logic 0.210ns (10.081%)  route 1.869ns (89.919%))
  Logic Levels:           1  (IBUF=1)
  Clock Path Skew:        1.993ns (DCD - SCD - CPR)
    Destination Clock Delay (DCD):    1.993ns
    Source Clock Delay      (SCD):    0.000ns
    Clock Pessimism Removal (CPR):    -0.000ns

    Location             Delay type                Incr(ns)  Path(ns)    Netlist Resource(s)
  -------------------------------------------------------------------    -------------------
    U18                                               0.000     0.000 f  Reset (IN)
                         net (fo=0)                   0.000     0.000    Reset
    U18                  IBUF (Prop_ibuf_I_O)         0.210     0.210 f  Reset_IBUF_inst/O
                         net (fo=40, routed)          1.869     2.078    U_Slow/AR[0]
    SLICE_X62Y43         FDCE                                         f  U_Slow/count_reg[7]/CLR
  -------------------------------------------------------------------    -------------------

                         (clock sys_clk_pin rise edge)
                                                      0.000     0.000 r  
    W5                                                0.000     0.000 r  clk (IN)
                         net (fo=0)                   0.000     0.000    clk
    W5                   IBUF (Prop_ibuf_I_O)         0.414     0.414 r  clk_IBUF_inst/O
                         net (fo=1, routed)           0.685     1.099    clk_IBUF
    BUFGCTRL_X0Y0        BUFG (Prop_bufg_I_O)         0.029     1.128 r  clk_IBUF_BUFG_inst/O
                         net (fo=29, routed)          0.866     1.993    U_Slow/slow_reg_0
    SLICE_X62Y43         FDCE                                         r  U_Slow/count_reg[7]/C

Slack:                    inf
  Source:                 Reset
                            (input port)
  Destination:            U_Slow/count_reg[8]/CLR
                            (removal check against rising-edge clock sys_clk_pin  {rise@0.000ns fall@5.000ns period=10.000ns})
  Path Group:             (none)
  Path Type:              Removal (Min at Fast Process Corner)
  Data Path Delay:        2.078ns  (logic 0.210ns (10.081%)  route 1.869ns (89.919%))
  Logic Levels:           1  (IBUF=1)
  Clock Path Skew:        1.993ns (DCD - SCD - CPR)
    Destination Clock Delay (DCD):    1.993ns
    Source Clock Delay      (SCD):    0.000ns
    Clock Pessimism Removal (CPR):    -0.000ns

    Location             Delay type                Incr(ns)  Path(ns)    Netlist Resource(s)
  -------------------------------------------------------------------    -------------------
    U18                                               0.000     0.000 f  Reset (IN)
                         net (fo=0)                   0.000     0.000    Reset
    U18                  IBUF (Prop_ibuf_I_O)         0.210     0.210 f  Reset_IBUF_inst/O
                         net (fo=40, routed)          1.869     2.078    U_Slow/AR[0]
    SLICE_X62Y43         FDCE                                         f  U_Slow/count_reg[8]/CLR
  -------------------------------------------------------------------    -------------------

                         (clock sys_clk_pin rise edge)
                                                      0.000     0.000 r  
    W5                                                0.000     0.000 r  clk (IN)
                         net (fo=0)                   0.000     0.000    clk
    W5                   IBUF (Prop_ibuf_I_O)         0.414     0.414 r  clk_IBUF_inst/O
                         net (fo=1, routed)           0.685     1.099    clk_IBUF
    BUFGCTRL_X0Y0        BUFG (Prop_bufg_I_O)         0.029     1.128 r  clk_IBUF_BUFG_inst/O
                         net (fo=29, routed)          0.866     1.993    U_Slow/slow_reg_0
    SLICE_X62Y43         FDCE                                         r  U_Slow/count_reg[8]/C

Slack:                    inf
  Source:                 Reset
                            (input port)
  Destination:            U_Slow/count_reg[11]/CLR
                            (removal check against rising-edge clock sys_clk_pin  {rise@0.000ns fall@5.000ns period=10.000ns})
  Path Group:             (none)
  Path Type:              Removal (Min at Fast Process Corner)
  Data Path Delay:        2.142ns  (logic 0.210ns (9.783%)  route 1.932ns (90.217%))
  Logic Levels:           1  (IBUF=1)
  Clock Path Skew:        1.993ns (DCD - SCD - CPR)
    Destination Clock Delay (DCD):    1.993ns
    Source Clock Delay      (SCD):    0.000ns
    Clock Pessimism Removal (CPR):    -0.000ns

    Location             Delay type                Incr(ns)  Path(ns)    Netlist Resource(s)
  -------------------------------------------------------------------    -------------------
    U18                                               0.000     0.000 f  Reset (IN)
                         net (fo=0)                   0.000     0.000    Reset
    U18                  IBUF (Prop_ibuf_I_O)         0.210     0.210 f  Reset_IBUF_inst/O
                         net (fo=40, routed)          1.932     2.142    U_Slow/AR[0]
    SLICE_X62Y44         FDCE                                         f  U_Slow/count_reg[11]/CLR
  -------------------------------------------------------------------    -------------------

                         (clock sys_clk_pin rise edge)
                                                      0.000     0.000 r  
    W5                                                0.000     0.000 r  clk (IN)
                         net (fo=0)                   0.000     0.000    clk
    W5                   IBUF (Prop_ibuf_I_O)         0.414     0.414 r  clk_IBUF_inst/O
                         net (fo=1, routed)           0.685     1.099    clk_IBUF
    BUFGCTRL_X0Y0        BUFG (Prop_bufg_I_O)         0.029     1.128 r  clk_IBUF_BUFG_inst/O
                         net (fo=29, routed)          0.866     1.993    U_Slow/slow_reg_0
    SLICE_X62Y44         FDCE                                         r  U_Slow/count_reg[11]/C

Slack:                    inf
  Source:                 Reset
                            (input port)
  Destination:            U_Slow/slow_reg/CLR
                            (removal check against rising-edge clock sys_clk_pin  {rise@0.000ns fall@5.000ns period=10.000ns})
  Path Group:             (none)
  Path Type:              Removal (Min at Fast Process Corner)
  Data Path Delay:        2.181ns  (logic 0.210ns (9.605%)  route 1.972ns (90.395%))
  Logic Levels:           1  (IBUF=1)
  Clock Path Skew:        1.993ns (DCD - SCD - CPR)
    Destination Clock Delay (DCD):    1.993ns
    Source Clock Delay      (SCD):    0.000ns
    Clock Pessimism Removal (CPR):    -0.000ns

    Location             Delay type                Incr(ns)  Path(ns)    Netlist Resource(s)
  -------------------------------------------------------------------    -------------------
    U18                                               0.000     0.000 f  Reset (IN)
                         net (fo=0)                   0.000     0.000    Reset
    U18                  IBUF (Prop_ibuf_I_O)         0.210     0.210 f  Reset_IBUF_inst/O
                         net (fo=40, routed)          1.972     2.181    U_Slow/AR[0]
    SLICE_X64Y43         FDCE                                         f  U_Slow/slow_reg/CLR
  -------------------------------------------------------------------    -------------------

                         (clock sys_clk_pin rise edge)
                                                      0.000     0.000 r  
    W5                                                0.000     0.000 r  clk (IN)
                         net (fo=0)                   0.000     0.000    clk
    W5                   IBUF (Prop_ibuf_I_O)         0.414     0.414 r  clk_IBUF_inst/O
                         net (fo=1, routed)           0.685     1.099    clk_IBUF
    BUFGCTRL_X0Y0        BUFG (Prop_bufg_I_O)         0.029     1.128 r  clk_IBUF_BUFG_inst/O
                         net (fo=29, routed)          0.866     1.993    U_Slow/slow_reg_0
    SLICE_X64Y43         FDCE                                         r  U_Slow/slow_reg/C





