#
# A fatal error has been detected by the Java Runtime Environment:
#
#  EXCEPTION_ACCESS_VIOLATION (0xc0000005) at pc=0x00007ff9db0c4fc8, pid=40248, tid=32608
#
# JRE version: OpenJDK Runtime Environment Temurin-21.0.5+11 (21.0.5+11) (build 21.0.5+11-LTS)
# Java VM: OpenJDK 64-Bit Server VM Temurin-21.0.5+11 (21.0.5+11-LTS, mixed mode, sharing, tiered, compressed oops, compressed class ptrs, g1 gc, windows-amd64)
# Problematic frame:
# C  0x00007ff9db0c4fc8
#
# No core dump will be written. Minidumps are not enabled by default on client versions of Windows
#
# If you would like to submit a bug report, please visit:
#   https://github.com/adoptium/adoptium-support/issues
# The crash happened outside the Java Virtual Machine in native code.
# See problematic frame for where to report the bug.
#

---------------  S U M M A R Y ------------

Command Line: -Dsun.java2d.pmoffscreen=false -Dhttps.protocols=TLSv1,TLSv1.1,TLSv1.2 -Dsun.java2d.xrender=false -Dsun.java2d.d3d=false -Dsun.awt.nopixfmt=true -Dsun.java2d.dpiaware=true -Dsun.java2d.uiScale.enabled=false -Dswing.aatext=true -XX:-UsePerfData -Djdk.map.althashing.threshold=512 -XX:StringTableSize=4072 -XX:+UseStringDeduplication -XX:MaxGCPauseMillis=200 -XX:ParallelGCThreads=4 -XX:+ParallelRefProcEnabled --add-opens=java.desktop/javax.swing.plaf.synth=ALL-UNNAMED --add-opens=java.base/java.nio=ALL-UNNAMED --add-opens=java.desktop/sun.swing=ALL-UNNAMED --add-opens=java.desktop/javax.swing=ALL-UNNAMED --add-opens=java.desktop/javax.swing.tree=ALL-UNNAMED --add-opens=java.desktop/javax.swing.plaf.basic=ALL-UNNAMED --add-opens=java.desktop/javax.swing.plaf.synth=ALL-UNNAMED --add-opens=java.desktop/javax.swing.plaf.basic=ALL-UNNAMED --add-opens=java.desktop/javax.swing=ALL-UNNAMED --add-opens=java.desktop/javax.swing.tree=ALL-UNNAMED --add-opens=java.desktop/java.awt.event=ALL-UNNAMED --add-exports=java.desktop/javax.swing.plaf.synth=ALL-UNNAMED --add-exports=java.base/java.nio=ALL-UNNAMED --add-exports=java.desktop/sun.swing=ALL-UNNAMED --add-exports=java.desktop/javax.swing=ALL-UNNAMED --add-exports=java.desktop/javax.swing.tree=ALL-UNNAMED --add-exports=java.desktop/javax.swing.plaf.basic=ALL-UNNAMED --add-exports=java.desktop/sun.swing=ALL-UNNAMED --add-exports=java.desktop/sun.swing.table=ALL-UNNAMED --add-exports=java.desktop/sun.swing.plaf.synth=ALL-UNNAMED --add-exports=java.desktop/sun.awt.shell=ALL-UNNAMED --add-exports=java.base/sun.security.action=ALL-UNNAMED --add-exports=java.desktop/sun.font=ALL-UNNAMED -XX:NewSize=80m -XX:MaxNewSize=80m -Xms812m -Xmx6144m -Xss10m 

Host: 13th Gen Intel(R) Core(TM) i7-13620H, 16 cores, 15G,  Windows 11 , 64 bit Build 26100 (10.0.26100.8246)
Time: Fri May  8 22:22:33 2026 Sri Lanka Standard Time elapsed time: 6213.436572 seconds (0d 1h 43m 33s)

---------------  T H R E A D  ---------------

Current thread (0x00000245febc2b50):  JavaThread "AWT-EventQueue-0"        [_thread_in_native, id=32608, stack(0x000000881c700000,0x000000881d100000) (10240K)]

Stack: [0x000000881c700000,0x000000881d100000],  sp=0x000000881d0fe8f0,  free space=10234k
Native frames: (J=compiled Java code, j=interpreted, Vv=VM code, C=native code)
C  0x00007ff9db0c4fc8
C  0x00007ff9db0c40e2
C  0x00007ff9db2d95e9
C  0x00000245ed9722c8

The last pc belongs to native nmethod (printed below).
Java frames: (J=compiled Java code, j=interpreted, Vv=VM code)
J 31904  ui.data.srcscan.srcscani.EditorAssist_createParseInfoIter(JLjava/lang/String;)J (0 bytes) @ 0x00000245ed97222d [0x00000245ed9721c0+0x000000000000006d]
j  ui.h.a.c.ado(Ljava/lang/String;)J+14
j  ui.h.a.d.jtB()V+68
j  ui.h.a.c.jtB()V+4
j  ui.views.X.a.a.mvC()V+25
j  ui.views.X.a.a.mvy()V+38
j  ui.views.X.a.i.finished()V+20
J 55721 c2 ui.frmwork.C.run()V (15 bytes) @ 0x00000245ee3efd48 [0x00000245ee3efa00+0x0000000000000348]
J 15120 c2 java.awt.EventQueue.dispatchEvent(Ljava/awt/AWTEvent;)V java.desktop@21.0.5 (80 bytes) @ 0x00000245ee151d14 [0x00000245ee151400+0x0000000000000914]
J 76792 c2 ui.frmwork.a.d.dispatchEvent(Ljava/awt/AWTEvent;)V (41 bytes) @ 0x00000245ed9c0b24 [0x00000245ed9c0aa0+0x0000000000000084]
J 26066% c2 java.awt.EventDispatchThread.pumpEventsForFilter(ILjava/awt/Conditional;Ljava/awt/EventFilter;)V java.desktop@21.0.5 (47 bytes) @ 0x00000245ed941038 [0x00000245ed940e40+0x00000000000001f8]
j  java.awt.EventDispatchThread.pumpEventsForHierarchy(ILjava/awt/Conditional;Ljava/awt/Component;)V+11 java.desktop@21.0.5
j  java.awt.EventDispatchThread.pumpEvents(ILjava/awt/Conditional;)V+4 java.desktop@21.0.5
j  java.awt.EventDispatchThread.pumpEvents(Ljava/awt/Conditional;)V+3 java.desktop@21.0.5
j  java.awt.EventDispatchThread.run()V+9 java.desktop@21.0.5
v  ~StubRoutines::call_stub 0x00000245ecf5100d

siginfo: EXCEPTION_ACCESS_VIOLATION (0xc0000005), reading address 0xffffffffffffffff


Registers:
RAX=0x000000881d0fe930, RBX=0x00000246475aba48, RCX=0x000000881d0fe930, RDX=0x8000050004b06063
RSP=0x000000881d0fe8f0, RBP=0x000000881d0feb70, RSI=0x0000000000000000, RDI=0x0000024607ccadc0
R8 =0x0000000000000000, R9 =0x0000008811348000, R10=0x00000245d2390000, R11=0x488a2a00a8028082
R12=0x000002460714d5c0, R13=0x0000000000000064, R14=0x0000000000000000, R15=0x0000024609b8dbc0
RIP=0x00007ff9db0c4fc8, EFLAGS=0x0000000000010257


Register to memory mapping:

RAX=0x000000881d0fe930 is pointing into the stack for thread: 0x00000245febc2b50
RBX=0x00000246475aba48 points into unknown readable memory: 0x8000050004b06063 | 63 60 b0 04 00 05 00 80
RCX=0x000000881d0fe930 is pointing into the stack for thread: 0x00000245febc2b50
RDX=0x8000050004b06063 is an unknown value
RSP=0x000000881d0fe8f0 is pointing into the stack for thread: 0x00000245febc2b50
RBP=0x000000881d0feb70 is pointing into the stack for thread: 0x00000245febc2b50
RSI=0x0 is null
RDI=0x0000024607ccadc0 points into unknown readable memory: 0x00007ff9db50abf0 | f0 ab 50 db f9 7f 00 00
R8 =0x0 is null
R9 =0x0000008811348000 points into unknown readable memory: 0x0000000000000000 | 00 00 00 00 00 00 00 00
R10=0x00000245d2390000 points into unknown readable memory: 0x0000000000000000 | 00 00 00 00 00 00 00 00
R11=0x488a2a00a8028082 is an unknown value
R12=0x000002460714d5c0 points into unknown readable memory: 0x00000245d00177e0 | e0 77 01 d0 45 02 00 00
R13=0x0000000000000064 is an unknown value
R14=0x0 is null
R15=0x0000024609b8dbc0 points into unknown readable memory: 0x0055005c003a0043 | 43 00 3a 00 5c 00 55 00

Top of Stack: (sp=0x000000881d0fe8f0)
0x000000881d0fe8f0:   000000881d0fe930 000000881d0feb70
0x000000881d0fe900:   000000881d0feb70 0000024618bbcbf0
0x000000881d0fe910:   0000000000000000 0000024624384350
0x000000881d0fe920:   0000000000000000 000000000000000f
0x000000881d0fe930:   0000000000000000 0000024624384350
0x000000881d0fe940:   0000000000000000 000000000000000f
0x000000881d0fe950:   0000dad00e28a36d 0000024607ccadc0
0x000000881d0fe960:   000002460714d5c0 0000024607ccadc0
0x000000881d0fe970:   000000881d0feb70 00007ff9db0c40e2
0x000000881d0fe980:   726f6e5c73736563 00007ff9db50c798
0x000000881d0fe990:   0000000000000068 000000881d0fea80
0x000000881d0fe9a0:   5c736372732e7373 656e5c315f6d6973
0x000000881d0fe9b0:   6172676f72505c77 65746e756f435f6d
0x000000881d0fe9c0:   6468762e42545f72 00007ffae84d0139
0x000000881d0fe9d0:   00000245c48e82f8 000002460714d5c0
0x000000881d0fe9e0:   0000000000000009 00007ffa000b0101
0x000000881d0fe9f0:   0000000000000001 00007ffa214bf801
0x000000881d0fea00:   0000000000000001 00000245fed6ea28
0x000000881d0fea10:   00000245fed6ea28 00007ffa26307261
0x000000881d0fea20:   0000024618bbcb20 00007ffa20ebfa00
0x000000881d0fea30:   000000881d0fecc0 00007ffa27896204
0x000000881d0fea40:   0000024618bbcb20 0000000000000018
0x000000881d0fea50:   0000000000000010 00007ffa26307ea6
0x000000881d0fea60:   000000881d0feb90 73656372756f732f
0x000000881d0fea70:   0000e7bc7506688c 3b3b3b3b3b3b3b3b
0x000000881d0fea80:   3b3b3b3b3b3b3b3b 00007ffa26542403
0x000000881d0fea90:   0000024618bbcb20 0000024618bbcbf0
0x000000881d0feaa0:   000000881d0feb70 00000245da625120
0x000000881d0feab0:   0000dad00e28a21d 0000024618bbcbf0
0x000000881d0feac0:   0000024609b8dbc0 0000000000000067
0x000000881d0fead0:   0000000000000064 000002460714d5c0
0x000000881d0feae0:   00000245febc2f08 0000000000000000 

Instructions: (pc=0x00007ff9db0c4fc8)
0x00007ff9db0c4ec8:   c0 f8 48 83 f8 1f 76 07 ff 15 d2 59 42 00 cc e8
0x00007ff9db0c4ed8:   fc 40 2f 00 48 c7 44 24 38 00 00 00 00 48 c7 44
0x00007ff9db0c4ee8:   24 40 0f 00 00 00 c6 44 24 28 00 48 8b cb e8 0d
0x00007ff9db0c4ef8:   37 2f 00 48 8b c6 48 8b 4c 24 48 48 33 cc e8 b5
0x00007ff9db0c4f08:   49 2f 00 48 8b 9c 24 88 00 00 00 48 83 c4 50 5f
0x00007ff9db0c4f18:   5e 5d c3 8b c8 e8 ec 36 2f 00 cc cc cc cc cc cc
0x00007ff9db0c4f28:   cc cc cc cc cc cc cc cc b8 02 00 00 00 c3 cc cc
0x00007ff9db0c4f38:   cc cc cc cc cc cc cc cc 8b 01 90 c3 cc cc cc cc
0x00007ff9db0c4f48:   cc cc cc cc cc cc cc cc 48 89 5c 24 18 48 89 6c
0x00007ff9db0c4f58:   24 20 56 57 41 56 48 83 ec 70 48 8b 05 df a9 62
0x00007ff9db0c4f68:   00 48 33 c4 48 89 44 24 60 48 8b ea 48 8b f9 48
0x00007ff9db0c4f78:   8b 01 48 8b 40 08 ff 15 14 7a 42 00 8b f0 85 c0
0x00007ff9db0c4f88:   0f 85 27 01 00 00 48 8b 5f 08 48 83 c3 08 48 3b
0x00007ff9db0c4f98:   5f 10 0f 84 15 01 00 00 45 33 f6 48 8b 13 4c 89
0x00007ff9db0c4fa8:   74 24 20 4c 89 74 24 30 48 c7 44 24 38 0f 00 00
0x00007ff9db0c4fb8:   00 c6 44 24 20 00 49 c7 c0 ff ff ff ff 49 ff c0
0x00007ff9db0c4fc8:   42 80 3c 02 00 75 f6 48 8d 4c 24 20 e8 57 a3 de
0x00007ff9db0c4fd8:   ff 90 48 8d 54 24 20 48 8d 4c 24 40 ff 15 0e 5d
0x00007ff9db0c4fe8:   42 00 90 48 8b d5 48 8d 4c 24 40 ff 15 c7 61 42
0x00007ff9db0c4ff8:   00 84 c0 75 55 48 8d 4c 24 40 ff 15 f8 5c 42 00
0x00007ff9db0c5008:   90 48 8b 54 24 38 48 83 fa 10 72 2e 48 ff c2 48
0x00007ff9db0c5018:   8b 4c 24 20 48 8b c1 48 81 fa 00 10 00 00 72 15
0x00007ff9db0c5028:   48 83 c2 27 48 8b 49 f8 48 2b c1 48 83 c0 f8 48
0x00007ff9db0c5038:   83 f8 1f 77 6c e8 96 3f 2f 00 48 83 c3 08 48 3b
0x00007ff9db0c5048:   5f 10 0f 85 53 ff ff ff eb 63 48 8b 07 48 8d 54
0x00007ff9db0c5058:   24 20 48 8b cf 48 8b 40 08 ff 15 31 79 42 00 8b
0x00007ff9db0c5068:   f0 48 8d 4c 24 40 ff 15 8c 5c 42 00 90 48 8b 54
0x00007ff9db0c5078:   24 38 48 83 fa 10 72 35 48 ff c2 48 8b 4c 24 20
0x00007ff9db0c5088:   48 8b c1 48 81 fa 00 10 00 00 72 1c 48 83 c2 27
0x00007ff9db0c5098:   48 8b 49 f8 48 2b c1 48 83 c0 f8 48 83 f8 1f 76
0x00007ff9db0c50a8:   07 ff 15 f9 57 42 00 cc e8 23 3f 2f 00 8b c6 48
0x00007ff9db0c50b8:   8b 4c 24 60 48 33 cc e8 fc 47 2f 00 4c 8d 5c 24 


Stack slot to memory mapping:

stack at sp + 0 slots: 0x000000881d0fe930 is pointing into the stack for thread: 0x00000245febc2b50
stack at sp + 1 slots: 0x000000881d0feb70 is pointing into the stack for thread: 0x00000245febc2b50
stack at sp + 2 slots: 0x000000881d0feb70 is pointing into the stack for thread: 0x00000245febc2b50
stack at sp + 3 slots: 0x0000024618bbcbf0 points into unknown readable memory: 0x0064006800000000 | 00 00 00 00 68 00 64 00
stack at sp + 4 slots: 0x0 is null
stack at sp + 5 slots: 0x0000024624384350 points into unknown readable memory: 0x7265747369676572 | 72 65 67 69 73 74 65 72
stack at sp + 6 slots: 0x0 is null
stack at sp + 7 slots: 0x000000000000000f is an unknown value


Compiled method (n/a) 6213591 31904     n 0       ui.data.srcscan.srcscani::EditorAssist_createParseInfoIter (native)
 total in heap  [0x00000245ed972010,0x00000245ed972410] = 1024
 relocation     [0x00000245ed972170,0x00000245ed9721a8] = 56
 main code      [0x00000245ed9721c0,0x00000245ed972404] = 580
 stub code      [0x00000245ed972404,0x00000245ed972408] = 4
 oops           [0x00000245ed972408,0x00000245ed972410] = 8

[Constant Pool (empty)]

[MachCode]
[Entry Point]
  # {method} {0x00000245c48e6fc8} 'EditorAssist_createParseInfoIter' '(JLjava/lang/String;)J' in 'ui/data/srcscan/srcscani'
  # parm0:    rdx:rdx   = long
  # parm1:    r8:r8     = 'java/lang/String'
  #           [sp+0x70]  (sp of caller)
  0x00000245ed9721c0: 448b 5208 | 49bb 0000 | 0080 4502 | 0000 4d03 | d349 3bc2 | 0f84 0600 

  0x00000245ed9721d8: ;   {runtime_call ic_miss_stub}
  0x00000245ed9721d8: 0000 e9a1 | c562 ff90 
[Verified Entry Point]
  0x00000245ed9721e0: 8984 2400 | 80ff ff55 | 488b ec48 | 83ec 6090 | 4181 7f20 | 0302 0000 

  0x00000245ed9721f8: ;   {runtime_call StubRoutines (final stubs)}
  0x00000245ed9721f8: 7405 e861 | 2b61 ff4c | 8944 2428 | 4983 f800 | 4c8d 4c24 | 284c 0f44 | 4c24 284c 

  0x00000245ed972214: ;   {oop(a 'java/lang/Class'{0x00000006826eab98} = 'ui/data/srcscan/srcscani')}
  0x00000245ed972214: 8bc2 49be | 98ab 6e82 | 0600 0000 | 4c89 7424 | 504c 8d74 | 2450 498b | d6c5 f877 

  0x00000245ed972230: ;   {internal_word}
  0x00000245ed972230: 49ba 2d22 | 97ed 4502 | 0000 4d89 | 97a0 0300 | 0049 89a7 | 9803 0000 

  0x00000245ed972248: ;   {external_word}
  0x00000245ed972248: 49ba 354b | a921 fa7f | 0000 4180 | 3a00 0f84 | 4e00 0000 | 5241 5041 

  0x00000245ed972260: ;   {metadata({method} {0x00000245c48e6fc8} 'EditorAssist_createParseInfoIter' '(JLjava/lang/String;)J' in 'ui/data/srcscan/srcscani')}
  0x00000245ed972260: 5148 bac0 | 6f8e c445 | 0200 0049 | 8bcf 4883 | ec20 40f6 | c40f 0f84 | 1900 0000 | 4883 ec08 
  0x00000245ed972280: ;   {runtime_call}
  0x00000245ed972280: 48b8 5041 | 5321 fa7f | 0000 ffd0 | 4883 c408 | e90c 0000 

  0x00000245ed972294: ;   {runtime_call}
  0x00000245ed972294: 0048 b850 | 4153 21fa | 7f00 00ff | d048 83c4 | 2041 5941 | 585a 498d | 8fb8 0300 | 0041 c787 
  0x00000245ed9722b4: 4404 0000 | 0400 0000 

  0x00000245ed9722bc: ;   {runtime_call}
  0x00000245ed9722bc: 48b8 f092 | 2ddb f97f | 0000 ffd0 | c5f8 7741 | c787 4404 | 0000 0500 | 0000 f083 | 4424 c000 
  0x00000245ed9722dc: 493b af48 | 0400 000f | 870e 0000 | 0041 83bf | 4004 0000 | 000f 842b | 0000 00c5 | f877 4889 
  0x00000245ed9722fc: 45f8 498b | cf4c 8be4 | 4883 ec20 | 4883 e4f0 

  0x00000245ed97230c: ;   {runtime_call}
  0x00000245ed97230c: 48b8 e0cd | 1e21 fa7f | 0000 ffd0 | 498b e44d | 33e4 488b | 45f8 41c7 | 8744 0400 | 0008 0000 
  0x00000245ed97232c: 0041 83bf | c004 0000 | 020f 849c 

  0x00000245ed972338: ;   {external_word}
  0x00000245ed972338: 0000 0049 | ba35 4ba9 | 21fa 7f00 | 0041 803a | 000f 844c | 0000 0048 

  0x00000245ed972350: ;   {metadata({method} {0x00000245c48e6fc8} 'EditorAssist_createParseInfoIter' '(JLjava/lang/String;)J' in 'ui/data/srcscan/srcscani')}
  0x00000245ed972350: 8945 f848 | bac0 6f8e | c445 0200 | 0049 8bcf | 4883 ec20 | 40f6 c40f | 0f84 1900 | 0000 4883 
  0x00000245ed972370: ;   {runtime_call}
  0x00000245ed972370: ec08 48b8 | 5041 5321 | fa7f 0000 | ffd0 4883 | c408 e90c 

  0x00000245ed972384: ;   {runtime_call}
  0x00000245ed972384: 0000 0048 | b850 4153 | 21fa 7f00 | 00ff d048 | 83c4 2048 | 8b45 f849 | c787 9803 | 0000 0000 
  0x00000245ed9723a4: 0000 49c7 | 87a0 0300 | 0000 0000 | 00c5 f877 | 498b 8f28 | 0400 00c7 | 8100 0100 | 0000 0000 
  0x00000245ed9723c4: 00c9 4983 | 7f08 000f | 8501 0000 

  0x00000245ed9723d0: ;   {runtime_call StubRoutines (initial stubs)}
  0x00000245ed9723d0: 00c3 e929 | eb5d ffc5 | f877 4889 | 45f8 4c8b | e448 83ec | 2048 83e4 

  0x00000245ed9723e8: ;   {runtime_call}
  0x00000245ed9723e8: f048 b830 | 7953 21fa | 7f00 00ff | d049 8be4 | 4d33 e448 | 8b45 f8e9 | 37ff ffff 
[Stub Code]
  0x00000245ed972404: f4f4 f4f4 
[/MachCode]


Compiled method (c2) 6213599 55721       4       ui.frmwork.C::run (15 bytes)
 total in heap  [0x00000245ee3ef810,0x00000245ee3f02d8] = 2760
 relocation     [0x00000245ee3ef970,0x00000245ee3ef9f0] = 128
 main code      [0x00000245ee3efa00,0x00000245ee3eff90] = 1424
 stub code      [0x00000245ee3eff90,0x00000245ee3effd8] = 72
 oops           [0x00000245ee3effd8,0x00000245ee3effe8] = 16
 metadata       [0x00000245ee3effe8,0x00000245ee3f0050] = 104
 scopes data    [0x00000245ee3f0050,0x00000245ee3f0178] = 296
 scopes pcs     [0x00000245ee3f0178,0x00000245ee3f0248] = 208
 dependencies   [0x00000245ee3f0248,0x00000245ee3f0260] = 24
 handler table  [0x00000245ee3f0260,0x00000245ee3f02c0] = 96
 nul chk table  [0x00000245ee3f02c0,0x00000245ee3f02d8] = 24

[Constant Pool (empty)]

[MachCode]
[Entry Point]
  # {method} {0x00000245c2060ac0} 'run' '()V' in 'ui/frmwork/C'
  #           [sp+0x70]  (sp of caller)
  0x00000245ee3efa00: 448b 5208 | 49bb 0000 | 0080 4502 | 0000 4d03 | d349 3bc2 

  0x00000245ee3efa14: ;   {runtime_call ic_miss_stub}
  0x00000245ee3efa14: 0f85 66ed | bafe 6690 | 0f1f 4000 
[Verified Entry Point]
  0x00000245ee3efa20: 8984 2400 | 80ff ff55 | 4883 ec60 | 4181 7f20 | 0302 0000 | 0f85 4a05 | 0000 4889 | 5424 3844 
  0x00000245ee3efa40: 8b52 0c44 | 8954 2440 | 4585 d20f | 845f 0300 | 004f 8d1c 

  0x00000245ee3efa54: ;   {oop(a 'java/util/ArrayList'{0x00000006809853b0})}
  0x00000245ee3efa54: d449 b8b0 | 5398 8006 | 0000 0048 | 8d5c 2450 | 498b 00a8 | 020f 8523 | 0000 0048 | 83c8 0148 
  0x00000245ee3efa74: 8903 f049 | 0fb1 180f | 8437 0000 | 0048 2bc4 | 4825 07f0 | ffff 4889 | 03e9 2400 | 0000 4c8b 
  0x00000245ee3efa94: d048 33c0 | f04d 0fb1 | 7a3e 48c7 | 0303 0000 | 0074 114c | 3bf8 7515 | 49ff 8286 | 0000 0048 
  0x00000245ee3efab4: 33c0 7509 | 49ff 8748 | 0500 0033 | c00f 85fd 

  0x00000245ee3efac4: ;   {oop(a 'java/util/HashSet'{0x0000000680985340})}
  0x00000245ee3efac4: 0200 0049 | ba40 5398 | 8006 0000 | 0041 8b6a | 0c45 8b54 

  0x00000245ee3efad8: ;   {metadata('java/util/HashMap')}
  0x00000245ee3efad8: ec08 4181 | fad0 c508 | 000f 850f | 0300 004d | 8b13 48c1 | e503 4d8b | c249 83e0 | 0349 83f8 
  0x00000245ee3efaf8: 010f 8564 | 0200 0049 | c1ea 0841 | 8bc2 25ff | ffff 7f85 | c00f 8450 | 0200 0048 | 8bd5 4c89 
  0x00000245ee3efb18: 5c24 2044 | 8bc0 41c1 | e810 4433 | c033 ff4d | 8bcb 33f6 | b901 0000 

  0x00000245ee3efb30: ;   {optimized virtual_call}
  0x00000245ee3efb30: 0066 90e8 

  0x00000245ee3efb34: ; ImmutableOopMap {[32]=Oop [56]=Oop [64]=NarrowOop }
                      ;*invokevirtual removeNode {reexecute=0 rethrow=0 return_oop=1}
                      ; - java.util.HashMap::remove@9 (line 805)
                      ; - java.util.HashSet::remove@5 (line 245)
                      ; - ui.frmwork.B::hPi@10 (line 309)
                      ; - ui.frmwork.C::run@4 (line 202)
  0x00000245ee3efb34: 885a a3ff 

  0x00000245ee3efb38: ;   {other}
  0x00000245ee3efb38: 0f1f 8400 | 2803 0000 

  0x00000245ee3efb40: ;   {oop(a 'java/util/ArrayList'{0x00000006809853b0})}
  0x00000245ee3efb40: 49ba b053 | 9880 0600 | 0000 418b | 6a10 85ed | 0f8e 2e01 | 0000 41ba | 0100 0000 | 443b d5ba 
  0x00000245ee3efb60: 0100 0000 

  0x00000245ee3efb64: ;   {oop(a 'java/util/ArrayList'{0x00000006809853b0})}
  0x00000245ee3efb64: 0f4f d549 | bab0 5398 | 8006 0000 | 0045 8b52 | 144f 8d04 | d445 33c9 

  0x00000245ee3efb7c: ; implicit exception: dispatches to 0x00000245ee3efe5a
  0x00000245ee3efb7c: 438b 7cd4 | 0c44 3bcf | 0f83 0002 | 0000 478b | 5c88 108b | 5c24 4041 | 3bdb 0f84 | d100 0000 
  0x00000245ee3efb9c: 458d 5901 | 443b da7d | 0545 8bcb | ebd2 4863 | cd48 63d7 | 483b ca48 | 0f4c d148 | 83c2 fd48 
  0x00000245ee3efbbc: c7c1 0000 | 0080 4881 | fa00 0000 | 8048 0f4c | d18b f244 | 3bde 0f8d | 7002 0000 | 41ff c1ba 
  0x00000245ee3efbdc: a00f 0000 | 8bc6 412b | c145 33db | 413b f141 | 0f4c c33d | a00f 0000 | 0f47 c241 | 03c1 660f 
  0x00000245ee3efbfc: 1f44 0000 | 438b 4c88 | 103b d974 | 6447 8b5c | 8814 413b | db74 5147 | 8b5c 8818 | 413b db74 
  0x00000245ee3efc1c: 4c47 8b5c | 881c 413b | db74 3941 | 83c1 0444 | 3bc8 7cd0 | 4d8b 9f50 

  0x00000245ee3efc34: ; ImmutableOopMap {r10=NarrowOop r8=Oop rbx=NarrowOop [32]=Oop [56]=Oop }
                      ;*goto {reexecute=1 rethrow=0 return_oop=0}
                      ; - (reexecute) java.util.ArrayList::remove@62 (line 705)
                      ; - ui.frmwork.B::hPi@18 (line 310)
                      ; - ui.frmwork.C::run@4 (line 202)
                      ;   {poll}
  0x00000245ee3efc34: 0400 0041 | 8503 443b | ce7c a144 | 3bcd 7d40 | 443b cf0f | 8303 0200 | 0043 8b4c | 8810 3bd9 
  0x00000245ee3efc54: 7417 41ff | c144 3bcd | 7ce6 eb24 | 4183 c102 | 41ff c1eb | 0441 83c1 

  0x00000245ee3efc6c: ;   {oop(a 'java/util/ArrayList'{0x00000006809853b0})}
  0x00000245ee3efc6c: 0248 bab0 | 5398 8006 

  0x00000245ee3efc74: ;   {optimized virtual_call}
  0x00000245ee3efc74: 0000 00e8 

  0x00000245ee3efc78: ; ImmutableOopMap {[56]=Oop }
                      ;*invokevirtual fastRemove {reexecute=0 rethrow=0 return_oop=0}
                      ; - java.util.ArrayList::remove@71 (line 711)
                      ; - ui.frmwork.B::hPi@18 (line 310)
                      ; - ui.frmwork.C::run@4 (line 202)
  0x00000245ee3efc78: 44f4 2bff 

  0x00000245ee3efc7c: ;   {other}
  0x00000245ee3efc7c: 0f1f 8400 | 6c04 0002 

  0x00000245ee3efc84: ;   {oop(a 'java/util/ArrayList'{0x00000006809853b0})}
  0x00000245ee3efc84: 49bb b053 | 9880 0600 | 0000 488d | 4424 5048 | 8338 000f | 8479 0000 | 004d 8b13 | 41f6 c202 
  0x00000245ee3efca4: 0f84 6200 | 0000 4983 | ba86 0000 | 0000 7409 | 49ff 8a86 | 0000 00eb | 4b49 8b82 | 9600 0000 
  0x00000245ee3efcc4: 490b 828e | 0000 0075 | 0a49 c742 | 3e00 0000 | 00eb 3d49 | 83ba 9e00 | 0000 0074 | 2248 33c0 
  0x00000245ee3efce4: 49c7 423e | 0000 0000 | f083 0424 | 0049 83ba | 9e00 0000 | 0075 0df0 | 4d0f b17a | 3e75 0583 
  0x00000245ee3efd04: c801 eb0c | a800 eb08 | 4c8b 10f0 | 4d0f b113 | 750a 49ff | 8f48 0500 | 0045 33d2 | 0f85 f600 
  0x00000245ee3efd24: 0000 4c8b | 5424 3845 | 8b52 0c49 | 8bd2 48c1 | e203 6666 | 9048 b8ff | ffff ffff 

  0x00000245ee3efd40: ;   {virtual_call}
  0x00000245ee3efd40: ffff ffe8 

  0x00000245ee3efd44: ; ImmutableOopMap {}
                      ;*invokevirtual finished {reexecute=0 rethrow=0 return_oop=0}
                      ; - ui.frmwork.C::run@11 (line 203)
  0x00000245ee3efd44: a04a e9fe 

  0x00000245ee3efd48: ;   {other}
  0x00000245ee3efd48: 0f1f 8400 | 3805 0003 | 4883 c460 

  0x00000245ee3efd54: ;   {poll_return}
  0x00000245ee3efd54: 5d49 3ba7 | 4804 0000 | 0f87 0c02 | 0000 c349 | 8bd3 4c89 | 5c24 304c | 895c 2448 

  0x00000245ee3efd70: ;   {optimized virtual_call}
  0x00000245ee3efd70: 6666 90e8 

  0x00000245ee3efd74: ; ImmutableOopMap {rbp=Oop [48]=Oop [56]=Oop [64]=NarrowOop [72]=Oop }
                      ;*invokevirtual hashCode {reexecute=0 rethrow=0 return_oop=0}
                      ; - java.util.HashMap::hash@9 (line 338)
                      ; - java.util.HashMap::remove@2 (line 805)
                      ; - java.util.HashSet::remove@5 (line 245)
                      ; - ui.frmwork.B::hPi@10 (line 309)
                      ; - ui.frmwork.C::run@4 (line 202)
  0x00000245ee3efd74: 4884 2bff 

  0x00000245ee3efd78: ;   {other}
  0x00000245ee3efd78: 0f1f 8400 | 6805 0004 | 4c8b 5c24 | 30e9 89fd | ffff 4489 | 4c24 208b | 5c24 40ba | e4ff ffff 
  0x00000245ee3efd98: 895c 242c | 4489 5424 

  0x00000245ee3efda0: ;   {runtime_call UncommonTrapBlob}
  0x00000245ee3efda0: 3066 90e8 

  0x00000245ee3efda4: ; ImmutableOopMap {[44]=NarrowOop [48]=NarrowOop [56]=Oop }
                      ;*aaload {reexecute=0 rethrow=0 return_oop=0}
                      ; - java.util.ArrayList::remove@49 (line 706)
                      ; - ui.frmwork.B::hPi@18 (line 310)
                      ; - ui.frmwork.C::run@4 (line 202)
  0x00000245ee3efda4: 5848 bbfe 

  0x00000245ee3efda8: ;   {other}
  0x00000245ee3efda8: 0f1f 8400 | 9805 0005 | baf6 ffff 

  0x00000245ee3efdb4: ;   {runtime_call UncommonTrapBlob}
  0x00000245ee3efdb4: ff66 90e8 

  0x00000245ee3efdb8: ; ImmutableOopMap {}
                      ;*invokevirtual hPi {reexecute=0 rethrow=0 return_oop=0}
                      ; - ui.frmwork.C::run@4 (line 202)
  0x00000245ee3efdb8: 4448 bbfe 

  0x00000245ee3efdbc: ;   {other}
  0x00000245ee3efdbc: 0f1f 8400 | ac05 0006 

  0x00000245ee3efdc4: ;   {oop(a 'java/util/ArrayList'{0x00000006809853b0})}
  0x00000245ee3efdc4: 48ba b053 | 9880 0600 | 0000 4c8d | 4424 5048 | 8b6c 2438 | 4c89 5c24 

  0x00000245ee3efddc: ;   {runtime_call _complete_monitor_locking_Java}
  0x00000245ee3efddc: 2866 90e8 

  0x00000245ee3efde0: ; ImmutableOopMap {rbp=Oop [40]=Oop [56]=Oop [64]=NarrowOop }
                      ;*monitorenter {reexecute=0 rethrow=0 return_oop=0}
                      ; - ui.frmwork.B::hPi@5 (line 308)
                      ; - ui.frmwork.C::run@4 (line 202)
  0x00000245ee3efde0: 1cbe e2fe 

  0x00000245ee3efde4: ;   {other}
  0x00000245ee3efde4: 0f1f 8400 | d405 0007 | 4c8b 5c24 | 28e9 d1fc | ffff bade | ffff ff48 | 8944 24f8 | 8b44 2440 
  0x00000245ee3efe04: 8944 2420 | 488b 4424 

  0x00000245ee3efe0c: ;   {runtime_call UncommonTrapBlob}
  0x00000245ee3efe0c: f866 90e8 

  0x00000245ee3efe10: ; ImmutableOopMap {rbp=NarrowOop [32]=NarrowOop [56]=Oop }
                      ;*invokevirtual remove {reexecute=0 rethrow=0 return_oop=0}
                      ; - java.util.HashSet::remove@5 (line 245)
                      ; - ui.frmwork.B::hPi@10 (line 309)
                      ; - ui.frmwork.C::run@4 (line 202)
  0x00000245ee3efe10: ec47 bbfe 

  0x00000245ee3efe14: ;   {other}
  0x00000245ee3efe14: 0f1f 8400 | 0406 0008 

  0x00000245ee3efe1c: ;   {oop(a 'java/util/ArrayList'{0x00000006809853b0})}
  0x00000245ee3efe1c: 48b9 b053 | 9880 0600 | 0000 488d | 5424 504d | 8bc7 49ba | 702f 5321 | fa7f 0000 

  0x00000245ee3efe38: ;   {other}
  0x00000245ee3efe38: 41ff d20f | 1f84 0000 | 0000 00e9 | defe ffff | 458b cbe9 | effd ffff | 4489 4c24 | 20e9 39ff 
  0x00000245ee3efe58: ffff baf6 | ffff ff41 

  0x00000245ee3efe60: ;   {runtime_call UncommonTrapBlob}
  0x00000245ee3efe60: 8be9 90e8 

  0x00000245ee3efe64: ; ImmutableOopMap {[56]=Oop }
                      ;*aaload {reexecute=0 rethrow=0 return_oop=0}
                      ; - java.util.ArrayList::remove@49 (line 706)
                      ; - ui.frmwork.B::hPi@18 (line 310)
                      ; - ui.frmwork.C::run@4 (line 202)
  0x00000245ee3efe64: 9847 bbfe 

  0x00000245ee3efe68: ;   {other}
  0x00000245ee3efe68: 0f1f 8400 | 5806 0009 | baf6 ffff | ff8b 6c24 

  0x00000245ee3efe78: ;   {runtime_call UncommonTrapBlob}
  0x00000245ee3efe78: 4066 90e8 

  0x00000245ee3efe7c: ; ImmutableOopMap {rbp=NarrowOop [56]=Oop }
                      ;*invokevirtual remove {reexecute=0 rethrow=0 return_oop=0}
                      ; - java.util.HashSet::remove@5 (line 245)
                      ; - ui.frmwork.B::hPi@10 (line 309)
                      ; - ui.frmwork.C::run@4 (line 202)
  0x00000245ee3efe7c: 8047 bbfe 

  0x00000245ee3efe80: ;   {other}
  0x00000245ee3efe80: 0f1f 8400 | 7006 000a | 488b d8eb | 0848 8bd8 | eb03 488b 

  0x00000245ee3efe94: ;   {oop(a 'java/util/ArrayList'{0x00000006809853b0})}
  0x00000245ee3efe94: d849 bbb0 | 5398 8006 | 0000 0048 | 8d44 2450 | 4883 3800 | 0f84 7900 | 0000 4d8b | 1341 f6c2 
  0x00000245ee3efeb4: 020f 8462 | 0000 0049 | 83ba 8600 | 0000 0074 | 0949 ff8a | 8600 0000 | eb4b 498b | 8296 0000 
  0x00000245ee3efed4: 0049 0b82 | 8e00 0000 | 750a 49c7 | 423e 0000 | 0000 eb3d | 4983 ba9e | 0000 0000 | 7422 4833 
  0x00000245ee3efef4: c049 c742 | 3e00 0000 | 00f0 8304 | 2400 4983 | ba9e 0000 | 0000 750d | f04d 0fb1 | 7a3e 7505 
  0x00000245ee3eff14: 83c8 01eb | 0ca8 00eb | 084c 8b10 | f04d 0fb1 | 1375 0a49 | ff8f 4805 | 0000 4533 | d275 1248 
  0x00000245ee3eff34: 8bd3 eb03 | 488b d048 | 83c4 605d 

  0x00000245ee3eff40: ;   {runtime_call _rethrow_Java}
  0x00000245ee3eff40: e9bb c5e2 

  0x00000245ee3eff44: ;   {oop(a 'java/util/ArrayList'{0x00000006809853b0})}
  0x00000245ee3eff44: fe48 b9b0 | 5398 8006 | 0000 0048 | 8d54 2450 | 4d8b c749 | ba70 2f53 | 21fa 7f00 | 0041 ffd2 
  0x00000245ee3eff64: ;   {other}
  0x00000245ee3eff64: 0f1f 8400 | 0000 0000 

  0x00000245ee3eff6c: ;   {internal_word}
  0x00000245ee3eff6c: ebc5 49ba | 55fd 3eee | 4502 0000 | 4d89 9760 

  0x00000245ee3eff7c: ;   {runtime_call SafepointBlob}
  0x00000245ee3eff7c: 0400 00e9 | 7c57 bbfe 

  0x00000245ee3eff84: ;   {runtime_call StubRoutines (final stubs)}
  0x00000245ee3eff84: e8d7 4db9 | fee9 acfa | ffff f4f4 
[Stub Code]
  0x00000245ee3eff90: ;   {no_reloc}
  0x00000245ee3eff90: 48bb 0000 | 0000 0000 

  0x00000245ee3eff98: ;   {runtime_call nmethod}
  0x00000245ee3eff98: 0000 e9fb 

  0x00000245ee3eff9c: ;   {static_stub}
  0x00000245ee3eff9c: ffff ff48 | bb00 0000 | 0000 0000 

  0x00000245ee3effa8: ;   {runtime_call nmethod}
  0x00000245ee3effa8: 00e9 fbff 

  0x00000245ee3effac: ;   {static_stub}
  0x00000245ee3effac: ffff 48bb | 0000 0000 | 0000 0000 

  0x00000245ee3effb8: ;   {runtime_call nmethod}
  0x00000245ee3effb8: e9fb ffff 

  0x00000245ee3effbc: ;   {runtime_call ExceptionBlob}
  0x00000245ee3effbc: ffe9 bed7 | c7fe e800 | 0000 0048 | 832c 2405 

  0x00000245ee3effcc: ;   {runtime_call DeoptimizationBlob}
  0x00000245ee3effcc: e9cf 49bb | fef4 f4f4 | f4f4 f4f4 
[/MachCode]


Compiled method (c2) 6213607 15120       4       java.awt.EventQueue::dispatchEvent (80 bytes)
 total in heap  [0x00000245ee151010,0x00000245ee1545e0] = 13776
 relocation     [0x00000245ee151170,0x00000245ee1513f8] = 648
 main code      [0x00000245ee151400,0x00000245ee1532f0] = 7920
 stub code      [0x00000245ee1532f0,0x00000245ee1533b0] = 192
 oops           [0x00000245ee1533b0,0x00000245ee1533d8] = 40
 metadata       [0x00000245ee1533d8,0x00000245ee153590] = 440
 scopes data    [0x00000245ee153590,0x00000245ee153d60] = 2000
 scopes pcs     [0x00000245ee153d60,0x00000245ee1541f0] = 1168
 dependencies   [0x00000245ee1541f0,0x00000245ee154228] = 56
 handler table  [0x00000245ee154228,0x00000245ee154558] = 816
 nul chk table  [0x00000245ee154558,0x00000245ee1545e0] = 136

[Constant Pool (empty)]

[MachCode]
[Entry Point]
  # {method} {0x00000245c125cbc8} 'dispatchEvent' '(Ljava/awt/AWTEvent;)V' in 'java/awt/EventQueue'
  # this:     rdx:rdx   = 'java/awt/EventQueue'
  # parm0:    r8:r8     = 'java/awt/AWTEvent'
  #           [sp+0x90]  (sp of caller)
  0x00000245ee151400: 448b 5208 | 49bb 0000 | 0080 4502 | 0000 4d03 | d349 3bc2 

  0x00000245ee151414: ;   {runtime_call ic_miss_stub}
  0x00000245ee151414: 0f85 66d3 | e4fe 6690 | 0f1f 4000 
[Verified Entry Point]
  0x00000245ee151420: 8984 2400 | 80ff ff55 | 4881 ec80 | 0000 0090 | 4181 7f20 | 0302 0000 | 0f85 a81e | 0000 4889 
  0x00000245ee151440: 5424 204c | 8944 2438 

  0x00000245ee151448: ; implicit exception: dispatches to 0x00000245ee152d14
  0x00000245ee151448: 418b 680c | 498b 87b8 | 0100 004d | 8b97 8003 | 0000 4c8b | d849 83c3 | 184d 8b12 | 4c89 5424 
  0x00000245ee151468: 404d 3b9f | c801 0000 | 0f83 eb12 | 0000 4d89 | 9fb8 0100 | 0041 0f0d | 8bc0 0000 | 0048 c700 
  0x00000245ee151488: 0100 0000 

  0x00000245ee15148c: ;   {metadata('java/awt/EventQueue$4')}
  0x00000245ee15148c: c740 0878 | d00a 014c | 8b54 2438 | 49c1 ea03 | 4489 500c | 8968 104c | 8b54 2420 | 49c1 ea03 
  0x00000245ee1514ac: 4489 5014 | 4889 4424 

  0x00000245ee1514b4: ;   {static_call}
  0x00000245ee1514b4: 3066 90e8 

  0x00000245ee1514b8: ; ImmutableOopMap {rbp=NarrowOop [32]=Oop [48]=Oop [56]=Oop [64]=Oop }
                      ;*invokestatic getStackAccessControlContext {reexecute=0 rethrow=0 return_oop=1}
                      ; - java.security.AccessController::getContext@0 (line 1006)
                      ; - java.awt.EventQueue::dispatchEvent@16 (line 736)
  0x00000245ee1514b8: 246d 6cff 

  0x00000245ee1514bc: ;   {other}
  0x00000245ee1514bc: 0f1f 8400 | ac04 0000 | 4885 c00f | 8445 0d00 | 0048 8bd0 

  0x00000245ee1514d0: ;   {optimized virtual_call}
  0x00000245ee1514d0: 6666 90e8 

  0x00000245ee1514d4: ; ImmutableOopMap {rbp=NarrowOop [32]=Oop [48]=Oop [56]=Oop [64]=Oop }
                      ;*invokevirtual optimize {reexecute=0 rethrow=0 return_oop=1}
                      ; - java.security.AccessController::getContext@19 (line 1012)
                      ; - java.awt.EventQueue::dispatchEvent@16 (line 736)
  0x00000245ee1514d4: 8846 8eff 

  0x00000245ee1514d8: ;   {other}
  0x00000245ee1514d8: 0f1f 8400 | c804 0001 | 488b d845 | 8b5c ec08 | 49ba 0000 | 0080 4502 | 0000 4d03 | d34d 8b52 
  0x00000245ee1514f8: ;   {metadata('java/awt/Component')}
  0x00000245ee1514f8: 3849 b8d0 | 3904 8145 | 0200 004d | 3bd0 0f85 | 4f08 0000 | 4d8d 14ec | 418b 6a7c | 85ed 0f84 
  0x00000245ee151518: 7014 0000 | 458b 5a7c | 49c1 e303 | 4c8b 5424 | 3841 8b6a | 1c85 ed0f | 842f 1400 | 0045 8b6a 
  0x00000245ee151538: 1c4d 85db | 0f84 1703 | 0000 4d8b | b7b8 0100 | 004d 8bd6 | 4983 c228 | 4d3b 97c8 | 0100 000f 
  0x00000245ee151558: 83c3 1200 | 004d 8997 | b801 0000 | 410f 0d8a | c000 0000 | 49c7 0601 

  0x00000245ee151570: ;   {metadata('java/security/AccessControlContext')}
  0x00000245ee151570: 0000 0041 | c746 0880 | 9402 0045 | 8966 0c4d | 8966 104d | 8966 184d | 8966 208b | 7318 41c6 
  0x00000245ee151590: 460d 0145 | 8b5b 1045 | 895e 1049 | 8bee 48c1 | ed03 4d8b | d349 c1e2 | 0348 8bfe | 48c1 e703 
  0x00000245ee1515b0: 4d8b c64d | 33d0 49c1 | ea16 4d85 | d274 1f45 | 85db 741a | 49c1 e809 | 48b9 0000 | 30f2 4502 
  0x00000245ee1515d0: 0000 4903 | c880 3902 | 0f85 2610 | 0000 4180 | 7f40 000f | 855f 0f00 | 0041 8976 | 184c 8bd7 
  0x00000245ee1515f0: 4d8b de4d | 33d3 49c1 | ea16 4d85 | d274 1e85 | f674 1a49 | c1eb 0948 | b900 0030 | f245 0200 
  0x00000245ee151610: 0049 03cb | 8039 020f | 8599 0f00 | 0049 8b97 | b801 0000 | 4c8b d249 | 83c2 284d | 3b97 c801 
  0x00000245ee151630: 0000 0f83 | 3012 0000 | 4d89 97b8 | 0100 0041 | 0f0d 8ac0 | 0000 0048 | c702 0100 

  0x00000245ee15164c: ;   {metadata('java/security/AccessControlContext')}
  0x00000245ee15164c: 0000 c742 | 0880 9402 | 004c 8962 | 104c 8962 | 184c 8962 | 2048 895c | 2420 4489 | 6c24 28c7 
  0x00000245ee15166c: 420c 0100 | 0000 896a | 144c 8b54 | 2420 458b | 5a10 4489 

  0x00000245ee151680: ;   {optimized virtual_call}
  0x00000245ee151680: 5a10 90e8 

  0x00000245ee151684: ; ImmutableOopMap {[40]=NarrowOop [48]=Oop }
                      ;*invokevirtual optimize {reexecute=0 rethrow=0 return_oop=1}
                      ; - java.security.ProtectionDomain$JavaSecurityAccessImpl::getCombinedACC@26 (line 113)
                      ; - java.security.ProtectionDomain$JavaSecurityAccessImpl::doIntersectionPrivilege@15 (line 89)
                      ; - java.awt.EventQueue::dispatchEvent@73 (line 744)
  0x00000245ee151684: d844 8eff 

  0x00000245ee151688: ;   {other}
  0x00000245ee151688: 0f1f 8400 | 7806 0002 | 4885 c074 | 1548 8be8 

  0x00000245ee151698: ;   {static_call}
  0x00000245ee151698: 488b d0e8 

  0x00000245ee15169c: ; ImmutableOopMap {rbp=Oop [40]=NarrowOop [48]=Oop }
                      ;*invokestatic ensureMaterializedForStackWalk {reexecute=0 rethrow=0 return_oop=0}
                      ; - java.security.AccessController::executePrivileged@5 (line 774)
                      ; - java.security.AccessController::doPrivileged@13 (line 400)
                      ; - java.security.ProtectionDomain$JavaSecurityAccessImpl::doIntersectionPrivilege@18 (line 87)
                      ; - java.awt.EventQueue::dispatchEvent@73 (line 744)
  0x00000245ee15169c: 4071 6dff 

  0x00000245ee1516a0: ;   {other}
  0x00000245ee1516a0: 0f1f 8400 | 9006 0003 | eb02 33ed | 4889 6c24 

  0x00000245ee1516b0: ;   {static_call}
  0x00000245ee1516b0: 2066 90e8 

  0x00000245ee1516b4: ; ImmutableOopMap {rbp=Oop [32]=Oop [40]=NarrowOop [48]=Oop }
                      ;*invokestatic getStackAccessControlContext {reexecute=0 rethrow=0 return_oop=1}
                      ; - java.security.AccessController::getContext@0 (line 1006)
                      ; - java.security.ProtectionDomain$JavaSecurityAccessImpl::doIntersectionPrivilege@2 (line 99)
                      ; - java.awt.EventQueue$5::run@11 (line 747)
                      ; - java.awt.EventQueue$5::run@1 (line 745)
                      ; - java.security.AccessController::executePrivileged@29 (line 778)
                      ; - java.security.AccessController::doPrivileged@13 (line 400)
                      ; - java.security.ProtectionDomain$JavaSecurityAccessImpl::doIntersectionPrivilege@18 (line 87)
                      ; - java.awt.EventQueue::dispatchEvent@73 (line 744)
  0x00000245ee1516b4: 286b 6cff 

  0x00000245ee1516b8: ;   {other}
  0x00000245ee1516b8: 0f1f 8400 | a806 0004 | 4885 c00f | 8429 1000 | 0048 8bd0 

  0x00000245ee1516cc: ;   {optimized virtual_call}
  0x00000245ee1516cc: 6666 90e8 

  0x00000245ee1516d0: ; ImmutableOopMap {rbp=Oop [32]=Oop [40]=NarrowOop [48]=Oop }
                      ;*invokevirtual optimize {reexecute=0 rethrow=0 return_oop=1}
                      ; - java.security.AccessController::getContext@19 (line 1012)
                      ; - java.security.ProtectionDomain$JavaSecurityAccessImpl::doIntersectionPrivilege@2 (line 99)
                      ; - java.awt.EventQueue$5::run@11 (line 747)
                      ; - java.awt.EventQueue$5::run@1 (line 745)
                      ; - java.security.AccessController::executePrivileged@29 (line 778)
                      ; - java.security.AccessController::doPrivileged@13 (line 400)
                      ; - java.security.ProtectionDomain$JavaSecurityAccessImpl::doIntersectionPrivilege@18 (line 87)
                      ; - java.awt.EventQueue::dispatchEvent@73 (line 744)
  0x00000245ee1516d0: 8c44 8eff 

  0x00000245ee1516d4: ;   {other}
  0x00000245ee1516d4: 0f1f 8400 | c406 0005 | 488b d849 | 8bb7 b801 | 0000 4c8b | d649 83c2 | 284d 3b97 | c801 0000 
  0x00000245ee1516f4: 0f83 9e11 | 0000 4d89 | 97b8 0100 | 0041 0f0d | 8ac0 0000 | 0048 c706 | 0100 0000 

  0x00000245ee151710: ;   {metadata('java/security/AccessControlContext')}
  0x00000245ee151710: c746 0880 | 9402 0044 | 8966 0c4c | 8966 104c | 8966 184c | 8966 208b | 7b18 c646 | 0d01 448b 
  0x00000245ee151730: 5c24 2847 | 8b5c dc10 | 4489 5e10 | 488b ee48 | c1ed 034c | 8bef 49c1 | e503 4d8b | d349 c1e2 
  0x00000245ee151750: 034c 8bc6 | 4d33 d049 | c1ea 164d | 85d2 741f | 4585 db74 | 1a49 c1e8 | 0948 b900 | 0030 f245 
  0x00000245ee151770: 0200 0049 | 03c8 8039 | 020f 85d3 | 0e00 0041 | 807f 4000 | 0f85 f50d | 0000 897e | 184d 8bd5 
  0x00000245ee151790: 4c8b de4d | 33d3 49c1 | ea16 4d85 | d274 1f85 | ff74 1b49 | c1eb 0949 | b800 0030 | f245 0200 
  0x00000245ee1517b0: 004d 03c3 | 4180 3802 | 0f85 e20e | 0000 498b | 97b8 0100 | 004c 8bd2 | 4983 c228 | 4d3b 97c8 
  0x00000245ee1517d0: 0100 000f | 83e6 1000 | 004d 8997 | b801 0000 | 410f 0d8a | c000 0000 | 48c7 0201 

  0x00000245ee1517ec: ;   {metadata('java/security/AccessControlContext')}
  0x00000245ee1517ec: 0000 00c7 | 4208 8094 | 0200 4c89 | 6210 4c89 | 6218 4c89 | 6220 c742 | 0c01 0000 | 0089 6a14 
  0x00000245ee15180c: 448b 5b10 | 4489 5a10 

  0x00000245ee151814: ;   {optimized virtual_call}
  0x00000245ee151814: 6666 90e8 

  0x00000245ee151818: ; ImmutableOopMap {[32]=Oop [48]=Oop }
                      ;*invokevirtual optimize {reexecute=0 rethrow=0 return_oop=1}
                      ; - java.security.ProtectionDomain$JavaSecurityAccessImpl::getCombinedACC@26 (line 113)
                      ; - java.security.ProtectionDomain$JavaSecurityAccessImpl::doIntersectionPrivilege@15 (line 89)
                      ; - java.security.ProtectionDomain$JavaSecurityAccessImpl::doIntersectionPrivilege@6 (line 98)
                      ; - java.awt.EventQueue$5::run@11 (line 747)
                      ; - java.awt.EventQueue$5::run@1 (line 745)
                      ; - java.security.AccessController::executePrivileged@29 (line 778)
                      ; - java.security.AccessController::doPrivileged@13 (line 400)
                      ; - java.security.ProtectionDomain$JavaSecurityAccessImpl::doIntersectionPrivilege@18 (line 87)
                      ; - java.awt.EventQueue::dispatchEvent@73 (line 744)
  0x00000245ee151818: 4443 8eff 

  0x00000245ee15181c: ;   {other}
  0x00000245ee15181c: 0f1f 8400 | 0c08 0006 | 488b e848 | 85c0 7412 

  0x00000245ee15182c: ;   {static_call}
  0x00000245ee15182c: 488b d0e8 

  0x00000245ee151830: ; ImmutableOopMap {rbp=Oop [32]=Oop [48]=Oop }
                      ;*invokestatic ensureMaterializedForStackWalk {reexecute=0 rethrow=0 return_oop=0}
                      ; - java.security.AccessController::executePrivileged@5 (line 774)
                      ; - java.security.AccessController::doPrivileged@13 (line 400)
                      ; - java.security.ProtectionDomain$JavaSecurityAccessImpl::doIntersectionPrivilege@18 (line 87)
                      ; - java.security.ProtectionDomain$JavaSecurityAccessImpl::doIntersectionPrivilege@6 (line 98)
                      ; - java.awt.EventQueue$5::run@11 (line 747)
                      ; - java.awt.EventQueue$5::run@1 (line 745)
                      ; - java.security.AccessController::executePrivileged@29 (line 778)
                      ; - java.security.AccessController::doPrivileged@13 (line 400)
                      ; - java.security.ProtectionDomain$JavaSecurityAccessImpl::doIntersectionPrivilege@18 (line 87)
                      ; - java.awt.EventQueue::dispatchEvent@73 (line 744)
  0x00000245ee151830: ac6f 6dff 

  0x00000245ee151834: ;   {other}
  0x00000245ee151834: 0f1f 8400 | 2408 0007 | eb02 33ed | 488b 5424 

  0x00000245ee151844: ;   {optimized virtual_call}
  0x00000245ee151844: 3066 90e8 

  0x00000245ee151848: ; ImmutableOopMap {rbp=Oop [32]=Oop }
                      ;*invokeinterface run {reexecute=0 rethrow=0 return_oop=1}
                      ; - java.security.AccessController::executePrivileged@29 (line 778)
                      ; - java.security.AccessController::doPrivileged@13 (line 400)
                      ; - java.security.ProtectionDomain$JavaSecurityAccessImpl::doIntersectionPrivilege@18 (line 87)
                      ; - java.security.ProtectionDomain$JavaSecurityAccessImpl::doIntersectionPrivilege@6 (line 98)
                      ; - java.awt.EventQueue$5::run@11 (line 747)
                      ; - java.awt.EventQueue$5::run@1 (line 745)
                      ; - java.security.AccessController::executePrivileged@29 (line 778)
                      ; - java.security.AccessController::doPrivileged@13 (line 400)
                      ; - java.security.ProtectionDomain$JavaSecurityAccessImpl::doIntersectionPrivilege@18 (line 87)
                      ; - java.awt.EventQueue::dispatchEvent@73 (line 744)
  0x00000245ee151848: f47c d3ff 

  0x00000245ee15184c: ;   {other}
  0x00000245ee15184c: 0f1f 8400 | 3c08 0008 | e9ec 0400 | 0049 8bb7 | b801 0000 | 4c8b d649 | 83c2 284d | 3b97 c801 
  0x00000245ee15186c: 0000 0f83 | 150f 0000 | 4d89 97b8 | 0100 0041 | 0f0d 8ac0 | 0000 0048 | c706 0100 

  0x00000245ee151888: ;   {metadata('java/security/AccessControlContext')}
  0x00000245ee151888: 0000 c746 | 0880 9402 | 0044 8966 | 0c4c 8966 | 104c 8966 | 184c 8966 | 208b 7b18 | c646 0d01 
  0x00000245ee1518a8: ; implicit exception: dispatches to 0x00000245ee152d64
  0x00000245ee1518a8: 478b 4cec | 1044 894e | 1048 8bee | 48c1 ed03 | 4d8b d149 | c1e2 034c | 8bde 4d33 | d34c 8bef 
  0x00000245ee1518c8: 49c1 e503 | 49c1 ea16 | 4d85 d274 | 1f45 85c9 | 741a 49c1 | eb09 48b9 | 0000 30f2 | 4502 0000 
  0x00000245ee1518e8: 4903 cb80 | 3902 0f85 | f309 0000 | 4180 7f40 | 000f 8563 | 0900 0089 | 7e18 4d8b | d54c 8bde 
  0x00000245ee151908: 4d33 d349 | c1ea 164d | 85d2 741e | 85ff 741a | 49c1 eb09 | 48b9 0000 | 30f2 4502 | 0000 4903 
  0x00000245ee151928: cb80 3902 | 0f85 6709 | 0000 498b | 97b8 0100 | 004c 8bd2 | 4983 c228 | 4d3b 97c8 | 0100 000f 
  0x00000245ee151948: 8383 0e00 | 004d 8997 | b801 0000 | 410f 0d8a | c000 0000 | 48c7 0201 

  0x00000245ee151960: ;   {metadata('java/security/AccessControlContext')}
  0x00000245ee151960: 0000 00c7 | 4208 8094 | 0200 4c89 | 6210 4c89 | 6218 4c89 | 6220 4889 | 5c24 20c7 | 420c 0100 
  0x00000245ee151980: 0000 896a | 144c 8b54 | 2420 458b | 5a10 4489 

  0x00000245ee151990: ;   {optimized virtual_call}
  0x00000245ee151990: 5a10 90e8 

  0x00000245ee151994: ; ImmutableOopMap {[48]=Oop [64]=Oop }
                      ;*invokevirtual optimize {reexecute=0 rethrow=0 return_oop=1}
                      ; - java.security.ProtectionDomain$JavaSecurityAccessImpl::getCombinedACC@26 (line 113)
                      ; - java.security.ProtectionDomain$JavaSecurityAccessImpl::doIntersectionPrivilege@15 (line 89)
                      ; - java.awt.EventQueue::dispatchEvent@46 (line 742)
  0x00000245ee151994: c841 8eff 

  0x00000245ee151998: ;   {other}
  0x00000245ee151998: 0f1f 8400 | 8809 0009 | 4885 c074 | 1848 8be8 

  0x00000245ee1519a8: ;   {static_call}
  0x00000245ee1519a8: 488b d0e8 

  0x00000245ee1519ac: ; ImmutableOopMap {rbp=Oop [48]=Oop [64]=Oop }
                      ;*invokestatic ensureMaterializedForStackWalk {reexecute=0 rethrow=0 return_oop=0}
                      ; - java.security.AccessController::executePrivileged@5 (line 774)
                      ; - java.security.AccessController::doPrivileged@13 (line 400)
                      ; - java.security.ProtectionDomain$JavaSecurityAccessImpl::doIntersectionPrivilege@18 (line 87)
                      ; - java.awt.EventQueue::dispatchEvent@46 (line 742)
  0x00000245ee1519ac: 306e 6dff 

  0x00000245ee1519b0: ;   {other}
  0x00000245ee1519b0: 0f1f 8400 | a009 000a | 4c8b f5eb | 0345 33f6 | 4c8b 5c24 | 3041 8b5b | 1441 8b6c | dc4c 85ed 
  0x00000245ee1519d0: 0f85 170f | 0000 458b | 530c 478b | 6cd4 0843 | c644 d416 | 014f 8d04 | d44c 8944 

  0x00000245ee1519ec: ;   {metadata('java/awt/ActiveEvent')}
  0x00000245ee1519ec: 2458 48b8 | 80aa 0a81 | 4502 0000 | 48be 0000 | 0080 4502 | 0000 4903 | f54c 8b4e | 504c 8b46 
  0x00000245ee151a0c: 204c 3bc0 | 0f85 6d03 | 0000 418b | 6cdc 2c45 | 8b5c ec08 

  0x00000245ee151a20: ;   {metadata('java/util/concurrent/locks/ReentrantLock')}
  0x00000245ee151a20: 4181 fb10 | d617 000f | 85d7 0e00 | 004d 8d1c | ec45 8b5b | 0c43 8b4c 

  0x00000245ee151a38: ;   {metadata('java/util/concurrent/locks/ReentrantLock$NonfairSync')}
  0x00000245ee151a38: dc08 81f9 | f8c7 1a00 | 0f85 de0e | 0000 498d | 3cdc 49c1 | e303 33c0 | 41b8 0100 | 0000 f045 
  0x00000245ee151a58: 0fb1 4310 | 410f 94c0 | 450f b6c0 | 4585 c00f | 8470 0600 | 0041 807f | 4000 0f85 | dd09 0000 
  0x00000245ee151a78: 418b ea4c | 894c 2420 | 4d8b c34d | 8bd3 4c8b | 5c24 4049 | c1eb 0345 | 895a 0c4c | 8b54 2440 
  0x00000245ee151a98: 4d33 d049 | c1ea 164d | 85d2 741a | 49c1 e809 | 48b9 0000 | 30f2 4502 | 0000 4903 | c880 3902 
  0x00000245ee151ab8: 0f85 040a | 0000 488b | 4c24 4044 | 8bd5 4c8b 

  0x00000245ee151ac8: ;   {oop(a 'java/lang/Class'{0x00000006804bbb30} = 'java/awt/EventQueue')}
  0x00000245ee151ac8: 4c24 2049 | bb30 bb4b | 8006 0000 | 0041 0fb6 | abac 0000 | 0085 ed0f | 85f8 0e00 | 0048 897c 
  0x00000245ee151ae8: 2450 4c89 | 4c24 4848 | 8974 2440 | 4489 6c24 | 3844 8954 | 2434 4c89 | 7424 2848 | 894c 2420 
  0x00000245ee151b08: 418b 6cdc | 3489 5c24 | 304c 8bd5 | 49c1 e203 | 493b ca0f | 8553 0f00 | 0049 8bbf | b801 0000 
  0x00000245ee151b28: 4c8b d749 | 83c2 204d | 3b97 c801 | 0000 0f83 | c00c 0000 | 4d89 97b8 | 0100 0041 | 0f0d 8ac0 
  0x00000245ee151b48: 0000 0048 | c707 0100 

  0x00000245ee151b50: ;   {metadata('java/lang/ref/WeakReference')}
  0x00000245ee151b50: 0000 c747 | 0818 da03 | 0044 8967 | 0c4c 8967 | 104c 8967 | 1844 8b54 | 2434 4489 | 570c 4180 
  0x00000245ee151b70: 7f40 000f | 8509 0800 

  0x00000245ee151b78: ;   {oop(a 'java/lang/ref/ReferenceQueue$Null'{0x0000000680520ce0})}
  0x00000245ee151b78: 00c7 4710 | 9c41 0ad0 | 4c8b d748 | 8bdf 48c1 

  0x00000245ee151b88: ;   {oop(a 'java/lang/ref/ReferenceQueue$Null'{0x0000000680520ce0})}
  0x00000245ee151b88: eb03 49bb | e00c 5280 | 0600 0000 | 4d33 da49 | c1eb 164d | 85db 741a | 49c1 ea09 | 48b9 0000 
  0x00000245ee151ba8: 30f2 4502 | 0000 4903 | ca80 3902 | 0f85 4d08 | 0000 f083 | 4424 c000 | 4180 7f40 | 000f 857a 
  0x00000245ee151bc8: 0700 0044 | 8b54 2430 | 4389 5cd4 | 404c 8bd7 | 4c8b 5c24 | 504d 33d3 | 49c1 ea16 | 4d85 d274 
  0x00000245ee151be8: 1a49 c1eb | 0948 b900 | 0030 f245 | 0200 0049 | 03cb 8039 | 020f 85b6 | 0700 004c | 8b54 2448 
  0x00000245ee151c08: ;   {metadata('java/awt/event/InputEvent')}
  0x00000245ee151c08: 49bb 502d | 0681 4502 | 0000 4d3b | d30f 85a2 | 0200 004c | 8b54 2458 | 4d8b 5220 | 448b 4424 
  0x00000245ee151c28: ;   {metadata('java/awt/event/KeyEvent')}
  0x00000245ee151c28: 3841 81f8 | b04f 1001 | 0f85 d102 | 0000 448b | 4424 304f | 8954 c418 | 4f8b 5cc4 | 104d 3bda 
  0x00000245ee151c48: 0f8c 6702 | 0000 4f89 | 5cc4 1043 | 8b6c c42c 

  0x00000245ee151c58: ; implicit exception: dispatches to 0x00000245ee152de0
  0x00000245ee151c58: 458b 54ec 

  0x00000245ee151c5c: ;   {metadata('java/util/concurrent/locks/ReentrantLock')}
  0x00000245ee151c5c: 0841 81fa | 10d6 1700 | 0f85 de0c | 0000 4d8d | 14ec 418b | 5a0c 418b | 7cdc 1041 | 8b6c dc0c 
  0x00000245ee151c7c: 4c8b d549 | c1e2 034c | 8b5c 2420 | 4d3b d30f | 85f7 0d00 | 0083 ff01 | 0f85 1704 | 0000 4180 
  0x00000245ee151c9c: 7f40 000f | 856b 0800 | 0045 8964 | dc0c 41ba | 0100 0000 | ffcf 4189 | 7cdc 10f0 | 8344 24c0 
  0x00000245ee151cbc: 0045 85d2 | 740e 458b | 5cdc 1445 | 85db 0f85 | 8501 0000 | 488b 5424 | 5844 8b5a 

  0x00000245ee151cd8: ;   {metadata('java/awt/event/InvocationEvent')}
  0x00000245ee151cd8: 0841 81fb | 70ac 0a01 | 0f85 d303 | 0000 4c8b | ca45 0fb6 | 5929 458b | 512c 4585 | db0f 852a 
  0x00000245ee151cf8: 0200 0049 | 8be9 498b | d248 c1e2 | 0348 b860 | 5b64 c845 

  0x00000245ee151d0c: ;   {virtual_call}
  0x00000245ee151d0c: 0200 00e8 

  0x00000245ee151d10: ; ImmutableOopMap {rbp=Oop [40]=Oop [52]=NarrowOop }
                      ;*invokeinterface run {reexecute=0 rethrow=0 return_oop=0}
                      ; - java.awt.event.InvocationEvent::dispatch@47 (line 318)
                      ; - java.awt.EventQueue::dispatchEventImpl@21 (line 773)
                      ; - java.awt.EventQueue$4::run@32 (line 720)
                      ; - java.awt.EventQueue$4::run@1 (line 714)
                      ; - java.security.AccessController::executePrivileged@29 (line 778)
                      ; - java.security.AccessController::doPrivileged@13 (line 400)
                      ; - java.security.ProtectionDomain$JavaSecurityAccessImpl::doIntersectionPrivilege@18 (line 87)
                      ; - java.awt.EventQueue::dispatchEvent@46 (line 742)
  0x00000245ee151d10: 1ca8 f1fe 

  0x00000245ee151d14: ;   {other}
  0x00000245ee151d14: 0f1f 8400 | 040d 000b | 8b7c 2434 | 4d8d 1cfc | 41c6 4328 | 01f0 8344 | 24c0 0045 | 3b63 300f 
  0x00000245ee151d34: 8534 0200 | 0041 8b6b | 3485 ed0f | 8573 0d00 | 0048 81c4 | 8000 0000 

  0x00000245ee151d4c: ;   {poll_return}
  0x00000245ee151d4c: 5d49 3ba7 | 4804 0000 | 0f87 7615 

  0x00000245ee151d58: ;   {metadata('java/awt/MenuComponent')}
  0x00000245ee151d58: 0000 c349 | b8a0 d20a | 8145 0200 | 004d 3bd0 | 0f84 a80d 

  0x00000245ee151d6c: ;   {metadata('java/awt/TrayIcon')}
  0x00000245ee151d6c: 0000 4181 | fb20 d50a | 010f 84bd | 0d00 0045 | 33db e9a1 | f7ff ff48 | 8b7e 288b | 0f48 83c7 
  0x00000245ee151d8c: 0848 85c0 | f248 af0f | 8504 0000 | 0048 8946 | 200f 8473 | fcff ff41 | 8b6b 1045 | 8b44 ec08 
  0x00000245ee151dac: 49bb 0000 | 0080 4502 | 0000 4d03 | d84d 8b5b 

  0x00000245ee151dbc: ;   {metadata('java/awt/Component')}
  0x00000245ee151dbc: 3849 b8d0 | 3904 8145 | 0200 004d | 3bd8 0f85 | 340e 0000 | 4c89 4c24 | 3848 ff74 | 2458 488f 
  0x00000245ee151ddc: 4424 3044 | 8954 2428 | 4c89 7424 | 2049 8d14 | ec4c 8b44 | 2430 498b | ee48 b8ff | ffff ffff 
  0x00000245ee151dfc: ;   {virtual_call}
  0x00000245ee151dfc: ffff ffe8 

  0x00000245ee151e00: ; ImmutableOopMap {rbp=Oop [32]=Oop [40]=NarrowOop [48]=Oop }
                      ;*invokevirtual dispatchEventImpl {reexecute=0 rethrow=0 return_oop=0}
                      ; - java.awt.Component::dispatchEvent@2 (line 4828)
                      ; - java.awt.EventQueue::dispatchEventImpl@41 (line 775)
                      ; - java.awt.EventQueue$4::run@32 (line 720)
                      ; - java.awt.EventQueue$4::run@1 (line 714)
                      ; - java.security.AccessController::executePrivileged@29 (line 778)
                      ; - java.security.AccessController::doPrivileged@13 (line 400)
                      ; - java.security.ProtectionDomain$JavaSecurityAccessImpl::doIntersectionPrivilege@18 (line 87)
                      ; - java.awt.EventQueue::dispatchEvent@46 (line 742)
  0x00000245ee151e00: 7ccf e4fe 

  0x00000245ee151e04: ;   {other}
  0x00000245ee151e04: 0f1f 8400 | f40d 000c | 4c8b 5424 

  0x00000245ee151e10: ;   {metadata('java/awt/event/InputEvent')}
  0x00000245ee151e10: 3849 bb50 | 2d06 8145 | 0200 004d | 3bd3 0f85 | 21ff ffff 

  0x00000245ee151e24: ;   {oop(a 'java/lang/Class'{0x000000068032a968} = 'sun/awt/AWTAccessor')}
  0x00000245ee151e24: 49ba 68a9 | 3280 0600 | 0000 458b | 8284 0000 | 0047 8b54 | c408 488b 

  0x00000245ee151e3c: ;   {metadata('java/awt/event/InputEvent$1')}
  0x00000245ee151e3c: 6c24 3041 | 81fa 483a | 0601 0f85 | d80d 0000 | 4488 652c | e9f0 feff | ff43 8b6c | dc14 85ed 
  0x00000245ee151e5c: 0f84 6efe | ffff 458b | 54ec 0c45 | 85d2 0f84 | 60fe ffff | 4d8d 14ec | 498b d241 | b801 0000 
  0x00000245ee151e7c: 004c 8954 

  0x00000245ee151e80: ;   {optimized virtual_call}
  0x00000245ee151e80: 2440 90e8 

  0x00000245ee151e84: ; ImmutableOopMap {rbp=NarrowOop [40]=Oop [52]=NarrowOop [64]=Oop [88]=Oop }
                      ;*invokevirtual getAndUnsetStatus {reexecute=0 rethrow=0 return_oop=0}
                      ; - java.util.concurrent.locks.AbstractQueuedSynchronizer::signalNext@22 (line 644)
                      ; - java.util.concurrent.locks.AbstractQueuedSynchronizer::release@12 (line 1060)
                      ; - java.util.concurrent.locks.ReentrantLock::unlock@5 (line 494)
                      ; - java.awt.EventQueue::setCurrentEventAndMostRecentTimeImpl@168 (line 1295)
                      ; - java.awt.EventQueue::dispatchEventImpl@14 (line 772)
                      ; - java.awt.EventQueue$4::run@32 (line 720)
                      ; - java.awt.EventQueue$4::run@1 (line 714)
                      ; - java.security.AccessController::executePrivileged@29 (line 778)
                      ; - java.security.AccessController::doPrivileged@13 (line 400)
                      ; - java.security.ProtectionDomain$JavaSecurityAccessImpl::doIntersectionPrivilege@18 (line 87)
                      ; - java.awt.EventQueue::dispatchEvent@46 (line 742)
  0x00000245ee151e84: 3825 5200 

  0x00000245ee151e88: ;   {other}
  0x00000245ee151e88: 0f1f 8400 | 780e 000d | 458b 5cec | 1849 8bd3 | 48c1 e203 | 488b 6c24 

  0x00000245ee151ea0: ;   {static_call}
  0x00000245ee151ea0: 2866 90e8 

  0x00000245ee151ea4: ; ImmutableOopMap {rbp=Oop [40]=Oop [52]=NarrowOop [88]=Oop }
                      ;*invokestatic unpark {reexecute=0 rethrow=0 return_oop=0}
                      ; - java.util.concurrent.locks.AbstractQueuedSynchronizer::signalNext@30 (line 645)
                      ; - java.util.concurrent.locks.AbstractQueuedSynchronizer::release@12 (line 1060)
                      ; - java.util.concurrent.locks.ReentrantLock::unlock@5 (line 494)
                      ; - java.awt.EventQueue::setCurrentEventAndMostRecentTimeImpl@168 (line 1295)
                      ; - java.awt.EventQueue::dispatchEventImpl@14 (line 772)
                      ; - java.awt.EventQueue$4::run@32 (line 720)
                      ; - java.awt.EventQueue$4::run@1 (line 714)
                      ; - java.security.AccessController::executePrivileged@29 (line 778)
                      ; - java.security.AccessController::doPrivileged@13 (line 400)
                      ; - java.security.ProtectionDomain$JavaSecurityAccessImpl::doIntersectionPrivilege@18 (line 87)
                      ; - java.awt.EventQueue::dispatchEvent@46 (line 742)
  0x00000245ee151ea4: 7832 c9ff 

  0x00000245ee151ea8: ;   {other}
  0x00000245ee151ea8: 0f1f 8400 | 980e 000e | e91b feff | ff4d 8bda | e991 fdff | ff44 8b5c 

  0x00000245ee151ec0: ;   {metadata('java/awt/event/InputMethodEvent')}
  0x00000245ee151ec0: 2438 4181 | fb10 d80a | 010f 84cf 

  0x00000245ee151ecc: ;   {metadata('java/awt/event/ActionEvent')}
  0x00000245ee151ecc: 0c00 0041 | 81fb 90da | 0a01 0f84 | e40c 0000 | 4c8b 5424 | 404d 8b52 

  0x00000245ee151ee4: ;   {metadata('java/awt/event/InvocationEvent')}
  0x00000245ee151ee4: 4849 bb70 | ac0a 8145 | 0200 004d | 3bd3 751d | 4c8b 5424 | 584d 8b52 | 2044 8b44 | 2430 e939 
  0x00000245ee151f04: fdff ff44 | 8b44 2430 | e92f fdff | ff49 ba00 | 0000 0000 | 0000 8044 | 8b44 2430 | e91b fdff 
  0x00000245ee151f24: ff47 8b44 | d408 4b8d 

  0x00000245ee151f2c: ;   {metadata('ui/frmwork/I$$Lambda+0x0000024581751330')}
  0x00000245ee151f2c: 14d4 4181 | f830 1375 | 010f 8507 | 0800 0044 | 8b5a 0c4c | 8b52 1045 | 85db 0f84 | a40d 0000 
  0x00000245ee151f4c: 498b e94b | 8d14 dc4d 

  0x00000245ee151f54: ;   {optimized virtual_call}
  0x00000245ee151f54: 8bc2 90e8 

  0x00000245ee151f58: ; ImmutableOopMap {rbp=Oop [40]=Oop [52]=NarrowOop }
                      ;*invokevirtual dF {reexecute=0 rethrow=0 return_oop=0}
                      ; - ui.frmwork.I$$Lambda/0x0000024581751330::run@8
                      ; - java.awt.event.InvocationEvent::dispatch@11 (line 308)
                      ; - java.awt.EventQueue::dispatchEventImpl@21 (line 773)
                      ; - java.awt.EventQueue$4::run@32 (line 720)
                      ; - java.awt.EventQueue$4::run@1 (line 714)
                      ; - java.security.AccessController::executePrivileged@29 (line 778)
                      ; - java.security.AccessController::doPrivileged@13 (line 400)
                      ; - java.security.ProtectionDomain$JavaSecurityAccessImpl::doIntersectionPrivilege@18 (line 87)
                      ; - java.awt.EventQueue::dispatchEvent@46 (line 742)
  0x00000245ee151f58: a410 1ef8 

  0x00000245ee151f5c: ;   {other}
  0x00000245ee151f5c: 0f1f 8400 | 4c0f 000f | 8b7c 2434 | e9b3 fdff | ff41 8b6b | 3085 ed0f | 84e3 0c00 | 004d 8d04 
  0x00000245ee151f7c: ec48 8d5c | 2470 498b | 00a8 020f | 8523 0000 | 0048 83c8 | 0148 8903 | f049 0fb1 | 180f 8437 
  0x00000245ee151f9c: 0000 0048 | 2bc4 4825 | 07f0 ffff | 4889 03e9 | 2400 0000 | 4c8b d048 | 33c0 f04d | 0fb1 7a3e 
  0x00000245ee151fbc: 48c7 0303 | 0000 0074 | 114c 3bf8 | 7515 49ff | 8286 0000 | 0048 33c0 | 7509 49ff | 8748 0500 
  0x00000245ee151fdc: 0033 c00f | 85b7 0c00 | 0045 8b53 | 3045 85d2 | 0f84 860c | 0000 4c89 | 4424 2049 | 8beb 4b8d 
  0x00000245ee151ffc: ;   {optimized virtual_call}
  0x00000245ee151ffc: 14d4 90e8 

  0x00000245ee152000: ; ImmutableOopMap {rbp=Oop [32]=Oop [40]=Oop }
                      ;*invokevirtual notifyAll {reexecute=0 rethrow=0 return_oop=0}
                      ; - java.awt.event.InvocationEvent::finishedDispatching@23 (line 404)
                      ; - java.awt.event.InvocationEvent::dispatch@54 (line 321)
                      ; - java.awt.EventQueue::dispatchEventImpl@21 (line 773)
                      ; - java.awt.EventQueue$4::run@32 (line 720)
                      ; - java.awt.EventQueue$4::run@1 (line 714)
                      ; - java.security.AccessController::executePrivileged@29 (line 778)
                      ; - java.security.AccessController::doPrivileged@13 (line 400)
                      ; - java.security.ProtectionDomain$JavaSecurityAccessImpl::doIntersectionPrivilege@18 (line 87)
                      ; - java.awt.EventQueue::dispatchEvent@46 (line 742)
  0x00000245ee152000: 3ca0 60ff 

  0x00000245ee152004: ;   {other}
  0x00000245ee152004: 0f1f 8400 | f40f 0010 | 4c8b 5c24 | 2048 8d44 | 2470 4883 | 3800 0f84 | 7900 0000 | 4d8b 1341 
  0x00000245ee152024: f6c2 020f | 8462 0000 | 0049 83ba | 8600 0000 | 0074 0949 | ff8a 8600 | 0000 eb4b | 498b 8296 
  0x00000245ee152044: 0000 0049 | 0b82 8e00 | 0000 750a | 49c7 423e | 0000 0000 | eb3d 4983 | ba9e 0000 | 0000 7422 
  0x00000245ee152064: 4833 c049 | c742 3e00 | 0000 00f0 | 8304 2400 | 4983 ba9e | 0000 0000 | 750d f04d | 0fb1 7a3e 
  0x00000245ee152084: 7505 83c8 | 01eb 0ca8 | 00eb 084c | 8b10 f04d | 0fb1 1375 | 0a49 ff8f | 4805 0000 | 4533 d20f 
  0x00000245ee1520a4: 8522 0c00 | 004c 8bdd | e988 fcff | ff45 33d2 | e9f7 fbff | ff48 8b6c | 2428 6666 | 9048 b800 
  0x00000245ee1520c4: 38ef 0946 

  0x00000245ee1520c8: ;   {virtual_call}
  0x00000245ee1520c8: 0200 00e8 

  0x00000245ee1520cc: ; ImmutableOopMap {rbp=Oop }
                      ;*invokeinterface dispatch {reexecute=0 rethrow=0 return_oop=0}
                      ; - java.awt.EventQueue::dispatchEventImpl@21 (line 773)
                      ; - java.awt.EventQueue$4::run@32 (line 720)
                      ; - java.awt.EventQueue$4::run@1 (line 714)
                      ; - java.security.AccessController::executePrivileged@29 (line 778)
                      ; - java.security.AccessController::doPrivileged@13 (line 400)
                      ; - java.security.ProtectionDomain$JavaSecurityAccessImpl::doIntersectionPrivilege@18 (line 87)
                      ; - java.awt.EventQueue::dispatchEvent@46 (line 742)
  0x00000245ee1520cc: 60a4 f1fe 

  0x00000245ee1520d0: ;   {other}
  0x00000245ee1520d0: 0f1f 8400 | c010 0011 | e968 fcff | ff45 8b43 | 0c49 c1e0 | 0348 8b4c | 2440 4c3b | c10f 85b0 
  0x00000245ee1520f0: 0000 0045 | 8b43 1041 | ffc0 4585 | c00f 8d91 | 0000 0049 | 8b87 b801 | 0000 4c8b | d049 83c2 
  0x00000245ee152110: 284d 3b97 | c801 0000 | 0f83 3e0a | 0000 4d89 | 97b8 0100 | 0041 0f0d | 8ac0 0000 | 0048 c700 
  0x00000245ee152130: 0100 0000 

  0x00000245ee152134: ;   {metadata('java/lang/Error')}
  0x00000245ee152134: c740 08c8 | 0701 0044 | 8960 0c4c | 8960 104c | 8960 184c | 8960 2048 

  0x00000245ee15214c: ;   {oop("Maximum lock count exceeded"{0x00000006815ac578})}
  0x00000245ee15214c: 8be8 49b8 | 78c5 5a81 | 0600 0000 | 488b d54c | 8974 2420 | 48ff 7424 | 5848 8f44 | 2428 4889 
  0x00000245ee15216c: 7c24 304c | 895c 2440 

  0x00000245ee152174: ;   {optimized virtual_call}
  0x00000245ee152174: 6666 90e8 

  0x00000245ee152178: ; ImmutableOopMap {rbp=Oop [32]=Oop [40]=Oop [48]=Oop [64]=Oop }
                      ;*invokespecial <init> {reexecute=0 rethrow=0 return_oop=0}
                      ; - java.util.concurrent.locks.ReentrantLock$NonfairSync::initialTryLock@45 (line 231)
                      ; - java.util.concurrent.locks.ReentrantLock$Sync::lock@1 (line 152)
                      ; - java.util.concurrent.locks.ReentrantLock::lock@4 (line 322)
                      ; - java.awt.EventQueue::setCurrentEventAndMostRecentTimeImpl@4 (line 1260)
                      ; - java.awt.EventQueue::dispatchEventImpl@14 (line 772)
                      ; - java.awt.EventQueue$4::run@32 (line 720)
                      ; - java.awt.EventQueue$4::run@1 (line 714)
                      ; - java.security.AccessController::executePrivileged@29 (line 778)
                      ; - java.security.AccessController::doPrivileged@13 (line 400)
                      ; - java.security.ProtectionDomain$JavaSecurityAccessImpl::doIntersectionPrivilege@18 (line 87)
                      ; - java.awt.EventQueue::dispatchEvent@46 (line 742)
  0x00000245ee152178: 04c9 e4fe 

  0x00000245ee15217c: ;   {other}
  0x00000245ee15217c: 0f1f 8400 | 6c11 0012 | 488b d548 | 81c4 8000 

  0x00000245ee15218c: ;   {runtime_call _rethrow_Java}
  0x00000245ee15218c: 0000 5de9 | 6ca3 0cff | 4589 4310 | f083 4424 | c000 e928 | f9ff ff48 | 897c 2450 | 4c89 4c24 
  0x00000245ee1521ac: 4848 8974 | 2440 48ff | 7424 5848 | 8f44 2438 | 4489 6c24 | 3044 8954 | 242c 895c | 2428 4c89 
  0x00000245ee1521cc: 7424 2048 | 8be9 498b | d341 b801 

  0x00000245ee1521d8: ;   {optimized virtual_call}
  0x00000245ee1521d8: 0000 00e8 

  0x00000245ee1521dc: ; ImmutableOopMap {rbp=Oop [32]=Oop [40]=NarrowOop [44]=NarrowOop [56]=Oop [80]=Oop [88]=Oop }
                      ;*invokevirtual acquire {reexecute=0 rethrow=0 return_oop=0}
                      ; - java.util.concurrent.locks.ReentrantLock$Sync::lock@9 (line 153)
                      ; - java.util.concurrent.locks.ReentrantLock::lock@4 (line 322)
                      ; - java.awt.EventQueue::setCurrentEventAndMostRecentTimeImpl@4 (line 1260)
                      ; - java.awt.EventQueue::dispatchEventImpl@14 (line 772)
                      ; - java.awt.EventQueue$4::run@32 (line 720)
                      ; - java.awt.EventQueue$4::run@1 (line 714)
                      ; - java.security.AccessController::executePrivileged@29 (line 778)
                      ; - java.security.AccessController::doPrivileged@13 (line 400)
                      ; - java.security.ProtectionDomain$JavaSecurityAccessImpl::doIntersectionPrivilege@18 (line 87)
                      ; - java.awt.EventQueue::dispatchEvent@46 (line 742)
  0x00000245ee1521dc: e0e4 b500 

  0x00000245ee1521e0: ;   {other}
  0x00000245ee1521e0: 0f1f 8400 | d011 0013 | 488b cd4c | 8b74 2420 | 8b5c 2428 | 448b 5424 | 2c44 8b6c | 2430 488b 
  0x00000245ee152200: 7424 404c | 8b4c 2448 | 488b 7c24 | 50e9 b9f8 | ffff 498b | 9fb8 0100 | 004c 8bd3 | 4983 c228 
  0x00000245ee152220: 4d3b 97c8 | 0100 000f | 83b7 0900 | 004d 8997 | b801 0000 | 410f 0d8a | c000 0000 | 48c7 0301 
  0x00000245ee152240: ;   {metadata('java/security/AccessControlContext')}
  0x00000245ee152240: 0000 00c7 | 4308 8094 | 0200 4c89 | 6310 4c89 | 6318 4c89 | 6320 c743 | 0c01 0100 | 00e9 81f2 
  0x00000245ee152260: ffff 448b | 5e18 4585 | db0f 8490 | f6ff ff4d | 8b57 2849 | 8bcb 48c1 | e103 4d85 | d20f 842d 
  0x00000245ee152280: 0700 004d | 8b5f 384b | 894c 13f8 | 4983 c2f8 | 4d89 5728 | e966 f6ff | ff4d 8b57 | 584d 8b5f 
  0x00000245ee1522a0: 48f0 8344 | 24c0 0080 | 3900 0f84 | 82f6 ffff | 4488 214d | 85db 751d | 498b d749 | ba40 1212 
  0x00000245ee1522c0: 21fa 7f00 | 0041 ffd2 

  0x00000245ee1522c8: ;   {other}
  0x00000245ee1522c8: 0f1f 8400 | 0000 0000 | e95d f6ff | ff4b 894c | 1af8 4983 | c3f8 4d89 | 5f48 e94b | f6ff ff4d 
  0x00000245ee1522e8: 8b57 484d | 8b5f 58f0 | 8344 24c0 | 0080 3900 | 0f84 f6f5 | ffff 4488 | 214d 85d2 | 752d 4889 
  0x00000245ee152308: 7424 204c | 8bf3 498b | d749 ba40 | 1212 21fa | 7f00 0041 

  0x00000245ee15231c: ;   {other}
  0x00000245ee15231c: ffd2 0f1f | 8400 0000 | 0000 498b | de48 8b74 | 2420 e9c1 | f5ff ff4b | 894c 13f8 | 4983 c2f8 
  0x00000245ee15233c: 4d89 5748 | e9af f5ff | ff44 8b5c | 2430 478b | 5cdc 4045 | 85db 0f84 | 73f8 ffff | 4d8b 5728 
  0x00000245ee15235c: 498b cb48 | c1e1 034d | 85d2 0f84 | b106 0000 | 4d8b 5f38 | 4b89 4c13 | f849 83c2 | f84d 8957 
  0x00000245ee15237c: 28e9 49f8 | ffff 448b | 5f10 4585 | db0f 84ea | f7ff ff4d | 8b57 2849 | 8bcb 48c1 | e103 4d85 
  0x00000245ee15239c: d20f 845d | 0600 004d | 8b5f 384b | 894c 13f8 | 4983 c2f8 | 4d89 5728 | e9c0 f7ff | ff4d 8b57 
  0x00000245ee1523bc: 484d 8b5f | 58f0 8344 | 24c0 0080 | 3900 0f84 | 33f8 ffff | 4488 214d | 85d2 751d | 498b d749 
  0x00000245ee1523dc: ba40 1212 | 21fa 7f00 | 0041 ffd2 

  0x00000245ee1523e8: ;   {other}
  0x00000245ee1523e8: 0f1f 8400 | 0000 0000 | e90e f8ff | ff4b 894c | 13f8 4983 | c2f8 4d89 | 5748 e9fc | f7ff ff4d 
  0x00000245ee152408: 8b57 484d | 8b5f 58f0 | 8344 24c0 | 0080 3900 | 0f84 9cf7 | ffff 4488 | 214d 85d2 | 751d 498b 
  0x00000245ee152428: d749 ba40 | 1212 21fa | 7f00 0041 

  0x00000245ee152434: ;   {other}
  0x00000245ee152434: ffd2 0f1f | 8400 0000 | 0000 e977 | f7ff ff4b | 894c 13f8 | 4983 c2f8 | 4d89 5748 | e965 f7ff 
  0x00000245ee152454: ff45 8b43 | 0c45 85c0 | 7457 4c89 | 5c24 3848 | 897c 2430 | 4c89 4c24 | 2848 8974 | 2420 418b 
  0x00000245ee152474: fa8b f34d | 8b57 2849 | 8bc8 48c1 | e103 4d85 | d20f 84af | 0500 004d | 8b5f 384b | 894c 13f8 
  0x00000245ee152494: 4983 c2f8 | 4d89 5728 | 8bde 448b | d748 8b74 | 2420 4c8b | 4c24 2848 | 8b7c 2430 | 4c8b 5c24 
  0x00000245ee1524b4: 3841 8bea | 4c89 4c24 | 20e9 bef5 | ffff 4d8b | 5748 4d8b | 5f58 f083 | 4424 c000 | 8039 000f 
  0x00000245ee1524d4: 84e5 f5ff | ff44 8821 | 4d85 d275 | 1d49 8bd7 | 49ba 4012 | 1221 fa7f | 0000 41ff 

  0x00000245ee1524f0: ;   {other}
  0x00000245ee1524f0: d20f 1f84 | 0000 0000 | 00e9 c0f5 | ffff 4b89 | 4c13 f849 | 83c2 f84d | 8957 48e9 | aef5 ffff 
  0x00000245ee152510: 458b 5cdc | 0c45 85db | 0f84 87f7 | ffff 4d8b | 5728 498b | cb48 c1e1 | 034d 85d2 | 0f84 2505 
  0x00000245ee152530: 0000 4d8b | 5f38 4b89 | 4c13 f849 | 83c2 f84d | 8957 28e9 | 5df7 ffff | 458b 5e18 | 4585 db0f 
  0x00000245ee152550: 8494 f0ff | ff4d 8b57 | 2849 8bcb | 48c1 e103 | 4d85 d20f | 8473 0500 | 004d 8b5f | 384b 894c 
  0x00000245ee152570: 13f8 4983 | c2f8 4d89 | 5728 e96a | f0ff ff44 | 8b5e 1845 | 85db 0f84 | fef1 ffff | 4d8b 5728 
  0x00000245ee152590: 498b cb48 | c1e1 034d | 85d2 0f84 | 5905 0000 | 4d8b 5f38 | 4b89 4c13 | f849 83c2 | f84d 8957 
  0x00000245ee1525b0: 28e9 d4f1 | ffff 4d8b | 5758 4d8b | 5f48 f083 | 4424 c000 | 8039 000f | 8450 f0ff | ff44 8821 
  0x00000245ee1525d0: 4d85 db75 | 1d49 8bd7 | 49ba 4012 | 1221 fa7f | 0000 41ff 

  0x00000245ee1525e4: ;   {other}
  0x00000245ee1525e4: d20f 1f84 | 0000 0000 | 00e9 2bf0 | ffff 4b89 | 4c1a f849 | 83c3 f84d | 895f 48e9 | 19f0 ffff 
  0x00000245ee152604: 4d8b 5748 | 4d8b 5f58 | f083 4424 | c000 8039 | 000f 84c3 | efff ff44 | 8821 4d85 | d275 1d49 
  0x00000245ee152624: 8bd7 49ba | 4012 1221 | fa7f 0000 

  0x00000245ee152630: ;   {other}
  0x00000245ee152630: 41ff d20f | 1f84 0000 | 0000 00e9 | 9eef ffff | 4b89 4c13 | f849 83c2 | f84d 8957 | 48e9 8cef 
  0x00000245ee152650: ffff 4d8b | 5748 4d8b | 5f58 f083 | 4424 c000 | 8039 000f | 8416 f1ff | ff44 8821 | 4d85 d275 
  0x00000245ee152670: 1d49 8bd7 | 49ba 4012 | 1221 fa7f | 0000 41ff 

  0x00000245ee152680: ;   {other}
  0x00000245ee152680: d20f 1f84 | 0000 0000 | 00e9 f1f0 | ffff 4b89 | 4c13 f849 | 83c2 f84d | 8957 48e9 | dff0 ffff 
  0x00000245ee1526a0: 4d8b 5758 | 4d8b 5f48 | f083 4424 | c000 4180 | 3800 0f84 | 06f1 ffff | 4588 204d | 85db 7520 
  0x00000245ee1526c0: 498b c849 | 8bd7 49ba | 4012 1221 | fa7f 0000 

  0x00000245ee1526d0: ;   {other}
  0x00000245ee1526d0: 41ff d20f | 1f84 0000 | 0000 00e9 | def0 ffff | 4f89 441a | f849 83c3 | f84d 895f | 48e9 ccf0 
  0x00000245ee1526f0: ffff 498b | 9fb8 0100 | 004c 8bd3 | 4983 c228 | 4d3b 97c8 | 0100 000f | 832f 0500 | 004d 8997 
  0x00000245ee152710: b801 0000 | 410f 0d8a | c000 0000 | 48c7 0301 

  0x00000245ee152720: ;   {metadata('java/security/AccessControlContext')}
  0x00000245ee152720: 0000 00c7 | 4308 8094 | 0200 4c89 | 6310 4c89 | 6318 4c89 | 6320 c743 | 0c01 0100 | 00e9 9def 
  0x00000245ee152740: ffff 498b | e948 b830 | 1522 0946 

  0x00000245ee15274c: ;   {virtual_call}
  0x00000245ee15274c: 0200 00e8 

  0x00000245ee152750: ; ImmutableOopMap {rbp=Oop [40]=Oop [52]=NarrowOop }
                      ;*invokeinterface run {reexecute=0 rethrow=0 return_oop=0}
                      ; - java.awt.event.InvocationEvent::dispatch@11 (line 308)
                      ; - java.awt.EventQueue::dispatchEventImpl@21 (line 773)
                      ; - java.awt.EventQueue$4::run@32 (line 720)
                      ; - java.awt.EventQueue$4::run@1 (line 714)
                      ; - java.security.AccessController::executePrivileged@29 (line 778)
                      ; - java.security.AccessController::doPrivileged@13 (line 400)
                      ; - java.security.ProtectionDomain$JavaSecurityAccessImpl::doIntersectionPrivilege@18 (line 87)
                      ; - java.awt.EventQueue::dispatchEvent@46 (line 742)
  0x00000245ee152750: dc9d f1fe 

  0x00000245ee152754: ;   {other}
  0x00000245ee152754: 0f1f 8400 | 4417 0014 | e903 f8ff | ff89 6c24 | 2849 8be8 

  0x00000245ee152768: ;   {metadata('java/awt/EventQueue$4')}
  0x00000245ee152768: 48ba 78d0 | 0a81 4502 

  0x00000245ee152770: ;   {runtime_call _new_instance_Java}
  0x00000245ee152770: 0000 90e8 

  0x00000245ee152774: ; ImmutableOopMap {rbp=Oop [32]=Oop [40]=NarrowOop [56]=Oop [64]=Oop }
                      ;*new {reexecute=0 rethrow=0 return_oop=1}
                      ; - java.awt.EventQueue::dispatchEvent@5 (line 714)
  0x00000245ee152774: 08ad f1fe 

  0x00000245ee152778: ;   {other}
  0x00000245ee152778: 0f1f 8400 | 6817 0015 | 8b6c 2428 | e90a edff | ff44 896c | 2438 4889 | 5c24 284c | 8b54 2430 
  0x00000245ee152798: 4c89 5424 

  0x00000245ee15279c: ;   {metadata('java/security/AccessControlContext')}
  0x00000245ee15279c: 2048 ba80 | 9402 8045 

  0x00000245ee1527a4: ;   {runtime_call _new_instance_Java}
  0x00000245ee1527a4: 0200 00e8 

  0x00000245ee1527a8: ; ImmutableOopMap {[32]=Oop [40]=Oop [56]=NarrowOop [64]=Oop }
                      ;*new {reexecute=0 rethrow=0 return_oop=1}
                      ; - java.security.ProtectionDomain$JavaSecurityAccessImpl::getCombinedACC@0 (line 110)
                      ; - java.security.ProtectionDomain$JavaSecurityAccessImpl::doIntersectionPrivilege@15 (line 89)
                      ; - java.awt.EventQueue::dispatchEvent@46 (line 742)
  0x00000245ee1527a8: d4ac f1fe 

  0x00000245ee1527ac: ;   {other}
  0x00000245ee1527ac: 0f1f 8400 | 9c17 0016 | 4c8b 5c24 | 204c 895c | 2430 488b | 5c24 2844 | 8b6c 2438 | 488b f0e9 
  0x00000245ee1527cc: d1f0 ffff | 4889 5c24 

  0x00000245ee1527d4: ;   {metadata('java/security/AccessControlContext')}
  0x00000245ee1527d4: 2048 ba80 | 9402 8045 | 0200 0048 | 8974 2438 

  0x00000245ee1527e4: ;   {runtime_call _new_instance_Java}
  0x00000245ee1527e4: 6666 90e8 

  0x00000245ee1527e8: ; ImmutableOopMap {rbp=NarrowOop [32]=Oop [48]=Oop [56]=Oop [64]=Oop }
                      ;*new {reexecute=0 rethrow=0 return_oop=1}
                      ; - java.security.ProtectionDomain$JavaSecurityAccessImpl::getCombinedACC@14 (line 113)
                      ; - java.security.ProtectionDomain$JavaSecurityAccessImpl::doIntersectionPrivilege@15 (line 89)
                      ; - java.awt.EventQueue::dispatchEvent@46 (line 742)
  0x00000245ee1527e8: 94ac f1fe 

  0x00000245ee1527ec: ;   {other}
  0x00000245ee1527ec: 0f1f 8400 | dc17 0017 | 488b d0e9 | 7ff1 ffff 

  0x00000245ee1527fc: ;   {metadata('java/lang/ref/WeakReference')}
  0x00000245ee1527fc: 48ba 18da | 0380 4502 | 0000 498b 

  0x00000245ee152808: ;   {runtime_call _new_instance_Java}
  0x00000245ee152808: ee66 90e8 

  0x00000245ee15280c: ; ImmutableOopMap {rbp=Oop [32]=Oop [40]=Oop [48]=NarrowOop [52]=NarrowOop [80]=Oop [88]=Oop }
                      ;*new {reexecute=0 rethrow=0 return_oop=1}
                      ; - java.awt.EventQueue::setCurrentEventAndMostRecentTimeImpl@36 (line 1266)
                      ; - java.awt.EventQueue::dispatchEventImpl@14 (line 772)
                      ; - java.awt.EventQueue$4::run@32 (line 720)
                      ; - java.awt.EventQueue$4::run@1 (line 714)
                      ; - java.security.AccessController::executePrivileged@29 (line 778)
                      ; - java.security.AccessController::doPrivileged@13 (line 400)
                      ; - java.security.ProtectionDomain$JavaSecurityAccessImpl::doIntersectionPrivilege@18 (line 87)
                      ; - java.awt.EventQueue::dispatchEvent@46 (line 742)
  0x00000245ee15280c: 70ac f1fe 

  0x00000245ee152810: ;   {other}
  0x00000245ee152810: 0f1f 8400 | 0018 0018 | 488b f8e9 | 45f3 ffff | 4489 6c24 | 384c 895c | 2428 4889 | 5c24 2048 
  0x00000245ee152830: 8b6c 2430 

  0x00000245ee152834: ;   {metadata('java/security/AccessControlContext')}
  0x00000245ee152834: 48ba 8094 | 0280 4502 

  0x00000245ee15283c: ;   {runtime_call _new_instance_Java}
  0x00000245ee15283c: 0000 90e8 

  0x00000245ee152840: ; ImmutableOopMap {rbp=Oop [32]=Oop [40]=Oop [56]=NarrowOop }
                      ;*new {reexecute=0 rethrow=0 return_oop=1}
                      ; - java.security.ProtectionDomain$JavaSecurityAccessImpl::getCombinedACC@0 (line 110)
                      ; - java.security.ProtectionDomain$JavaSecurityAccessImpl::doIntersectionPrivilege@15 (line 89)
                      ; - java.awt.EventQueue::dispatchEvent@73 (line 744)
  0x00000245ee152840: 3cac f1fe 

  0x00000245ee152844: ;   {other}
  0x00000245ee152844: 0f1f 8400 | 3418 0019 | 4889 6c24 | 3048 8b5c | 2420 4c8b | 5c24 2844 | 8b6c 2438 | 4c8b f0e9 
  0x00000245ee152864: 23ed ffff | 4489 6c24 | 2848 895c 

  0x00000245ee152870: ;   {metadata('java/security/AccessControlContext')}
  0x00000245ee152870: 2420 48ba | 8094 0280 | 4502 0000 | 4c89 7424 

  0x00000245ee152880: ;   {runtime_call _new_instance_Java}
  0x00000245ee152880: 3866 90e8 

  0x00000245ee152884: ; ImmutableOopMap {rbp=NarrowOop [32]=Oop [40]=NarrowOop [48]=Oop [56]=Oop }
                      ;*new {reexecute=0 rethrow=0 return_oop=1}
                      ; - java.security.ProtectionDomain$JavaSecurityAccessImpl::getCombinedACC@14 (line 113)
                      ; - java.security.ProtectionDomain$JavaSecurityAccessImpl::doIntersectionPrivilege@15 (line 89)
                      ; - java.awt.EventQueue::dispatchEvent@73 (line 744)
  0x00000245ee152884: f8ab f1fe 

  0x00000245ee152888: ;   {other}
  0x00000245ee152888: 0f1f 8400 | 7818 001a | 488b d0e9 | d3ed ffff 

  0x00000245ee152898: ;   {metadata('java/security/AccessControlContext')}
  0x00000245ee152898: 488b eb48 | ba80 9402 | 8045 0200 

  0x00000245ee1528a4: ;   {runtime_call _new_instance_Java}
  0x00000245ee1528a4: 0066 90e8 

  0x00000245ee1528a8: ; ImmutableOopMap {rbp=Oop [32]=Oop [40]=NarrowOop [48]=Oop }
                      ;*new {reexecute=0 rethrow=0 return_oop=1}
                      ; - java.security.ProtectionDomain$JavaSecurityAccessImpl::getCombinedACC@0 (line 110)
                      ; - java.security.ProtectionDomain$JavaSecurityAccessImpl::doIntersectionPrivilege@15 (line 89)
                      ; - java.security.ProtectionDomain$JavaSecurityAccessImpl::doIntersectionPrivilege@6 (line 98)
                      ; - java.awt.EventQueue$5::run@11 (line 747)
                      ; - java.awt.EventQueue$5::run@1 (line 745)
                      ; - java.security.AccessController::executePrivileged@29 (line 778)
                      ; - java.security.AccessController::doPrivileged@13 (line 400)
                      ; - java.security.ProtectionDomain$JavaSecurityAccessImpl::doIntersectionPrivilege@18 (line 87)
                      ; - java.awt.EventQueue::dispatchEvent@73 (line 744)
  0x00000245ee1528a8: d4ab f1fe 

  0x00000245ee1528ac: ;   {other}
  0x00000245ee1528ac: 0f1f 8400 | 9c18 001b | 488b dd48 | 8bf0 e968 | eeff ff48 | 895c 2428 

  0x00000245ee1528c4: ;   {metadata('java/security/AccessControlContext')}
  0x00000245ee1528c4: 48ba 8094 | 0280 4502 | 0000 4889 

  0x00000245ee1528d0: ;   {runtime_call _new_instance_Java}
  0x00000245ee1528d0: 7424 38e8 

  0x00000245ee1528d4: ; ImmutableOopMap {rbp=NarrowOop [32]=Oop [40]=Oop [48]=Oop [56]=Oop }
                      ;*new {reexecute=0 rethrow=0 return_oop=1}
                      ; - java.security.ProtectionDomain$JavaSecurityAccessImpl::getCombinedACC@14 (line 113)
                      ; - java.security.ProtectionDomain$JavaSecurityAccessImpl::doIntersectionPrivilege@15 (line 89)
                      ; - java.security.ProtectionDomain$JavaSecurityAccessImpl::doIntersectionPrivilege@6 (line 98)
                      ; - java.awt.EventQueue$5::run@11 (line 747)
                      ; - java.awt.EventQueue$5::run@1 (line 745)
                      ; - java.security.AccessController::executePrivileged@29 (line 778)
                      ; - java.security.AccessController::doPrivileged@13 (line 400)
                      ; - java.security.ProtectionDomain$JavaSecurityAccessImpl::doIntersectionPrivilege@18 (line 87)
                      ; - java.awt.EventQueue::dispatchEvent@73 (line 744)
  0x00000245ee1528d4: a8ab f1fe 

  0x00000245ee1528d8: ;   {other}
  0x00000245ee1528d8: 0f1f 8400 | c818 001c | 488b d048 | 8b5c 2428 | e915 efff | ffba ecff | ffff 4c89 

  0x00000245ee1528f4: ;   {runtime_call UncommonTrapBlob}
  0x00000245ee1528f4: 7424 20e8 

  0x00000245ee1528f8: ; ImmutableOopMap {rbp=NarrowOop [32]=Oop [48]=Oop }
                      ;*ifnull {reexecute=1 rethrow=0 return_oop=0}
                      ; - (reexecute) java.awt.EventQueue$4::run@7 (line 719)
                      ; - java.awt.EventQueue$4::run@1 (line 714)
                      ; - java.security.AccessController::executePrivileged@29 (line 778)
                      ; - java.security.AccessController::doPrivileged@13 (line 400)
                      ; - java.security.ProtectionDomain$JavaSecurityAccessImpl::doIntersectionPrivilege@18 (line 87)
                      ; - java.awt.EventQueue::dispatchEvent@46 (line 742)
  0x00000245ee1528f8: 041d e5fe 

  0x00000245ee1528fc: ;   {other}
  0x00000245ee1528fc: 0f1f 8400 | ec18 001d | bade ffff | ff4c 8974 | 2420 895c | 242c 4489 

  0x00000245ee152914: ;   {runtime_call UncommonTrapBlob}
  0x00000245ee152914: 5424 30e8 

  0x00000245ee152918: ; ImmutableOopMap {rbp=NarrowOop [32]=Oop [44]=NarrowOop [48]=NarrowOop }
                      ;*invokeinterface lock {reexecute=0 rethrow=0 return_oop=0}
                      ; - java.awt.EventQueue::setCurrentEventAndMostRecentTimeImpl@4 (line 1260)
                      ; - java.awt.EventQueue::dispatchEventImpl@14 (line 772)
                      ; - java.awt.EventQueue$4::run@32 (line 720)
                      ; - java.awt.EventQueue$4::run@1 (line 714)
                      ; - java.security.AccessController::executePrivileged@29 (line 778)
                      ; - java.security.AccessController::doPrivileged@13 (line 400)
                      ; - java.security.ProtectionDomain$JavaSecurityAccessImpl::doIntersectionPrivilege@18 (line 87)
                      ; - java.awt.EventQueue::dispatchEvent@46 (line 742)
  0x00000245ee152918: e41c e5fe 

  0x00000245ee15291c: ;   {other}
  0x00000245ee15291c: 0f1f 8400 | 0c19 001e | bade ffff | ff49 8bee | 895c 2424 | 4489 5424 | 2844 895c 

  0x00000245ee152938: ;   {runtime_call UncommonTrapBlob}
  0x00000245ee152938: 2430 90e8 

  0x00000245ee15293c: ; ImmutableOopMap {rbp=Oop [36]=NarrowOop [40]=NarrowOop [48]=NarrowOop }
                      ;*invokevirtual initialTryLock {reexecute=0 rethrow=0 return_oop=0}
                      ; - java.util.concurrent.locks.ReentrantLock$Sync::lock@1 (line 152)
                      ; - java.util.concurrent.locks.ReentrantLock::lock@4 (line 322)
                      ; - java.awt.EventQueue::setCurrentEventAndMostRecentTimeImpl@4 (line 1260)
                      ; - java.awt.EventQueue::dispatchEventImpl@14 (line 772)
                      ; - java.awt.EventQueue$4::run@32 (line 720)
                      ; - java.awt.EventQueue$4::run@1 (line 714)
                      ; - java.security.AccessController::executePrivileged@29 (line 778)
                      ; - java.security.AccessController::doPrivileged@13 (line 400)
                      ; - java.security.ProtectionDomain$JavaSecurityAccessImpl::doIntersectionPrivilege@18 (line 87)
                      ; - java.awt.EventQueue::dispatchEvent@46 (line 742)
  0x00000245ee15293c: c01c e5fe 

  0x00000245ee152940: ;   {other}
  0x00000245ee152940: 0f1f 8400 | 3019 001f | bade ffff | ff4c 8b54 | 2428 4c89 

  0x00000245ee152954: ;   {runtime_call UncommonTrapBlob}
  0x00000245ee152954: 5424 20e8 

  0x00000245ee152958: ; ImmutableOopMap {rbp=NarrowOop [32]=Oop [52]=NarrowOop }
                      ;*invokeinterface unlock {reexecute=0 rethrow=0 return_oop=0}
                      ; - java.awt.EventQueue::setCurrentEventAndMostRecentTimeImpl@168 (line 1295)
                      ; - java.awt.EventQueue::dispatchEventImpl@14 (line 772)
                      ; - java.awt.EventQueue$4::run@32 (line 720)
                      ; - java.awt.EventQueue$4::run@1 (line 714)
                      ; - java.security.AccessController::executePrivileged@29 (line 778)
                      ; - java.security.AccessController::doPrivileged@13 (line 400)
                      ; - java.security.ProtectionDomain$JavaSecurityAccessImpl::doIntersectionPrivilege@18 (line 87)
                      ; - java.awt.EventQueue::dispatchEvent@46 (line 742)
  0x00000245ee152958: a41c e5fe 

  0x00000245ee15295c: ;   {other}
  0x00000245ee15295c: 0f1f 8400 | 4c19 0020 | ba45 ffff | ff4c 8b54 | 2430 4c89 | 5424 2848 | 895c 2430 | 4c89 5c24 
  0x00000245ee15297c: ;   {runtime_call UncommonTrapBlob}
  0x00000245ee15297c: 3866 90e8 

  0x00000245ee152980: ; ImmutableOopMap {rbp=NarrowOop [32]=Oop [40]=Oop [48]=Oop [56]=Oop }
                      ;*ifnonnull {reexecute=1 rethrow=0 return_oop=0}
                      ; - (reexecute) java.awt.AWTEvent::getAccessControlContext@4 (line 127)
                      ; - java.awt.EventQueue::dispatchEvent@28 (line 740)
  0x00000245ee152980: 7c1c e5fe 

  0x00000245ee152984: ;   {other}
  0x00000245ee152984: 0f1f 8400 | 7419 0021 | ba45 ffff | ff4c 8b54 | 2438 4c89 | 5424 2848 | 895c 2438 

  0x00000245ee1529a0: ;   {runtime_call UncommonTrapBlob}
  0x00000245ee1529a0: 6666 90e8 

  0x00000245ee1529a4: ; ImmutableOopMap {rbp=NarrowOop [32]=Oop [40]=Oop [48]=Oop [56]=Oop }
                      ;*ifnonnull {reexecute=1 rethrow=0 return_oop=0}
                      ; - (reexecute) java.awt.Component::getAccessControlContext@4 (line 719)
                      ; - java.awt.EventQueue::getAccessControlContextFrom@11 (line 757)
                      ; - java.awt.EventQueue::dispatchEvent@22 (line 738)
  0x00000245ee1529a4: 581c e5fe 

  0x00000245ee1529a8: ;   {other}
  0x00000245ee1529a8: 0f1f 8400 | 9819 0022 | 4889 7424 | 204c 8bf3 | 498b d749 | ba60 1212 | 21fa 7f00 | 0041 ffd2 
  0x00000245ee1529c8: ;   {other}
  0x00000245ee1529c8: 0f1f 8400 | 0000 0000 | 498b de48 | 8b74 2420 | e922 efff | ffba 45ff | ffff 4c89 | 7424 2089 
  0x00000245ee1529e8: 5c24 2c44 | 8954 2430 

  0x00000245ee1529f0: ;   {runtime_call UncommonTrapBlob}
  0x00000245ee1529f0: 6666 90e8 

  0x00000245ee1529f4: ; ImmutableOopMap {[32]=Oop [44]=NarrowOop [48]=NarrowOop }
                      ;*ifne {reexecute=1 rethrow=0 return_oop=0}
                      ; - (reexecute) java.awt.EventQueue::setCurrentEventAndMostRecentTimeImpl@12 (line 1262)
                      ; - java.awt.EventQueue::dispatchEventImpl@14 (line 772)
                      ; - java.awt.EventQueue$4::run@32 (line 720)
                      ; - java.awt.EventQueue$4::run@1 (line 714)
                      ; - java.security.AccessController::executePrivileged@29 (line 778)
                      ; - java.security.AccessController::doPrivileged@13 (line 400)
                      ; - java.security.ProtectionDomain$JavaSecurityAccessImpl::doIntersectionPrivilege@18 (line 87)
                      ; - java.awt.EventQueue::dispatchEvent@46 (line 742)
  0x00000245ee1529f4: 081c e5fe 

  0x00000245ee1529f8: ;   {other}
  0x00000245ee1529f8: 0f1f 8400 | e819 0023 | 498b d749 | ba60 1212 | 21fa 7f00 | 0041 ffd2 

  0x00000245ee152a10: ;   {other}
  0x00000245ee152a10: 0f1f 8400 | 0000 0000 | e95c f1ff | ff49 8bd7 | 49ba 6012 | 1221 fa7f | 0000 41ff 

  0x00000245ee152a2c: ;   {other}
  0x00000245ee152a2c: d20f 1f84 | 0000 0000 | 00e9 91f1 | ffff 498b | d749 ba60 | 1212 21fa | 7f00 0041 

  0x00000245ee152a48: ;   {other}
  0x00000245ee152a48: ffd2 0f1f | 8400 0000 | 0000 e945 | faff ff49 | 8bd7 49ba | 6012 1221 | fa7f 0000 

  0x00000245ee152a64: ;   {other}
  0x00000245ee152a64: 41ff d20f | 1f84 0000 | 0000 00e9 | 31f2 ffff | ba45 ffff 

  0x00000245ee152a78: ;   {runtime_call UncommonTrapBlob}
  0x00000245ee152a78: ff66 90e8 

  0x00000245ee152a7c: ; ImmutableOopMap {rbp=NarrowOop [32]=Oop [40]=Oop [48]=NarrowOop [52]=NarrowOop }
                      ;*if_acmpeq {reexecute=1 rethrow=0 return_oop=0}
                      ; - (reexecute) java.awt.EventQueue::setCurrentEventAndMostRecentTimeImpl@22 (line 1262)
                      ; - java.awt.EventQueue::dispatchEventImpl@14 (line 772)
                      ; - java.awt.EventQueue$4::run@32 (line 720)
                      ; - java.awt.EventQueue$4::run@1 (line 714)
                      ; - java.security.AccessController::executePrivileged@29 (line 778)
                      ; - java.security.AccessController::doPrivileged@13 (line 400)
                      ; - java.security.ProtectionDomain$JavaSecurityAccessImpl::doIntersectionPrivilege@18 (line 87)
                      ; - java.awt.EventQueue::dispatchEvent@46 (line 742)
  0x00000245ee152a7c: 801b e5fe 

  0x00000245ee152a80: ;   {other}
  0x00000245ee152a80: 0f1f 8400 | 701a 0024 | ba45 ffff | ff4c 8b54 | 2428 4c89 | 5424 2044 | 8b54 2434 | 4489 5424 
  0x00000245ee152aa0: 2889 5c24 | 2c4c 895c 

  0x00000245ee152aa8: ;   {runtime_call UncommonTrapBlob}
  0x00000245ee152aa8: 2430 90e8 

  0x00000245ee152aac: ; ImmutableOopMap {rbp=NarrowOop [32]=Oop [40]=NarrowOop [44]=NarrowOop [48]=Oop }
                      ;*if_acmpeq {reexecute=1 rethrow=0 return_oop=0}
                      ; - (reexecute) java.util.concurrent.locks.ReentrantLock$Sync::tryRelease@14 (line 174)
                      ; - java.util.concurrent.locks.AbstractQueuedSynchronizer::release@2 (line 1059)
                      ; - java.util.concurrent.locks.ReentrantLock::unlock@5 (line 494)
                      ; - java.awt.EventQueue::setCurrentEventAndMostRecentTimeImpl@168 (line 1295)
                      ; - java.awt.EventQueue::dispatchEventImpl@14 (line 772)
                      ; - java.awt.EventQueue$4::run@32 (line 720)
                      ; - java.awt.EventQueue$4::run@1 (line 714)
                      ; - java.security.AccessController::executePrivileged@29 (line 778)
                      ; - java.security.AccessController::doPrivileged@13 (line 400)
                      ; - java.security.ProtectionDomain$JavaSecurityAccessImpl::doIntersectionPrivilege@18 (line 87)
                      ; - java.awt.EventQueue::dispatchEvent@46 (line 742)
  0x00000245ee152aac: 501b e5fe 

  0x00000245ee152ab0: ;   {other}
  0x00000245ee152ab0: 0f1f 8400 | a01a 0025 | ba45 ffff | ff4c 8b54 | 2428 4c89 | 5424 204c | 895c 2428 

  0x00000245ee152acc: ;   {runtime_call UncommonTrapBlob}
  0x00000245ee152acc: 6666 90e8 

  0x00000245ee152ad0: ; ImmutableOopMap {rbp=NarrowOop [32]=Oop [40]=Oop }
                      ;*ifnull {reexecute=1 rethrow=0 return_oop=0}
                      ; - (reexecute) java.awt.event.InvocationEvent::finishedDispatching@40 (line 408)
                      ; - java.awt.event.InvocationEvent::dispatch@54 (line 321)
                      ; - java.awt.EventQueue::dispatchEventImpl@21 (line 773)
                      ; - java.awt.EventQueue$4::run@32 (line 720)
                      ; - java.awt.EventQueue$4::run@1 (line 714)
                      ; - java.security.AccessController::executePrivileged@29 (line 778)
                      ; - java.security.AccessController::doPrivileged@13 (line 400)
                      ; - java.security.ProtectionDomain$JavaSecurityAccessImpl::doIntersectionPrivilege@18 (line 87)
                      ; - java.awt.EventQueue::dispatchEvent@46 (line 742)
  0x00000245ee152ad0: 2c1b e5fe 

  0x00000245ee152ad4: ;   {other}
  0x00000245ee152ad4: 0f1f 8400 | c41a 0026 | 498b d749 | ba60 1212 | 21fa 7f00 | 0041 ffd2 

  0x00000245ee152aec: ;   {other}
  0x00000245ee152aec: 0f1f 8400 | 0000 0000 | e9f0 eaff | ff49 8bd7 | 49ba 6012 | 1221 fa7f | 0000 41ff 

  0x00000245ee152b08: ;   {other}
  0x00000245ee152b08: d20f 1f84 | 0000 0000 | 00e9 74ec | ffff ba45 | ffff ff4c | 8b54 2438 | 4c89 5424 | 2848 895c 
  0x00000245ee152b28: ;   {runtime_call UncommonTrapBlob}
  0x00000245ee152b28: 2438 90e8 

  0x00000245ee152b2c: ; ImmutableOopMap {rbp=NarrowOop [32]=Oop [40]=Oop [48]=Oop [56]=Oop }
                      ;*ifeq {reexecute=1 rethrow=0 return_oop=0}
                      ; - (reexecute) java.awt.EventQueue::getAccessControlContextFrom@21 (line 758)
                      ; - java.awt.EventQueue::dispatchEvent@22 (line 738)
  0x00000245ee152b2c: d01a e5fe 

  0x00000245ee152b30: ;   {other}
  0x00000245ee152b30: 0f1f 8400 | 201b 0027 | ba45 ffff | ff4c 8b54 | 2438 4c89 | 5424 2848 | 895c 2438 

  0x00000245ee152b4c: ;   {runtime_call UncommonTrapBlob}
  0x00000245ee152b4c: 6666 90e8 

  0x00000245ee152b50: ; ImmutableOopMap {rbp=NarrowOop [32]=Oop [40]=Oop [48]=Oop [56]=Oop }
                      ;*ifeq {reexecute=1 rethrow=0 return_oop=0}
                      ; - (reexecute) java.awt.EventQueue::getAccessControlContextFrom@38 (line 760)
                      ; - java.awt.EventQueue::dispatchEvent@22 (line 738)
  0x00000245ee152b50: ac1a e5fe 

  0x00000245ee152b54: ;   {other}
  0x00000245ee152b54: 0f1f 8400 | 441b 0028 | 4c89 5c24 | 3048 897c | 2428 48ff | 7424 5848 | 8f44 2420 

  0x00000245ee152b70: ;   {metadata('java/lang/Error')}
  0x00000245ee152b70: 498b ee48 | bac8 0701 | 8045 0200 

  0x00000245ee152b7c: ;   {runtime_call _new_instance_Java}
  0x00000245ee152b7c: 0066 90e8 

  0x00000245ee152b80: ; ImmutableOopMap {rbp=Oop [32]=Oop [40]=Oop [48]=Oop [88]=Oop }
                      ;*new {reexecute=0 rethrow=0 return_oop=1}
                      ; - java.util.concurrent.locks.ReentrantLock$NonfairSync::initialTryLock@39 (line 231)
                      ; - java.util.concurrent.locks.ReentrantLock$Sync::lock@1 (line 152)
                      ; - java.util.concurrent.locks.ReentrantLock::lock@4 (line 322)
                      ; - java.awt.EventQueue::setCurrentEventAndMostRecentTimeImpl@4 (line 1260)
                      ; - java.awt.EventQueue::dispatchEventImpl@14 (line 772)
                      ; - java.awt.EventQueue$4::run@32 (line 720)
                      ; - java.awt.EventQueue$4::run@1 (line 714)
                      ; - java.security.AccessController::executePrivileged@29 (line 778)
                      ; - java.security.AccessController::doPrivileged@13 (line 400)
                      ; - java.security.ProtectionDomain$JavaSecurityAccessImpl::doIntersectionPrivilege@18 (line 87)
                      ; - java.awt.EventQueue::dispatchEvent@46 (line 742)
  0x00000245ee152b80: fca8 f1fe 

  0x00000245ee152b84: ;   {other}
  0x00000245ee152b84: 0f1f 8400 | 741b 0029 | 4c8b f548 | 8b7c 2428 | 4c8b 5c24 | 30e9 adf5 | ffff ba45 | ffff ff48 
  0x00000245ee152ba4: 8b6c 2428 | 448b 5c24 | 3444 895c 

  0x00000245ee152bb0: ;   {runtime_call UncommonTrapBlob}
  0x00000245ee152bb0: 2428 90e8 

  0x00000245ee152bb4: ; ImmutableOopMap {rbp=Oop [40]=NarrowOop [48]=NarrowOop [52]=NarrowOop }
                      ;*ifeq {reexecute=1 rethrow=0 return_oop=0}
                      ; - (reexecute) java.awt.EventQueue::setCurrentEventAndMostRecentTimeImpl@93 (line 1283)
                      ; - java.awt.EventQueue::dispatchEventImpl@14 (line 772)
                      ; - java.awt.EventQueue$4::run@32 (line 720)
                      ; - java.awt.EventQueue$4::run@1 (line 714)
                      ; - java.security.AccessController::executePrivileged@29 (line 778)
                      ; - java.security.AccessController::doPrivileged@13 (line 400)
                      ; - java.security.ProtectionDomain$JavaSecurityAccessImpl::doIntersectionPrivilege@18 (line 87)
                      ; - java.awt.EventQueue::dispatchEvent@46 (line 742)
  0x00000245ee152bb4: 481a e5fe 

  0x00000245ee152bb8: ;   {other}
  0x00000245ee152bb8: 0f1f 8400 | a81b 002a | ba45 ffff | ff48 8b6c | 2428 448b | 5c24 3444 | 895c 2428 

  0x00000245ee152bd4: ;   {runtime_call UncommonTrapBlob}
  0x00000245ee152bd4: 6666 90e8 

  0x00000245ee152bd8: ; ImmutableOopMap {rbp=Oop [40]=NarrowOop [48]=NarrowOop [52]=NarrowOop }
                      ;*ifeq {reexecute=1 rethrow=0 return_oop=0}
                      ; - (reexecute) java.awt.EventQueue::setCurrentEventAndMostRecentTimeImpl@115 (line 1286)
                      ; - java.awt.EventQueue::dispatchEventImpl@14 (line 772)
                      ; - java.awt.EventQueue$4::run@32 (line 720)
                      ; - java.awt.EventQueue$4::run@1 (line 714)
                      ; - java.security.AccessController::executePrivileged@29 (line 778)
                      ; - java.security.AccessController::doPrivileged@13 (line 400)
                      ; - java.security.ProtectionDomain$JavaSecurityAccessImpl::doIntersectionPrivilege@18 (line 87)
                      ; - java.awt.EventQueue::dispatchEvent@46 (line 742)
  0x00000245ee152bd8: 241a e5fe 

  0x00000245ee152bdc: ;   {other}
  0x00000245ee152bdc: 0f1f 8400 | cc1b 002b 

  0x00000245ee152be4: ;   {metadata('java/security/AccessControlContext')}
  0x00000245ee152be4: 48ba 8094 | 0280 4502 

  0x00000245ee152bec: ;   {runtime_call _new_instance_Java}
  0x00000245ee152bec: 0000 90e8 

  0x00000245ee152bf0: ; ImmutableOopMap {rbp=NarrowOop [32]=Oop [48]=Oop [56]=Oop [64]=Oop }
                      ;*new {reexecute=0 rethrow=0 return_oop=1}
                      ; - java.security.AccessController::getContext@8 (line 1010)
                      ; - java.awt.EventQueue::dispatchEvent@16 (line 736)
  0x00000245ee152bf0: 8ca8 f1fe 

  0x00000245ee152bf4: ;   {other}
  0x00000245ee152bf4: 0f1f 8400 | e41b 002c | 488b d8e9 | 52f6 ffff | ba45 ffff | ff4c 8974 | 2420 895c | 2428 4489 
  0x00000245ee152c14: ;   {runtime_call UncommonTrapBlob}
  0x00000245ee152c14: 5424 2ce8 

  0x00000245ee152c18: ; ImmutableOopMap {rbp=NarrowOop [32]=Oop [40]=NarrowOop [44]=NarrowOop }
                      ;*ifeq {reexecute=1 rethrow=0 return_oop=0}
                      ; - (reexecute) java.awt.EventQueue::dispatchEventImpl@33 (line 774)
                      ; - java.awt.EventQueue$4::run@32 (line 720)
                      ; - java.awt.EventQueue$4::run@1 (line 714)
                      ; - java.security.AccessController::executePrivileged@29 (line 778)
                      ; - java.security.AccessController::doPrivileged@13 (line 400)
                      ; - java.security.ProtectionDomain$JavaSecurityAccessImpl::doIntersectionPrivilege@18 (line 87)
                      ; - java.awt.EventQueue::dispatchEvent@46 (line 742)
  0x00000245ee152c18: e419 e5fe 

  0x00000245ee152c1c: ;   {other}
  0x00000245ee152c1c: 0f1f 8400 | 0c1c 002d | bade ffff | ff44 8944 

  0x00000245ee152c2c: ;   {runtime_call UncommonTrapBlob}
  0x00000245ee152c2c: 2428 90e8 

  0x00000245ee152c30: ; ImmutableOopMap {rbp=Oop [32]=Oop [40]=NarrowOop }
                      ;*invokeinterface setCanAccessSystemClipboard {reexecute=0 rethrow=0 return_oop=0}
                      ; - java.awt.AWTEvent::dispatched@15 (line 597)
                      ; - java.awt.EventQueue::dispatchEventImpl@45 (line 776)
                      ; - java.awt.EventQueue$4::run@32 (line 720)
                      ; - java.awt.EventQueue$4::run@1 (line 714)
                      ; - java.security.AccessController::executePrivileged@29 (line 778)
                      ; - java.security.AccessController::doPrivileged@13 (line 400)
                      ; - java.security.ProtectionDomain$JavaSecurityAccessImpl::doIntersectionPrivilege@18 (line 87)
                      ; - java.awt.EventQueue::dispatchEvent@46 (line 742)
  0x00000245ee152c30: cc19 e5fe 

  0x00000245ee152c34: ;   {other}
  0x00000245ee152c34: 0f1f 8400 | 241c 002e 

  0x00000245ee152c3c: ;   {metadata('java/security/AccessControlContext')}
  0x00000245ee152c3c: 48ba 8094 | 0280 4502 

  0x00000245ee152c44: ;   {runtime_call _new_instance_Java}
  0x00000245ee152c44: 0000 90e8 

  0x00000245ee152c48: ; ImmutableOopMap {rbp=Oop [32]=Oop [40]=NarrowOop [48]=Oop }
                      ;*new {reexecute=0 rethrow=0 return_oop=1}
                      ; - java.security.AccessController::getContext@8 (line 1010)
                      ; - java.security.ProtectionDomain$JavaSecurityAccessImpl::doIntersectionPrivilege@2 (line 99)
                      ; - java.awt.EventQueue$5::run@11 (line 747)
                      ; - java.awt.EventQueue$5::run@1 (line 745)
                      ; - java.security.AccessController::executePrivileged@29 (line 778)
                      ; - java.security.AccessController::doPrivileged@13 (line 400)
                      ; - java.security.ProtectionDomain$JavaSecurityAccessImpl::doIntersectionPrivilege@18 (line 87)
                      ; - java.awt.EventQueue::dispatchEvent@73 (line 744)
  0x00000245ee152c48: 34a8 f1fe 

  0x00000245ee152c4c: ;   {other}
  0x00000245ee152c4c: 0f1f 8400 | 3c1c 002f | 488b d8e9 | dafa ffff | baf6 ffff | ff48 8b6c | 2428 4c89 

  0x00000245ee152c68: ;   {runtime_call UncommonTrapBlob}
  0x00000245ee152c68: 5c24 20e8 

  0x00000245ee152c6c: ; ImmutableOopMap {rbp=Oop [32]=Oop }
                      ;*monitorenter {reexecute=0 rethrow=0 return_oop=0}
                      ; - java.awt.event.InvocationEvent::finishedDispatching@18 (line 403)
                      ; - java.awt.event.InvocationEvent::dispatch@54 (line 321)
                      ; - java.awt.EventQueue::dispatchEventImpl@21 (line 773)
                      ; - java.awt.EventQueue$4::run@32 (line 720)
                      ; - java.awt.EventQueue$4::run@1 (line 714)
                      ; - java.security.AccessController::executePrivileged@29 (line 778)
                      ; - java.security.AccessController::doPrivileged@13 (line 400)
                      ; - java.security.ProtectionDomain$JavaSecurityAccessImpl::doIntersectionPrivilege@18 (line 87)
                      ; - java.awt.EventQueue::dispatchEvent@46 (line 742)
  0x00000245ee152c6c: 9019 e5fe 

  0x00000245ee152c70: ;   {other}
  0x00000245ee152c70: 0f1f 8400 | 601c 0030 | baf6 ffff | ff4c 8b54 | 2428 4c89 | 5424 204c | 895c 2428 

  0x00000245ee152c8c: ;   {runtime_call UncommonTrapBlob}
  0x00000245ee152c8c: 6666 90e8 

  0x00000245ee152c90: ; ImmutableOopMap {rbp=NarrowOop [32]=Oop [40]=Oop }
                      ;*invokevirtual notifyAll {reexecute=0 rethrow=0 return_oop=0}
                      ; - java.awt.event.InvocationEvent::finishedDispatching@23 (line 404)
                      ; - java.awt.event.InvocationEvent::dispatch@54 (line 321)
                      ; - java.awt.EventQueue::dispatchEventImpl@21 (line 773)
                      ; - java.awt.EventQueue$4::run@32 (line 720)
                      ; - java.awt.EventQueue$4::run@1 (line 714)
                      ; - java.security.AccessController::executePrivileged@29 (line 778)
                      ; - java.security.AccessController::doPrivileged@13 (line 400)
                      ; - java.security.ProtectionDomain$JavaSecurityAccessImpl::doIntersectionPrivilege@18 (line 87)
                      ; - java.awt.EventQueue::dispatchEvent@46 (line 742)
  0x00000245ee152c90: 6c19 e5fe 

  0x00000245ee152c94: ;   {other}
  0x00000245ee152c94: 0f1f 8400 | 841c 0031 | 4c89 4424 | 304c 895c | 2420 498b | d04c 8d44 

  0x00000245ee152cac: ;   {runtime_call _complete_monitor_locking_Java}
  0x00000245ee152cac: 2470 90e8 

  0x00000245ee152cb0: ; ImmutableOopMap {rbp=NarrowOop [32]=Oop [40]=Oop [48]=Oop }
                      ;*monitorenter {reexecute=0 rethrow=0 return_oop=0}
                      ; - java.awt.event.InvocationEvent::finishedDispatching@18 (line 403)
                      ; - java.awt.event.InvocationEvent::dispatch@54 (line 321)
                      ; - java.awt.EventQueue::dispatchEventImpl@21 (line 773)
                      ; - java.awt.EventQueue$4::run@32 (line 720)
                      ; - java.awt.EventQueue$4::run@1 (line 714)
                      ; - java.security.AccessController::executePrivileged@29 (line 778)
                      ; - java.security.AccessController::doPrivileged@13 (line 400)
                      ; - java.security.ProtectionDomain$JavaSecurityAccessImpl::doIntersectionPrivilege@18 (line 87)
                      ; - java.awt.EventQueue::dispatchEvent@46 (line 742)
  0x00000245ee152cb0: 4c8f 0cff 

  0x00000245ee152cb4: ;   {other}
  0x00000245ee152cb4: 0f1f 8400 | a41c 0032 | 4c8b 5c24 | 204c 8b44 | 2430 e91a | f3ff ff49 | 8bcb 488d | 5424 704d 
  0x00000245ee152cd4: 8bc7 49ba | 702f 5321 | fa7f 0000 

  0x00000245ee152ce0: ;   {other}
  0x00000245ee152ce0: 41ff d20f | 1f84 0000 | 0000 00e9 | b9f3 ffff | baf6 ffff | ff48 8b6c | 2428 4c89 | 4c24 204c 
  0x00000245ee152d00: 8954 2428 

  0x00000245ee152d04: ;   {runtime_call UncommonTrapBlob}
  0x00000245ee152d04: 6666 90e8 

  0x00000245ee152d08: ; ImmutableOopMap {rbp=Oop [32]=Oop }
                      ;*invokevirtual dF {reexecute=0 rethrow=0 return_oop=0}
                      ; - ui.frmwork.I$$Lambda/0x0000024581751330::run@8
                      ; - java.awt.event.InvocationEvent::dispatch@11 (line 308)
                      ; - java.awt.EventQueue::dispatchEventImpl@21 (line 773)
                      ; - java.awt.EventQueue$4::run@32 (line 720)
                      ; - java.awt.EventQueue$4::run@1 (line 714)
                      ; - java.security.AccessController::executePrivileged@29 (line 778)
                      ; - java.security.AccessController::doPrivileged@13 (line 400)
                      ; - java.security.ProtectionDomain$JavaSecurityAccessImpl::doIntersectionPrivilege@18 (line 87)
                      ; - java.awt.EventQueue::dispatchEvent@46 (line 742)
  0x00000245ee152d08: f418 e5fe 

  0x00000245ee152d0c: ;   {other}
  0x00000245ee152d0c: 0f1f 8400 | fc1c 0033 | baf6 ffff 

  0x00000245ee152d18: ;   {runtime_call UncommonTrapBlob}
  0x00000245ee152d18: ff66 90e8 

  0x00000245ee152d1c: ; ImmutableOopMap {}
                      ;*invokevirtual getSource {reexecute=0 rethrow=0 return_oop=0}
                      ; - java.awt.EventQueue::dispatchEvent@1 (line 713)
  0x00000245ee152d1c: e018 e5fe 

  0x00000245ee152d20: ;   {other}
  0x00000245ee152d20: 0f1f 8400 | 101d 0034 | baf4 ffff | ff48 8b6c | 2420 4c8b | 5424 304c | 8954 2428 | 4889 5c24 
  0x00000245ee152d40: ;   {runtime_call UncommonTrapBlob}
  0x00000245ee152d40: 3066 90e8 

  0x00000245ee152d44: ; ImmutableOopMap {rbp=Oop [40]=Oop [48]=Oop [56]=Oop }
                      ;*instanceof {reexecute=0 rethrow=0 return_oop=0}
                      ; - java.awt.EventQueue::getAccessControlContextFrom@1 (line 756)
                      ; - java.awt.EventQueue::dispatchEvent@22 (line 738)
  0x00000245ee152d44: b818 e5fe 

  0x00000245ee152d48: ;   {other}
  0x00000245ee152d48: 0f1f 8400 | 381d 0035 | baf6 ffff 

  0x00000245ee152d54: ;   {runtime_call UncommonTrapBlob}
  0x00000245ee152d54: ff66 90e8 

  0x00000245ee152d58: ; ImmutableOopMap {}
                      ;*invokevirtual getCombiner {reexecute=0 rethrow=0 return_oop=0}
                      ; - java.security.ProtectionDomain$JavaSecurityAccessImpl::getCombinedACC@6 (line 111)
                      ; - java.security.ProtectionDomain$JavaSecurityAccessImpl::doIntersectionPrivilege@15 (line 89)
                      ; - java.awt.EventQueue::dispatchEvent@46 (line 742)
  0x00000245ee152d58: a418 e5fe 

  0x00000245ee152d5c: ;   {other}
  0x00000245ee152d5c: 0f1f 8400 | 4c1d 0036 | baf6 ffff 

  0x00000245ee152d68: ;   {runtime_call UncommonTrapBlob}
  0x00000245ee152d68: ff66 90e8 

  0x00000245ee152d6c: ; ImmutableOopMap {}
                      ;*getfield context {reexecute=1 rethrow=0 return_oop=0}
                      ; - (reexecute) java.security.AccessControlContext::<init>@51 (line 207)
                      ; - java.security.ProtectionDomain$JavaSecurityAccessImpl::getCombinedACC@10 (line 111)
                      ; - java.security.ProtectionDomain$JavaSecurityAccessImpl::doIntersectionPrivilege@15 (line 89)
                      ; - java.awt.EventQueue::dispatchEvent@46 (line 742)
  0x00000245ee152d6c: 9018 e5fe 

  0x00000245ee152d70: ;   {other}
  0x00000245ee152d70: 0f1f 8400 | 601d 0037 | baf6 ffff 

  0x00000245ee152d7c: ;   {runtime_call UncommonTrapBlob}
  0x00000245ee152d7c: ff66 90e8 

  0x00000245ee152d80: ; ImmutableOopMap {}
                      ;*getfield fwDispatcher {reexecute=1 rethrow=0 return_oop=0}
                      ; - (reexecute) java.awt.EventQueue$4::run@4 (line 719)
                      ; - java.awt.EventQueue$4::run@1 (line 714)
                      ; - java.security.AccessController::executePrivileged@29 (line 778)
                      ; - java.security.AccessController::doPrivileged@13 (line 400)
                      ; - java.security.ProtectionDomain$JavaSecurityAccessImpl::doIntersectionPrivilege@18 (line 87)
                      ; - java.awt.EventQueue::dispatchEvent@46 (line 742)
  0x00000245ee152d80: 7c18 e5fe 

  0x00000245ee152d84: ;   {other}
  0x00000245ee152d84: 0f1f 8400 | 741d 0038 | baf6 ffff 

  0x00000245ee152d90: ;   {runtime_call UncommonTrapBlob}
  0x00000245ee152d90: ff66 90e8 

  0x00000245ee152d94: ; ImmutableOopMap {}
                      ;*putfield isPosted {reexecute=1 rethrow=0 return_oop=0}
                      ; - (reexecute) java.awt.EventQueue::dispatchEventImpl@2 (line 769)
                      ; - java.awt.EventQueue$4::run@32 (line 720)
                      ; - java.awt.EventQueue$4::run@1 (line 714)
                      ; - java.security.AccessController::executePrivileged@29 (line 778)
                      ; - java.security.AccessController::doPrivileged@13 (line 400)
                      ; - java.security.ProtectionDomain$JavaSecurityAccessImpl::doIntersectionPrivilege@18 (line 87)
                      ; - java.awt.EventQueue::dispatchEvent@46 (line 742)
  0x00000245ee152d94: 6818 e5fe 

  0x00000245ee152d98: ;   {other}
  0x00000245ee152d98: 0f1f 8400 | 881d 0039 | baf6 ffff | ff49 8bee | 895c 2424 | 4489 5424 

  0x00000245ee152db0: ;   {runtime_call UncommonTrapBlob}
  0x00000245ee152db0: 2866 90e8 

  0x00000245ee152db4: ; ImmutableOopMap {rbp=Oop [36]=NarrowOop [40]=NarrowOop }
                      ;*invokeinterface lock {reexecute=0 rethrow=0 return_oop=0}
                      ; - java.awt.EventQueue::setCurrentEventAndMostRecentTimeImpl@4 (line 1260)
                      ; - java.awt.EventQueue::dispatchEventImpl@14 (line 772)
                      ; - java.awt.EventQueue$4::run@32 (line 720)
                      ; - java.awt.EventQueue$4::run@1 (line 714)
                      ; - java.security.AccessController::executePrivileged@29 (line 778)
                      ; - java.security.AccessController::doPrivileged@13 (line 400)
                      ; - java.security.ProtectionDomain$JavaSecurityAccessImpl::doIntersectionPrivilege@18 (line 87)
                      ; - java.awt.EventQueue::dispatchEvent@46 (line 742)
  0x00000245ee152db4: 4818 e5fe 

  0x00000245ee152db8: ;   {other}
  0x00000245ee152db8: 0f1f 8400 | a81d 003a | baf6 ffff | ff49 8bee | 895c 2424 | 4489 5424 

  0x00000245ee152dd0: ;   {runtime_call UncommonTrapBlob}
  0x00000245ee152dd0: 2866 90e8 

  0x00000245ee152dd4: ; ImmutableOopMap {rbp=Oop [36]=NarrowOop [40]=NarrowOop }
                      ;*invokevirtual lock {reexecute=0 rethrow=0 return_oop=0}
                      ; - java.util.concurrent.locks.ReentrantLock::lock@4 (line 322)
                      ; - java.awt.EventQueue::setCurrentEventAndMostRecentTimeImpl@4 (line 1260)
                      ; - java.awt.EventQueue::dispatchEventImpl@14 (line 772)
                      ; - java.awt.EventQueue$4::run@32 (line 720)
                      ; - java.awt.EventQueue$4::run@1 (line 714)
                      ; - java.security.AccessController::executePrivileged@29 (line 778)
                      ; - java.security.AccessController::doPrivileged@13 (line 400)
                      ; - java.security.ProtectionDomain$JavaSecurityAccessImpl::doIntersectionPrivilege@18 (line 87)
                      ; - java.awt.EventQueue::dispatchEvent@46 (line 742)
  0x00000245ee152dd4: 2818 e5fe 

  0x00000245ee152dd8: ;   {other}
  0x00000245ee152dd8: 0f1f 8400 | c81d 003b | baf6 ffff | ff48 8b6c 

  0x00000245ee152de8: ;   {runtime_call UncommonTrapBlob}
  0x00000245ee152de8: 2428 90e8 

  0x00000245ee152dec: ; ImmutableOopMap {rbp=Oop [52]=NarrowOop }
                      ;*invokeinterface unlock {reexecute=0 rethrow=0 return_oop=0}
                      ; - java.awt.EventQueue::setCurrentEventAndMostRecentTimeImpl@168 (line 1295)
                      ; - java.awt.EventQueue::dispatchEventImpl@14 (line 772)
                      ; - java.awt.EventQueue$4::run@32 (line 720)
                      ; - java.awt.EventQueue$4::run@1 (line 714)
                      ; - java.security.AccessController::executePrivileged@29 (line 778)
                      ; - java.security.AccessController::doPrivileged@13 (line 400)
                      ; - java.security.ProtectionDomain$JavaSecurityAccessImpl::doIntersectionPrivilege@18 (line 87)
                      ; - java.awt.EventQueue::dispatchEvent@46 (line 742)
  0x00000245ee152dec: 1018 e5fe 

  0x00000245ee152df0: ;   {other}
  0x00000245ee152df0: 0f1f 8400 | e01d 003c | baf6 ffff | ff48 8b6c 

  0x00000245ee152e00: ;   {runtime_call UncommonTrapBlob}
  0x00000245ee152e00: 2428 90e8 

  0x00000245ee152e04: ; ImmutableOopMap {rbp=Oop [52]=NarrowOop }
                      ;*invokevirtual release {reexecute=0 rethrow=0 return_oop=0}
                      ; - java.util.concurrent.locks.ReentrantLock::unlock@5 (line 494)
                      ; - java.awt.EventQueue::setCurrentEventAndMostRecentTimeImpl@168 (line 1295)
                      ; - java.awt.EventQueue::dispatchEventImpl@14 (line 772)
                      ; - java.awt.EventQueue$4::run@32 (line 720)
                      ; - java.awt.EventQueue$4::run@1 (line 714)
                      ; - java.security.AccessController::executePrivileged@29 (line 778)
                      ; - java.security.AccessController::doPrivileged@13 (line 400)
                      ; - java.security.ProtectionDomain$JavaSecurityAccessImpl::doIntersectionPrivilege@18 (line 87)
                      ; - java.awt.EventQueue::dispatchEvent@46 (line 742)
  0x00000245ee152e04: f817 e5fe 

  0x00000245ee152e08: ;   {other}
  0x00000245ee152e08: 0f1f 8400 | f81d 003d | baf6 ffff 

  0x00000245ee152e14: ;   {runtime_call UncommonTrapBlob}
  0x00000245ee152e14: ff66 90e8 

  0x00000245ee152e18: ; ImmutableOopMap {}
                      ;*invokevirtual getCombiner {reexecute=0 rethrow=0 return_oop=0}
                      ; - java.security.ProtectionDomain$JavaSecurityAccessImpl::getCombinedACC@6 (line 111)
                      ; - java.security.ProtectionDomain$JavaSecurityAccessImpl::doIntersectionPrivilege@15 (line 89)
                      ; - java.awt.EventQueue::dispatchEvent@73 (line 744)
  0x00000245ee152e18: e417 e5fe 

  0x00000245ee152e1c: ;   {other}
  0x00000245ee152e1c: 0f1f 8400 | 0c1e 003e | baf6 ffff 

  0x00000245ee152e28: ;   {runtime_call UncommonTrapBlob}
  0x00000245ee152e28: ff66 90e8 

  0x00000245ee152e2c: ; ImmutableOopMap {}
                      ;*invokevirtual getCombiner {reexecute=0 rethrow=0 return_oop=0}
                      ; - java.security.ProtectionDomain$JavaSecurityAccessImpl::getCombinedACC@6 (line 111)
                      ; - java.security.ProtectionDomain$JavaSecurityAccessImpl::doIntersectionPrivilege@15 (line 89)
                      ; - java.security.ProtectionDomain$JavaSecurityAccessImpl::doIntersectionPrivilege@6 (line 98)
                      ; - java.awt.EventQueue$5::run@11 (line 747)
                      ; - java.awt.EventQueue$5::run@1 (line 745)
                      ; - java.security.AccessController::executePrivileged@29 (line 778)
                      ; - java.security.AccessController::doPrivileged@13 (line 400)
                      ; - java.security.ProtectionDomain$JavaSecurityAccessImpl::doIntersectionPrivilege@18 (line 87)
                      ; - java.awt.EventQueue::dispatchEvent@73 (line 744)
  0x00000245ee152e2c: d017 e5fe 

  0x00000245ee152e30: ;   {other}
  0x00000245ee152e30: 0f1f 8400 | 201e 003f | baf6 ffff 

  0x00000245ee152e3c: ;   {runtime_call UncommonTrapBlob}
  0x00000245ee152e3c: ff66 90e8 

  0x00000245ee152e40: ; ImmutableOopMap {}
                      ;*getfield context {reexecute=1 rethrow=0 return_oop=0}
                      ; - (reexecute) java.security.AccessControlContext::<init>@51 (line 207)
                      ; - java.security.ProtectionDomain$JavaSecurityAccessImpl::getCombinedACC@10 (line 111)
                      ; - java.security.ProtectionDomain$JavaSecurityAccessImpl::doIntersectionPrivilege@15 (line 89)
                      ; - java.security.ProtectionDomain$JavaSecurityAccessImpl::doIntersectionPrivilege@6 (line 98)
                      ; - java.awt.EventQueue$5::run@11 (line 747)
                      ; - java.awt.EventQueue$5::run@1 (line 745)
                      ; - java.security.AccessController::executePrivileged@29 (line 778)
                      ; - java.security.AccessController::doPrivileged@13 (line 400)
                      ; - java.security.ProtectionDomain$JavaSecurityAccessImpl::doIntersectionPrivilege@18 (line 87)
                      ; - java.awt.EventQueue::dispatchEvent@73 (line 744)
  0x00000245ee152e40: bc17 e5fe 

  0x00000245ee152e44: ;   {other}
  0x00000245ee152e44: 0f1f 8400 | 341e 0040 | baf4 ffff | ff49 8bee | 895c 2420 | 4489 5424 

  0x00000245ee152e5c: ;   {runtime_call UncommonTrapBlob}
  0x00000245ee152e5c: 2466 90e8 

  0x00000245ee152e60: ; ImmutableOopMap {rbp=Oop [32]=NarrowOop [36]=NarrowOop }
                      ;*instanceof {reexecute=0 rethrow=0 return_oop=0}
                      ; - java.awt.EventQueue::dispatchEventImpl@30 (line 774)
                      ; - java.awt.EventQueue$4::run@32 (line 720)
                      ; - java.awt.EventQueue$4::run@1 (line 714)
                      ; - java.security.AccessController::executePrivileged@29 (line 778)
                      ; - java.security.AccessController::doPrivileged@13 (line 400)
                      ; - java.security.ProtectionDomain$JavaSecurityAccessImpl::doIntersectionPrivilege@18 (line 87)
                      ; - java.awt.EventQueue::dispatchEvent@46 (line 742)
  0x00000245ee152e60: 9c17 e5fe 

  0x00000245ee152e64: ;   {other}
  0x00000245ee152e64: 0f1f 8400 | 541e 0041 | ba45 ffff | ff44 8b5c | 2428 4489 | 5c24 2044 | 8944 2428 

  0x00000245ee152e80: ;   {runtime_call UncommonTrapBlob}
  0x00000245ee152e80: 6666 90e8 

  0x00000245ee152e84: ; ImmutableOopMap {rbp=Oop [32]=NarrowOop [40]=NarrowOop }
                      ;*ifnonnull {reexecute=1 rethrow=0 return_oop=0}
                      ; - (reexecute) sun.awt.AWTAccessor::getInputEventAccessor@5 (line 987)
                      ; - java.awt.AWTEvent::dispatched@7 (line 596)
                      ; - java.awt.EventQueue::dispatchEventImpl@45 (line 776)
                      ; - java.awt.EventQueue$4::run@32 (line 720)
                      ; - java.awt.EventQueue$4::run@1 (line 714)
                      ; - java.security.AccessController::executePrivileged@29 (line 778)
                      ; - java.security.AccessController::doPrivileged@13 (line 400)
                      ; - java.security.ProtectionDomain$JavaSecurityAccessImpl::doIntersectionPrivilege@18 (line 87)
                      ; - java.awt.EventQueue::dispatchEvent@46 (line 742)
  0x00000245ee152e84: 7817 e5fe 

  0x00000245ee152e88: ;   {other}
  0x00000245ee152e88: 0f1f 8400 | 781e 0042 | baf6 ffff | ff48 8b6c | 2428 4c89 

  0x00000245ee152e9c: ;   {runtime_call UncommonTrapBlob}
  0x00000245ee152e9c: 4c24 20e8 

  0x00000245ee152ea0: ; ImmutableOopMap {rbp=Oop [32]=Oop }
                      ;*invokeinterface run {reexecute=0 rethrow=0 return_oop=0}
                      ; - java.awt.event.InvocationEvent::dispatch@11 (line 308)
                      ; - java.awt.EventQueue::dispatchEventImpl@21 (line 773)
                      ; - java.awt.EventQueue$4::run@32 (line 720)
                      ; - java.awt.EventQueue$4::run@1 (line 714)
                      ; - java.security.AccessController::executePrivileged@29 (line 778)
                      ; - java.security.AccessController::doPrivileged@13 (line 400)
                      ; - java.security.ProtectionDomain$JavaSecurityAccessImpl::doIntersectionPrivilege@18 (line 87)
                      ; - java.awt.EventQueue::dispatchEvent@46 (line 742)
  0x00000245ee152ea0: 5c17 e5fe 

  0x00000245ee152ea4: ;   {other}
  0x00000245ee152ea4: 0f1f 8400 | 941e 0043 | 498b d749 | ba60 1212 | 21fa 7f00 | 0041 ffd2 

  0x00000245ee152ebc: ;   {other}
  0x00000245ee152ebc: 0f1f 8400 | 0000 0000 | eb62 498b | d749 ba60 | 1212 21fa | 7f00 0041 

  0x00000245ee152ed4: ;   {other}
  0x00000245ee152ed4: ffd2 0f1f | 8400 0000 | 0000 e990 | 0000 004c | 8bd0 eb03 | 4c8b d049 | 8bda 458b | 5a08 8b7c 
  0x00000245ee152ef4: 2434 488b | f748 c1e6 

  0x00000245ee152efc: ;   {metadata('java/lang/Exception')}
  0x00000245ee152efc: 0349 ba58 | bf00 8045 | 0200 0049 | b800 0000 | 8045 0200 | 004d 03c3 | 4d8b 5840 | 4d3b da75 
  0x00000245ee152f1c: 4241 807f | 4000 0f85 | 1001 0000 | 4c8b d34c | 8bdd 4d8b | c249 c1e8 | 0344 8945 | 384d 33d3 
  0x00000245ee152f3c: 49c1 ea16 | 4d85 d274 | 1a49 c1eb | 0948 b900 | 0030 f245 | 0200 0049 | 03cb 8039 | 020f 8510 
  0x00000245ee152f5c: 0100 0048 | 85f6 0f84 | 5501 0000 | 4180 7f40 | 000f 858e | 0000 004c | 8bd6 4c8b | c349 c1e8 
  0x00000245ee152f7c: 0344 8946 | 3c4c 8bdb | 4d33 da49 | c1eb 164d | 85db 0f84 | 8ced ffff | 49c1 ea09 | 49b8 0000 
  0x00000245ee152f9c: 30f2 4502 | 0000 4d03 | c241 8038 | 020f 8471 | edff ff4d | 8b57 484d | 8b5f 58f0 | 8344 24c0 
  0x00000245ee152fbc: 0041 8038 | 000f 8459 | edff ff45 | 8820 4d85 | d275 2049 | 8bc8 498b | d749 ba40 | 1212 21fa 
  0x00000245ee152fdc: 7f00 0041 

  0x00000245ee152fe0: ;   {other}
  0x00000245ee152fe0: ffd2 0f1f | 8400 0000 | 0000 e931 | edff ff4f | 8944 13f8 | 4983 c2f8 | 4d89 5748 | e91f edff 
  0x00000245ee153000: ff44 8b56 | 3c45 85d2 | 0f84 65ff | ffff 4d8b | 5f28 498b | ca48 c1e1 | 034d 85db | 0f84 a4fe 
  0x00000245ee153020: ffff 4d8b | 5738 4b89 | 4c1a f849 | 83c3 f84d | 895f 28e9 | 3bff ffff | 448b 5d38 | 4585 db0f 
  0x00000245ee153040: 84e3 feff | ff4d 8b57 | 2849 8bcb | 48c1 e103 | 4d85 d20f | 8453 feff | ff4d 8b5f | 384b 894c 
  0x00000245ee153060: 13f8 4983 | c2f8 4d89 | 5728 e9b9 | feff ff4d | 8b57 484d | 8b5f 58f0 | 8344 24c0 | 0080 3900 
  0x00000245ee153080: 0f84 d9fe | ffff 4488 | 214d 85d2 | 751d 498b | d749 ba40 | 1212 21fa | 7f00 0041 

  0x00000245ee15309c: ;   {other}
  0x00000245ee15309c: ffd2 0f1f | 8400 0000 | 0000 e9b4 | feff ff4b | 894c 13f8 | 4983 c2f8 | 4d89 5748 | e9a2 feff 
  0x00000245ee1530bc: ffba f6ff | ffff 488b | 6c24 2848 | 895c 2420 

  0x00000245ee1530cc: ;   {runtime_call UncommonTrapBlob}
  0x00000245ee1530cc: 6666 90e8 

  0x00000245ee1530d0: ; ImmutableOopMap {rbp=Oop [32]=Oop }
                      ;*putfield throwable {reexecute=1 rethrow=0 return_oop=0}
                      ; - (reexecute) java.awt.event.InvocationEvent::dispatch@37 (line 314)
                      ; - java.awt.EventQueue::dispatchEventImpl@21 (line 773)
                      ; - java.awt.EventQueue$4::run@32 (line 720)
                      ; - java.awt.EventQueue$4::run@1 (line 714)
                      ; - java.security.AccessController::executePrivileged@29 (line 778)
                      ; - java.security.AccessController::doPrivileged@13 (line 400)
                      ; - java.security.ProtectionDomain$JavaSecurityAccessImpl::doIntersectionPrivilege@18 (line 87)
                      ; - java.awt.EventQueue::dispatchEvent@46 (line 742)
  0x00000245ee1530d0: 2c15 e5fe 

  0x00000245ee1530d4: ;   {other}
  0x00000245ee1530d4: 0f1f 8400 | c420 0044 | 488b d8e9 | e401 0000 | 488b d8e9 | dc01 0000 | 488b d8e9 | d401 0000 
  0x00000245ee1530f4: 488b d8e9 | cc01 0000 | 488b d8e9 | c401 0000 | 488b d8e9 | bc01 0000 | 488b d8e9 | b401 0000 
  0x00000245ee153114: 488b d8e9 | ac01 0000 | 488b d8e9 | a401 0000 | 488b e844 | 8b54 2430 | 478b 54d4 | 2c49 8bd2 
  0x00000245ee153134: 48c1 e203 | 4c8b 5424 | 284c 8954 | 2420 6666 | 9048 b8ff | ffff ffff 

  0x00000245ee15314c: ;   {virtual_call}
  0x00000245ee15314c: ffff ffe8 

  0x00000245ee153150: ; ImmutableOopMap {rbp=Oop [32]=Oop [88]=Oop }
                      ;*invokeinterface unlock {reexecute=0 rethrow=0 return_oop=0}
                      ; - java.awt.EventQueue::setCurrentEventAndMostRecentTimeImpl@182 (line 1295)
                      ; - java.awt.EventQueue::dispatchEventImpl@14 (line 772)
                      ; - java.awt.EventQueue$4::run@32 (line 720)
                      ; - java.awt.EventQueue$4::run@1 (line 714)
                      ; - java.security.AccessController::executePrivileged@29 (line 778)
                      ; - java.security.AccessController::doPrivileged@13 (line 400)
                      ; - java.security.ProtectionDomain$JavaSecurityAccessImpl::doIntersectionPrivilege@18 (line 87)
                      ; - java.awt.EventQueue::dispatchEvent@46 (line 742)
  0x00000245ee153150: 2cbc e4fe 

  0x00000245ee153154: ;   {other}
  0x00000245ee153154: 0f1f 8400 | 4421 0045 | 488b dde9 | 6401 0000 | 488b d8e9 | 5c01 0000 | 488b d8e9 | 5401 0000 
  0x00000245ee153174: 488b d8e9 | 4c01 0000 | 488b d8e9 | 4401 0000 | 488b d8e9 | 3c01 0000 | 488b d8e9 | 3401 0000 
  0x00000245ee153194: 488b d8e9 | 2c01 0000 | 488b d8e9 | 2401 0000 | 488b d84c | 8b5c 2420 | 488d 4424 | 7048 8338 
  0x00000245ee1531b4: 000f 8479 | 0000 004d | 8b13 41f6 | c202 0f84 | 6200 0000 | 4983 ba86 | 0000 0000 | 7409 49ff 
  0x00000245ee1531d4: 8a86 0000 | 00eb 4b49 | 8b82 9600 | 0000 490b | 828e 0000 | 0075 0a49 | c742 3e00 | 0000 00eb 
  0x00000245ee1531f4: 3d49 83ba | 9e00 0000 | 0074 2248 | 33c0 49c7 | 423e 0000 | 0000 f083 | 0424 0049 | 83ba 9e00 
  0x00000245ee153214: 0000 0075 | 0df0 4d0f | b17a 3e75 | 0583 c801 | eb0c a800 | eb08 4c8b | 10f0 4d0f | b113 750a 
  0x00000245ee153234: 49ff 8f48 | 0500 0045 | 33d2 0f84 | 8400 0000 | 498b cb48 | 8d54 2470 | 4d8b c749 

  0x00000245ee153250: ;   {no_reloc}
  0x00000245ee153250: ba70 2f53 | 21fa 7f00 | 0041 ffd2 

  0x00000245ee15325c: ;   {other}
  0x00000245ee15325c: 0f1f 8400 | 0000 0000 | eb62 488b | d8eb 5d48 | 8bd8 eb58 | 488b d8eb | 5348 8bd8 | eb4e 488b 
  0x00000245ee15327c: d8eb 4948 | 8bd8 eb44 | 488b d8eb | 3f48 8bd8 | eb3a 488b | d8eb 3548 | 8944 2420 | 488b d541 
  0x00000245ee15329c: b801 0000 | 0048 8b6c 

  0x00000245ee1532a4: ;   {optimized virtual_call}
  0x00000245ee1532a4: 2428 90e8 

  0x00000245ee1532a8: ; ImmutableOopMap {rbp=Oop [32]=Oop }
                      ;*invokevirtual finishedDispatching {reexecute=0 rethrow=0 return_oop=0}
                      ; - java.awt.event.InvocationEvent::dispatch@63 (line 321)
                      ; - java.awt.EventQueue::dispatchEventImpl@21 (line 773)
                      ; - java.awt.EventQueue$4::run@32 (line 720)
                      ; - java.awt.EventQueue$4::run@1 (line 714)
                      ; - java.security.AccessController::executePrivileged@29 (line 778)
                      ; - java.security.AccessController::doPrivileged@13 (line 400)
                      ; - java.security.ProtectionDomain$JavaSecurityAccessImpl::doIntersectionPrivilege@18 (line 87)
                      ; - java.awt.EventQueue::dispatchEvent@46 (line 742)
  0x00000245ee1532a8: d4b7 e4fe 

  0x00000245ee1532ac: ;   {other}
  0x00000245ee1532ac: 0f1f 8400 | 9c22 0046 | 488b 5c24 | 20eb 0d48 | 8bd8 eb08 | 488b d8eb | 0348 8bd8 | 488b d3e9 
  0x00000245ee1532cc: b7ee ffff 

  0x00000245ee1532d0: ;   {internal_word}
  0x00000245ee1532d0: 49ba 4d1d | 15ee 4502 | 0000 4d89 | 9760 0400 

  0x00000245ee1532e0: ;   {runtime_call SafepointBlob}
  0x00000245ee1532e0: 00e9 1a24 

  0x00000245ee1532e4: ;   {runtime_call StubRoutines (final stubs)}
  0x00000245ee1532e4: e5fe e875 | 1ae3 fee9 | 4ee1 ffff 
[Stub Code]
  0x00000245ee1532f0: ;   {no_reloc}
  0x00000245ee1532f0: 48bb 0000 | 0000 0000 

  0x00000245ee1532f8: ;   {runtime_call nmethod}
  0x00000245ee1532f8: 0000 e9fb 

  0x00000245ee1532fc: ;   {static_stub}
  0x00000245ee1532fc: ffff ff48 | bb00 0000 | 0000 0000 

  0x00000245ee153308: ;   {runtime_call nmethod}
  0x00000245ee153308: 00e9 fbff 

  0x00000245ee15330c: ;   {static_stub}
  0x00000245ee15330c: ffff 48bb | 0000 0000 | 0000 0000 

  0x00000245ee153318: ;   {runtime_call nmethod}
  0x00000245ee153318: e9fb ffff 

  0x00000245ee15331c: ;   {static_stub}
  0x00000245ee15331c: ff48 bb58 | ef40 8045 

  0x00000245ee153324: ;   {runtime_call I2C/C2I adapters}
  0x00000245ee153324: 0200 00e9 | 3701 e5fe 

  0x00000245ee15332c: ;   {static_stub}
  0x00000245ee15332c: 48bb 0000 | 0000 0000 

  0x00000245ee153334: ;   {runtime_call nmethod}
  0x00000245ee153334: 0000 e9fb 

  0x00000245ee153338: ;   {static_stub}
  0x00000245ee153338: ffff ff48 | bb00 0000 | 0000 0000 

  0x00000245ee153344: ;   {runtime_call nmethod}
  0x00000245ee153344: 00e9 fbff 

  0x00000245ee153348: ;   {static_stub}
  0x00000245ee153348: ffff 48bb | 0000 0000 | 0000 0000 

  0x00000245ee153354: ;   {runtime_call nmethod}
  0x00000245ee153354: e9fb ffff 

  0x00000245ee153358: ;   {static_stub}
  0x00000245ee153358: ff48 bb30 | 1a63 c145 

  0x00000245ee153360: ;   {runtime_call I2C/C2I adapters}
  0x00000245ee153360: 0200 00e9 | ff26 e5fe 

  0x00000245ee153368: ;   {static_stub}
  0x00000245ee153368: 48bb 0000 | 0000 0000 

  0x00000245ee153370: ;   {runtime_call nmethod}
  0x00000245ee153370: 0000 e9fb 

  0x00000245ee153374: ;   {static_stub}
  0x00000245ee153374: ffff ff48 | bba0 d31a | 8045 0200 

  0x00000245ee153380: ;   {runtime_call I2C/C2I adapters}
  0x00000245ee153380: 00e9 e109 

  0x00000245ee153384: ;   {static_stub}
  0x00000245ee153384: e5fe 48bb | 0000 0000 | 0000 0000 

  0x00000245ee153390: ;   {runtime_call nmethod}
  0x00000245ee153390: e9fb ffff 

  0x00000245ee153394: ;   {runtime_call ExceptionBlob}
  0x00000245ee153394: ffe9 e6a3 | f1fe e800 | 0000 0048 | 832c 2405 

  0x00000245ee1533a4: ;   {runtime_call DeoptimizationBlob}
  0x00000245ee1533a4: e9f7 15e5 | fef4 f4f4 | f4f4 f4f4 
[/MachCode]


---------------  P R O C E S S  ---------------

Threads class SMR info:
_java_thread_list=0x00000246260df2e0, length=91, elements={
0x00000245dc4ae630, 0x00000245dcc0e0f0, 0x00000245dcc0e750, 0x00000245dcc211c0,
0x00000245dcc22430, 0x00000245dcc252b0, 0x00000245dcc29950, 0x00000245dcc2d700,
0x00000245dcc3ddb0, 0x00000245dcc43470, 0x00000245db9bb070, 0x00000245db9bc420,
0x00000245db9bb700, 0x00000245db9bbd90, 0x00000245febc4c20, 0x00000245febc52b0,
0x00000245febc2b50, 0x00000245febc6660, 0x00000245febc4590, 0x00000245febc6cf0,
0x00000245febc9ae0, 0x00000245febc8dc0, 0x00000245c8897060, 0x00000245c88997c0,
0x00000245c889a4e0, 0x00000245c889ab70, 0x00000245c889d2d0, 0x00000245febc7380,
0x00000245c889e680, 0x00000245febc3f00, 0x00000245febc7a10, 0x0000024608ae36b0,
0x0000024608ae43d0, 0x0000024608ae4a60, 0x0000024608ae15e0, 0x0000024608ae2990,
0x0000024608ae7ee0, 0x0000024608ae3d40, 0x0000024608ae50f0, 0x000002460b2a0c80,
0x0000024608ae8570, 0x000002460b29ebb0, 0x000002460b2a1310, 0x000002460b2a05f0,
0x0000024609e6de50, 0x0000024609e6d7c0, 0x0000024609e6e4e0, 0x0000024609e6bd80,
0x0000024608ae1c70, 0x000002460b29f240, 0x000002460b2a19a0, 0x0000024608ae5780,
0x0000024609389bf0, 0x0000024609388840, 0x0000024609388ed0, 0x000002460938c350,
0x000002460938a280, 0x000002460938a910, 0x0000024608ae2300, 0x0000024608ae3020,
0x0000024608ae6b30, 0x000002460938afa0, 0x000002461defe7c0, 0x000002461df015b0,
0x000002461df03d10, 0x000002465bb314f0, 0x000002465bb328a0, 0x000002465bb2fab0,
0x000002465bb30140, 0x000002465bb2f420, 0x000002465bb342e0, 0x000002465bb35000,
0x000002465bb32210, 0x000002465bb37760, 0x000002465bb3e6f0, 0x000002465bb30e60,
0x000002465bb335c0, 0x000002465bb31b80, 0x000002465bb33c50, 0x000002465bb363b0,
0x000002465bb38480, 0x000002465bb3c620, 0x000002465bb3ccb0, 0x000002461d47a140,
0x000002461d478070, 0x000002461d47dc50, 0x000002461d47f690, 0x000002461defdaa0,
0x000002461defd410, 0x000002461df00f20, 0x000002461deffb70
}

Java Threads: ( => current thread )
  0x00000245dc4ae630 JavaThread "main"                              [_thread_blocked, id=30900, stack(0x0000008813300000,0x0000008813400000) (1024K)]
  0x00000245dcc0e0f0 JavaThread "Reference Handler"          daemon [_thread_blocked, id=34720, stack(0x0000008813b00000,0x0000008814500000) (10240K)]
  0x00000245dcc0e750 JavaThread "Finalizer"                  daemon [_thread_blocked, id=21300, stack(0x0000008814500000,0x0000008814f00000) (10240K)]
  0x00000245dcc211c0 JavaThread "Signal Dispatcher"          daemon [_thread_blocked, id=15428, stack(0x0000008814f00000,0x0000008815900000) (10240K)]
  0x00000245dcc22430 JavaThread "Attach Listener"            daemon [_thread_blocked, id=29156, stack(0x0000008815900000,0x0000008816300000) (10240K)]
  0x00000245dcc252b0 JavaThread "Service Thread"             daemon [_thread_blocked, id=14032, stack(0x0000008816300000,0x0000008816d00000) (10240K)]
  0x00000245dcc29950 JavaThread "Monitor Deflation Thread"   daemon [_thread_blocked, id=33460, stack(0x0000008816d00000,0x0000008817700000) (10240K)]
  0x00000245dcc2d700 JavaThread "C2 CompilerThread0"         daemon [_thread_blocked, id=21840, stack(0x0000008817700000,0x0000008817800000) (1024K)]
  0x00000245dcc3ddb0 JavaThread "C1 CompilerThread0"         daemon [_thread_blocked, id=36612, stack(0x0000008817800000,0x0000008817900000) (1024K)]
  0x00000245dcc43470 JavaThread "StringDedupThread"          daemon [_thread_blocked, id=30308, stack(0x0000008817900000,0x0000008818300000) (10240K)]
  0x00000245db9bb070 JavaThread "Common-Cleaner"             daemon [_thread_blocked, id=13852, stack(0x0000008818600000,0x0000008819000000) (10240K)]
  0x00000245db9bc420 JavaThread "Notification Thread"        daemon [_thread_blocked, id=39332, stack(0x0000008819000000,0x0000008819a00000) (10240K)]
  0x00000245db9bb700 JavaThread "Java2D Disposer"            daemon [_thread_blocked, id=18680, stack(0x0000008819b00000,0x000000881a500000) (10240K)]
  0x00000245db9bbd90 JavaThread "AWT-Shutdown"                      [_thread_blocked, id=19992, stack(0x000000881a500000,0x000000881af00000) (10240K)]
  0x00000245febc4c20 JavaThread "AWT-Windows"                daemon [_thread_in_native, id=19560, stack(0x000000881af00000,0x000000881b900000) (10240K)]
  0x00000245febc52b0 JavaThread "TimerQueue"                 daemon [_thread_blocked, id=28104, stack(0x000000881bd00000,0x000000881c700000) (10240K)]
=>0x00000245febc2b50 JavaThread "AWT-EventQueue-0"                  [_thread_in_native, id=32608, stack(0x000000881c700000,0x000000881d100000) (10240K)]
  0x00000245febc6660 JavaThread "Thread-1"                          [_thread_in_native, id=39388, stack(0x0000008811a00000,0x0000008812e00000) (20480K)]
  0x00000245febc4590 JavaThread "Process Messages Thread"           [_thread_blocked, id=38372, stack(0x000000881ea00000,0x000000881f400000) (10240K)]
  0x00000245febc6cf0 JavaThread "Batik CleanerThread"        daemon [_thread_blocked, id=26308, stack(0x000000881f400000,0x000000881fe00000) (10240K)]
  0x00000245febc9ae0 JavaThread "SyntheticaCleanerThread"    daemon [_thread_blocked, id=29152, stack(0x0000008820800000,0x0000008821200000) (10240K)]
  0x00000245febc8dc0 JavaThread "Timer-0"                           [_thread_blocked, id=17616, stack(0x0000008821c00000,0x0000008822600000) (10240K)]
  0x00000245c8897060 JavaThread "Monitor File Timestamp Swing Worker Thread"        [_thread_blocked, id=37368, stack(0x0000008822600000,0x0000008823000000) (10240K)]
  0x00000245c88997c0 JavaThread "Monitor HEventQueue for Sluggish Gui Thread"        [_thread_blocked, id=39196, stack(0x0000008823000000,0x0000008823a00000) (10240K)]
  0x00000245c889a4e0 JavaThread "SyntheticaAnimation 50"     daemon [_thread_blocked, id=37968, stack(0x0000008823a00000,0x0000008824400000) (10240K)]
  0x00000245c889ab70 JavaThread "SyntheticaAnimation 25"     daemon [_thread_blocked, id=1428, stack(0x0000008824700000,0x0000008825100000) (10240K)]
  0x00000245c889d2d0 JavaThread "SyntheticaAnimation 70"     daemon [_thread_blocked, id=27012, stack(0x0000008825100000,0x0000008825b00000) (10240K)]
  0x00000245febc7380 JavaThread "Swing-Shell"                daemon [_thread_blocked, id=4660, stack(0x000000881d100000,0x000000881db00000) (10240K)]
  0x00000245c889e680 JavaThread "SyntheticaAnimation 50"     daemon [_thread_blocked, id=34288, stack(0x000000881fe00000,0x0000008820800000) (10240K)]
  0x00000245febc3f00 JavaThread "Refresh Filesets Swing Worker Thread"        [_thread_blocked, id=7012, stack(0x0000008825b00000,0x0000008826500000) (10240K)]
  0x00000245febc7a10 JavaThread "hw_ila_monitor"                    [_thread_blocked, id=23316, stack(0x0000008826500000,0x0000008826f00000) (10240K)]
  0x0000024608ae36b0 JavaThread "Timer-1"                           [_thread_blocked, id=15012, stack(0x0000008827900000,0x0000008828300000) (10240K)]
  0x0000024608ae43d0 JavaThread "Timer-2"                           [_thread_blocked, id=23796, stack(0x0000008828300000,0x0000008828d00000) (10240K)]
  0x0000024608ae4a60 JavaThread "Timer-3"                           [_thread_blocked, id=11348, stack(0x0000008828d00000,0x0000008829700000) (10240K)]
  0x0000024608ae15e0 JavaThread "Update Runs Swing Worker Thread"        [_thread_blocked, id=40840, stack(0x000000882a100000,0x000000882ab00000) (10240K)]
  0x0000024608ae2990 JavaThread "Thread-54"                         [_thread_in_native, id=30424, stack(0x0000008819a00000,0x0000008819b00000) (1024K)]
  0x0000024608ae7ee0 JavaThread "Thread-55"                         [_thread_in_native, id=12448, stack(0x0000008812e00000,0x0000008812f00000) (1024K)]
  0x0000024608ae3d40 JavaThread "Timer-4"                           [_thread_blocked, id=24084, stack(0x0000008821200000,0x0000008821c00000) (10240K)]
  0x0000024608ae50f0 JavaThread "Timer-8"                           [_thread_blocked, id=34504, stack(0x000000882bf00000,0x000000882c900000) (10240K)]
  0x000002460b2a0c80 JavaThread "Image Animator 3"           daemon [_thread_blocked, id=5008, stack(0x000000882e700000,0x000000882f100000) (10240K)]
  0x0000024608ae8570 JavaThread "SyntheticaAnimation 50"     daemon [_thread_blocked, id=2156, stack(0x000000882ab00000,0x000000882b500000) (10240K)]
  0x000002460b29ebb0 JavaThread "Thread-606"                        [_thread_in_native, id=12160, stack(0x0000008813000000,0x0000008813100000) (1024K)]
  0x000002460b2a1310 JavaThread "Thread-607"                        [_thread_in_native, id=38108, stack(0x000000881db00000,0x000000881dc00000) (1024K)]
  0x000002460b2a05f0 JavaThread "Timer-11"                          [_thread_blocked, id=32324, stack(0x000000882f100000,0x000000882fb00000) (10240K)]
  0x0000024609e6de50 JavaThread "Thread-790"                        [_thread_in_native, id=24192, stack(0x0000008811700000,0x0000008811800000) (1024K)]
  0x0000024609e6d7c0 JavaThread "Thread-1308"                       [_thread_in_native, id=14304, stack(0x0000008811700000,0x0000008811800000) (1024K)]
  0x0000024609e6e4e0 JavaThread "Thread-1309"                       [_thread_in_native, id=13172, stack(0x0000008819a00000,0x0000008819b00000) (1024K)]
  0x0000024609e6bd80 JavaThread "Timer-19"                          [_thread_blocked, id=4244, stack(0x000000882d300000,0x000000882dd00000) (10240K)]
  0x0000024608ae1c70 JavaThread "Timer-21"                          [_thread_blocked, id=27908, stack(0x0000008834100000,0x0000008834b00000) (10240K)]
  0x000002460b29f240 JavaThread "Thread-2042"                       [_thread_in_native, id=22976, stack(0x000000881e400000,0x000000881e500000) (1024K)]
  0x000002460b2a19a0 JavaThread "Thread-2043"                       [_thread_in_native, id=30708, stack(0x000000881e500000,0x000000881e600000) (1024K)]
  0x0000024608ae5780 JavaThread "Timer-28"                          [_thread_blocked, id=3172, stack(0x0000008832d00000,0x0000008833700000) (10240K)]
  0x0000024609389bf0 JavaThread "Thread-2801"                       [_thread_in_native, id=15200, stack(0x000000881db00000,0x000000881dc00000) (1024K)]
  0x0000024609388840 JavaThread "Thread-2972"                       [_thread_in_native, id=21748, stack(0x000000881dc00000,0x000000881dd00000) (1024K)]
  0x0000024609388ed0 JavaThread "Thread-2973"                       [_thread_in_native, id=10784, stack(0x000000881db00000,0x000000881dc00000) (1024K)]
  0x000002460938c350 JavaThread "Thread-3210"                       [_thread_in_native, id=26548, stack(0x0000008811600000,0x0000008811700000) (1024K)]
  0x000002460938a280 JavaThread "Thread-3211"                       [_thread_in_native, id=22244, stack(0x0000008819a00000,0x0000008819b00000) (1024K)]
  0x000002460938a910 JavaThread "Thread-4659"                       [_thread_in_native, id=28732, stack(0x000000881dc00000,0x000000881dd00000) (1024K)]
  0x0000024608ae2300 JavaThread "Timer-37"                          [_thread_blocked, id=39104, stack(0x0000008826f00000,0x0000008827900000) (10240K)]
  0x0000024608ae3020 JavaThread "Thread-5292"                       [_thread_in_native, id=16572, stack(0x0000008811500000,0x0000008811600000) (1024K)]
  0x0000024608ae6b30 JavaThread "Thread-5293"                       [_thread_in_native, id=38204, stack(0x0000008812e00000,0x0000008812f00000) (1024K)]
  0x000002460938afa0 JavaThread "Timer-40"                          [_thread_blocked, id=19872, stack(0x0000008830500000,0x0000008830f00000) (10240K)]
  0x000002461defe7c0 JavaThread "Timer-42"                          [_thread_blocked, id=18408, stack(0x000000882b500000,0x000000882bf00000) (10240K)]
  0x000002461df015b0 JavaThread "Thread-5715"                       [_thread_in_native, id=36712, stack(0x000000881e500000,0x000000881e600000) (1024K)]
  0x000002461df03d10 JavaThread "Thread-5728"                       [_thread_in_native, id=11424, stack(0x000000881bc00000,0x000000881bd00000) (1024K)]
  0x000002465bb314f0 JavaThread "Timer-44"                          [_thread_blocked, id=17544, stack(0x0000008835f00000,0x0000008836900000) (10240K)]
  0x000002465bb328a0 JavaThread "Timer-46"                          [_thread_blocked, id=28616, stack(0x0000008829700000,0x000000882a100000) (10240K)]
  0x000002465bb2fab0 JavaThread "Thread-6381"                       [_thread_in_native, id=18016, stack(0x0000008832300000,0x0000008832400000) (1024K)]
  0x000002465bb30140 JavaThread "Thread-6391"                       [_thread_in_native, id=15816, stack(0x000000881dd00000,0x000000881de00000) (1024K)]
  0x000002465bb2f420 JavaThread "Timer-48"                          [_thread_blocked, id=16380, stack(0x0000008830f00000,0x0000008831900000) (10240K)]
  0x000002465bb342e0 JavaThread "Thread-6979"                       [_thread_in_native, id=13112, stack(0x000000881e200000,0x000000881e300000) (1024K)]
  0x000002465bb35000 JavaThread "Timer-50"                          [_thread_blocked, id=27976, stack(0x000000882c900000,0x000000882d300000) (10240K)]
  0x000002465bb32210 JavaThread "Monitor File Timestamp Swing Worker Thread"        [_thread_blocked, id=19188, stack(0x000000882fb00000,0x0000008830500000) (10240K)]
  0x000002465bb37760 JavaThread "Timer-51"                          [_thread_blocked, id=26724, stack(0x0000008831900000,0x0000008832300000) (10240K)]
  0x000002465bb3e6f0 JavaThread "Monitor File Timestamp Swing Worker Thread"        [_thread_blocked, id=16248, stack(0x0000008832300000,0x0000008832d00000) (10240K)]
  0x000002465bb30e60 JavaThread "Timer-52"                          [_thread_blocked, id=22280, stack(0x000000882dd00000,0x000000882e700000) (10240K)]
  0x000002465bb335c0 JavaThread "Monitor File Timestamp Swing Worker Thread"        [_thread_blocked, id=33376, stack(0x0000008833700000,0x0000008834100000) (10240K)]
  0x000002465bb31b80 JavaThread "Timer-53"                          [_thread_blocked, id=18512, stack(0x0000008834b00000,0x0000008835500000) (10240K)]
  0x000002465bb33c50 JavaThread "Monitor File Timestamp Swing Worker Thread"        [_thread_blocked, id=32680, stack(0x0000008835500000,0x0000008835f00000) (10240K)]
  0x000002465bb363b0 JavaThread "Thread-7240"                       [_thread_in_native, id=33828, stack(0x000000881e300000,0x000000881e400000) (1024K)]
  0x000002465bb38480 JavaThread "Timer-54"                          [_thread_blocked, id=8732, stack(0x0000008836900000,0x0000008837300000) (10240K)]
  0x000002465bb3c620 JavaThread "Monitor File Timestamp Swing Worker Thread"        [_thread_blocked, id=20992, stack(0x0000008837d00000,0x0000008838700000) (10240K)]
  0x000002465bb3ccb0 JavaThread "Timer-55"                          [_thread_blocked, id=30400, stack(0x0000008838700000,0x0000008839100000) (10240K)]
  0x000002461d47a140 JavaThread "Timer-56"                          [_thread_blocked, id=27468, stack(0x0000008837300000,0x0000008837d00000) (10240K)]
  0x000002461d478070 JavaThread "Monitor File Timestamp Swing Worker Thread"        [_thread_blocked, id=21968, stack(0x0000008839b00000,0x000000883a500000) (10240K)]
  0x000002461d47dc50 JavaThread "Timer-57"                          [_thread_blocked, id=39612, stack(0x000000883a500000,0x000000883af00000) (10240K)]
  0x000002461d47f690 JavaThread "Monitor File Timestamp Swing Worker Thread"        [_thread_blocked, id=12196, stack(0x000000883af00000,0x000000883b900000) (10240K)]
  0x000002461defdaa0 JavaThread "Timer-58"                          [_thread_blocked, id=25096, stack(0x0000008839100000,0x0000008839b00000) (10240K)]
  0x000002461defd410 JavaThread "Monitor File Timestamp Swing Worker Thread"        [_thread_blocked, id=3736, stack(0x000000883c300000,0x000000883cd00000) (10240K)]
  0x000002461df00f20 JavaThread "Code Inspector Thread"             [_thread_in_native, id=20644, stack(0x000000883b900000,0x000000883c300000) (10240K)]
  0x000002461deffb70 JavaThread "Thread-7847"                       [_thread_in_native, id=9632, stack(0x000000881e300000,0x000000881e400000) (1024K)]
Total: 91

Other Threads:
  0x00000245d4225c20 VMThread "VM Thread"                           [id=39136, stack(0x0000008813a00000,0x0000008813b00000) (1024K)]
  0x00000245dba59ae0 WatcherThread "VM Periodic Task Thread"        [id=24700, stack(0x0000008813900000,0x0000008813a00000) (1024K)]
  0x00000245d4225fc0 WorkerThread "GC Thread#0"                     [id=26336, stack(0x0000008813400000,0x0000008813500000) (1024K)]
  0x00000245c5fc3640 WorkerThread "GC Thread#1"                     [id=17432, stack(0x000000881e700000,0x000000881e800000) (1024K)]
  0x00000245c5fc32a0 WorkerThread "GC Thread#2"                     [id=12116, stack(0x000000881e800000,0x000000881e900000) (1024K)]
  0x00000245c5fc39e0 WorkerThread "GC Thread#3"                     [id=21508, stack(0x000000881e900000,0x000000881ea00000) (1024K)]
  0x00000245dbe7cf70 ConcurrentGCThread "G1 Main Marker"            [id=26108, stack(0x0000008813500000,0x0000008813600000) (1024K)]
  0x00000245d4226360 WorkerThread "G1 Conc#0"                       [id=20672, stack(0x0000008813600000,0x0000008813700000) (1024K)]
  0x00000245dcadbb30 ConcurrentGCThread "G1 Refine#0"               [id=31088, stack(0x0000008813700000,0x0000008813800000) (1024K)]
  0x00000245db61d640 ConcurrentGCThread "G1 Service"                [id=38188, stack(0x0000008813800000,0x0000008813900000) (1024K)]
Total: 10

Threads with active compile tasks:
Total: 0

VM state: not at safepoint (normal execution)

VM Mutex/Monitor currently owned by a thread: None

Heap address: 0x0000000680000000, size: 6144 MB, Compressed Oops mode: Zero based, Oop shift amount: 3

CDS archive(s) mapped at: [0x0000024580000000-0x0000024580c80000-0x0000024580c80000), size 13107200, SharedBaseAddress: 0x0000024580000000, ArchiveRelocationMode: 1.
Compressed class space mapped at: 0x0000024581000000-0x00000245c1000000, reserved size: 1073741824
Narrow klass base: 0x0000024580000000, Narrow klass shift: 0, Narrow klass range: 0x100000000

GC Precious Log:
 CardTable entry size: 512
 Card Set container configuration: InlinePtr #cards 4 size 8 Array Of Cards #cards 32 size 80 Howl #buckets 8 coarsen threshold 7372 Howl Bitmap #cards 1024 size 144 coarsen threshold 921 Card regions per heap region 1 cards per card region 8192
 CPUs: 16 total, 16 available
 Memory: 16087M
 Large Page Support: Disabled
 NUMA Support: Disabled
 Compressed Oops: Enabled (Zero based)
 Heap Region Size: 4M
 Heap Min Capacity: 812M
 Heap Initial Capacity: 812M
 Heap Max Capacity: 6G
 Pre-touch: Disabled
 Parallel Workers: 4
 Concurrent Workers: 1
 Concurrent Refinement Workers: 4
 Periodic GC: Disabled
 String Deduplication is enabled

Heap:
 garbage-first heap   total 1912832K, used 170768K [0x0000000680000000, 0x0000000800000000)
  region size 4096K, 8 young (32768K), 1 survivors (4096K)
 Metaspace       used 109828K, committed 110720K, reserved 1179648K
  class space    used 15266K, committed 15680K, reserved 1048576K

Heap Regions: E=young(eden), S=young(survivor), O=old, HS=humongous(starts), HC=humongous(continues), CS=collection set, F=free, TAMS=top-at-mark-start, PB=parsable bottom
|   0|0x0000000680000000, 0x0000000680400000, 0x0000000680400000|100%| O|  |TAMS 0x0000000680000000| PB 0x0000000680000000| Untracked 
|   1|0x0000000680400000, 0x00000006807ff5b0, 0x0000000680800000| 99%| O|  |TAMS 0x0000000680400000| PB 0x0000000680400000| Untracked 
|   2|0x0000000680800000, 0x0000000680bfffe8, 0x0000000680c00000| 99%| O|  |TAMS 0x0000000680800000| PB 0x0000000680800000| Untracked 
|   3|0x0000000680c00000, 0x0000000680f5a0e8, 0x0000000681000000| 83%| O|  |TAMS 0x0000000680c00000| PB 0x0000000680c00000| Untracked 
|   4|0x0000000681000000, 0x0000000681400000, 0x0000000681400000|100%| O|  |TAMS 0x0000000681000000| PB 0x0000000681000000| Untracked 
|   5|0x0000000681400000, 0x00000006817ffff8, 0x0000000681800000| 99%| O|  |TAMS 0x0000000681400000| PB 0x0000000681400000| Untracked 
|   6|0x0000000681800000, 0x0000000681bffff0, 0x0000000681c00000| 99%| O|  |TAMS 0x0000000681800000| PB 0x0000000681800000| Untracked 
|   7|0x0000000681c00000, 0x0000000681ffffc0, 0x0000000682000000| 99%| O|  |TAMS 0x0000000681c00000| PB 0x0000000681c00000| Untracked 
|   8|0x0000000682000000, 0x0000000682400000, 0x0000000682400000|100%| O|  |TAMS 0x0000000682000000| PB 0x0000000682000000| Untracked 
|   9|0x0000000682400000, 0x00000006827fffd8, 0x0000000682800000| 99%| O|  |TAMS 0x0000000682400000| PB 0x0000000682400000| Untracked 
|  10|0x0000000682800000, 0x0000000682bbf738, 0x0000000682c00000| 93%| O|  |TAMS 0x0000000682800000| PB 0x0000000682800000| Untracked 
|  11|0x0000000682c00000, 0x0000000682fffff8, 0x0000000683000000| 99%| O|  |TAMS 0x0000000682c00000| PB 0x0000000682c00000| Untracked 
|  12|0x0000000683000000, 0x00000006833ffff0, 0x0000000683400000| 99%| O|  |TAMS 0x0000000683000000| PB 0x0000000683000000| Untracked 
|  13|0x0000000683400000, 0x00000006836cc6e8, 0x0000000683800000| 69%| O|  |TAMS 0x0000000683400000| PB 0x0000000683400000| Untracked 
|  14|0x0000000683800000, 0x0000000683bffff8, 0x0000000683c00000| 99%| O|  |TAMS 0x0000000683800000| PB 0x0000000683800000| Untracked 
|  15|0x0000000683c00000, 0x0000000684000000, 0x0000000684000000|100%| O|  |TAMS 0x0000000683c00000| PB 0x0000000683c00000| Untracked 
|  16|0x0000000684000000, 0x00000006843fffe8, 0x0000000684400000| 99%| O|  |TAMS 0x0000000684000000| PB 0x0000000684000000| Untracked 
|  17|0x0000000684400000, 0x0000000684401b70, 0x0000000684800000|  0%| O|  |TAMS 0x0000000684400000| PB 0x0000000684400000| Untracked 
|  18|0x0000000684800000, 0x0000000684800000, 0x0000000684c00000|  0%| F|  |TAMS 0x0000000684800000| PB 0x0000000684800000| Untracked 
|  19|0x0000000684c00000, 0x0000000684c00000, 0x0000000685000000|  0%| F|  |TAMS 0x0000000684c00000| PB 0x0000000684c00000| Untracked 
|  20|0x0000000685000000, 0x00000006853ffff0, 0x0000000685400000| 99%| O|  |TAMS 0x0000000685000000| PB 0x0000000685000000| Untracked 
|  21|0x0000000685400000, 0x0000000685800000, 0x0000000685800000|100%| O|  |TAMS 0x0000000685400000| PB 0x0000000685400000| Untracked 
|  22|0x0000000685800000, 0x0000000685bfffd0, 0x0000000685c00000| 99%| O|  |TAMS 0x0000000685800000| PB 0x0000000685800000| Untracked 
|  23|0x0000000685c00000, 0x0000000686000000, 0x0000000686000000|100%| O|  |TAMS 0x0000000685c00000| PB 0x0000000685c00000| Untracked 
|  24|0x0000000686000000, 0x00000006863cfc28, 0x0000000686400000| 95%| O|  |TAMS 0x0000000686000000| PB 0x0000000686000000| Untracked 
|  25|0x0000000686400000, 0x0000000686800000, 0x0000000686800000|100%| O|  |TAMS 0x0000000686400000| PB 0x0000000686400000| Untracked 
|  26|0x0000000686800000, 0x0000000686c00000, 0x0000000686c00000|100%| O|  |TAMS 0x0000000686800000| PB 0x0000000686800000| Untracked 
|  27|0x0000000686c00000, 0x0000000687000000, 0x0000000687000000|100%| O|  |TAMS 0x0000000686c00000| PB 0x0000000686c00000| Untracked 
|  28|0x0000000687000000, 0x00000006873ffff0, 0x0000000687400000| 99%| O|  |TAMS 0x0000000687000000| PB 0x0000000687000000| Untracked 
|  29|0x0000000687400000, 0x00000006877ffba8, 0x0000000687800000| 99%| O|  |TAMS 0x0000000687400000| PB 0x0000000687400000| Untracked 
|  30|0x0000000687800000, 0x0000000687bffff0, 0x0000000687c00000| 99%| O|  |TAMS 0x0000000687800000| PB 0x0000000687800000| Untracked 
|  31|0x0000000687c00000, 0x0000000687fffff0, 0x0000000688000000| 99%| O|  |TAMS 0x0000000687c00000| PB 0x0000000687c00000| Untracked 
|  32|0x0000000688000000, 0x00000006883ffeb8, 0x0000000688400000| 99%| O|  |TAMS 0x0000000688000000| PB 0x0000000688000000| Untracked 
|  33|0x0000000688400000, 0x0000000688400000, 0x0000000688800000|  0%| F|  |TAMS 0x0000000688400000| PB 0x0000000688400000| Untracked 
|  34|0x0000000688800000, 0x0000000688bfffe0, 0x0000000688c00000| 99%| O|  |TAMS 0x0000000688800000| PB 0x0000000688800000| Untracked 
|  35|0x0000000688c00000, 0x0000000688ffffe8, 0x0000000689000000| 99%| O|  |TAMS 0x0000000688c00000| PB 0x0000000688c00000| Untracked 
|  36|0x0000000689000000, 0x00000006893ffff8, 0x0000000689400000| 99%| O|  |TAMS 0x0000000689000000| PB 0x0000000689000000| Untracked 
|  37|0x0000000689400000, 0x0000000689800000, 0x0000000689800000|100%|HS|  |TAMS 0x0000000689400000| PB 0x0000000689400000| Untracked 
|  38|0x0000000689800000, 0x0000000689c00000, 0x0000000689c00000|100%|HC|  |TAMS 0x0000000689800000| PB 0x0000000689800000| Untracked 
|  39|0x0000000689c00000, 0x0000000689c00000, 0x000000068a000000|  0%| F|  |TAMS 0x0000000689c00000| PB 0x0000000689c00000| Untracked 
|  40|0x000000068a000000, 0x000000068a000000, 0x000000068a400000|  0%| F|  |TAMS 0x000000068a000000| PB 0x000000068a000000| Untracked 
|  41|0x000000068a400000, 0x000000068a400000, 0x000000068a800000|  0%| F|  |TAMS 0x000000068a400000| PB 0x000000068a400000| Untracked 
|  42|0x000000068a800000, 0x000000068ac00000, 0x000000068ac00000|100%|HS|  |TAMS 0x000000068a800000| PB 0x000000068a800000| Untracked 
|  43|0x000000068ac00000, 0x000000068ac00000, 0x000000068b000000|  0%| F|  |TAMS 0x000000068ac00000| PB 0x000000068ac00000| Untracked 
|  44|0x000000068b000000, 0x000000068b000000, 0x000000068b400000|  0%| F|  |TAMS 0x000000068b000000| PB 0x000000068b000000| Untracked 
|  45|0x000000068b400000, 0x000000068b400000, 0x000000068b800000|  0%| F|  |TAMS 0x000000068b400000| PB 0x000000068b400000| Untracked 
|  46|0x000000068b800000, 0x000000068b800000, 0x000000068bc00000|  0%| F|  |TAMS 0x000000068b800000| PB 0x000000068b800000| Untracked 
|  47|0x000000068bc00000, 0x000000068bc00000, 0x000000068c000000|  0%| F|  |TAMS 0x000000068bc00000| PB 0x000000068bc00000| Untracked 
|  48|0x000000068c000000, 0x000000068c000000, 0x000000068c400000|  0%| F|  |TAMS 0x000000068c000000| PB 0x000000068c000000| Untracked 
|  49|0x000000068c400000, 0x000000068c400000, 0x000000068c800000|  0%| F|  |TAMS 0x000000068c400000| PB 0x000000068c400000| Untracked 
|  50|0x000000068c800000, 0x000000068c800000, 0x000000068cc00000|  0%| F|  |TAMS 0x000000068c800000| PB 0x000000068c800000| Untracked 
|  51|0x000000068cc00000, 0x000000068cc00000, 0x000000068d000000|  0%| F|  |TAMS 0x000000068cc00000| PB 0x000000068cc00000| Untracked 
|  52|0x000000068d000000, 0x000000068d000000, 0x000000068d400000|  0%| F|  |TAMS 0x000000068d000000| PB 0x000000068d000000| Untracked 
|  53|0x000000068d400000, 0x000000068d400000, 0x000000068d800000|  0%| F|  |TAMS 0x000000068d400000| PB 0x000000068d400000| Untracked 
|  54|0x000000068d800000, 0x000000068d800000, 0x000000068dc00000|  0%| F|  |TAMS 0x000000068d800000| PB 0x000000068d800000| Untracked 
|  55|0x000000068dc00000, 0x000000068dc00000, 0x000000068e000000|  0%| F|  |TAMS 0x000000068dc00000| PB 0x000000068dc00000| Untracked 
|  56|0x000000068e000000, 0x000000068e000000, 0x000000068e400000|  0%| F|  |TAMS 0x000000068e000000| PB 0x000000068e000000| Untracked 
|  57|0x000000068e400000, 0x000000068e400000, 0x000000068e800000|  0%| F|  |TAMS 0x000000068e400000| PB 0x000000068e400000| Untracked 
|  58|0x000000068e800000, 0x000000068e800000, 0x000000068ec00000|  0%| F|  |TAMS 0x000000068e800000| PB 0x000000068e800000| Untracked 
|  59|0x000000068ec00000, 0x000000068ec00000, 0x000000068f000000|  0%| F|  |TAMS 0x000000068ec00000| PB 0x000000068ec00000| Untracked 
|  60|0x000000068f000000, 0x000000068f000000, 0x000000068f400000|  0%| F|  |TAMS 0x000000068f000000| PB 0x000000068f000000| Untracked 
|  61|0x000000068f400000, 0x000000068f400000, 0x000000068f800000|  0%| F|  |TAMS 0x000000068f400000| PB 0x000000068f400000| Untracked 
|  62|0x000000068f800000, 0x000000068f800000, 0x000000068fc00000|  0%| F|  |TAMS 0x000000068f800000| PB 0x000000068f800000| Untracked 
|  63|0x000000068fc00000, 0x000000068fc00000, 0x0000000690000000|  0%| F|  |TAMS 0x000000068fc00000| PB 0x000000068fc00000| Untracked 
|  64|0x0000000690000000, 0x0000000690000000, 0x0000000690400000|  0%| F|  |TAMS 0x0000000690000000| PB 0x0000000690000000| Untracked 
|  65|0x0000000690400000, 0x0000000690400000, 0x0000000690800000|  0%| F|  |TAMS 0x0000000690400000| PB 0x0000000690400000| Untracked 
|  66|0x0000000690800000, 0x0000000690800000, 0x0000000690c00000|  0%| F|  |TAMS 0x0000000690800000| PB 0x0000000690800000| Untracked 
|  67|0x0000000690c00000, 0x0000000690c00000, 0x0000000691000000|  0%| F|  |TAMS 0x0000000690c00000| PB 0x0000000690c00000| Untracked 
|  68|0x0000000691000000, 0x0000000691000000, 0x0000000691400000|  0%| F|  |TAMS 0x0000000691000000| PB 0x0000000691000000| Untracked 
|  69|0x0000000691400000, 0x0000000691400000, 0x0000000691800000|  0%| F|  |TAMS 0x0000000691400000| PB 0x0000000691400000| Untracked 
|  70|0x0000000691800000, 0x0000000691800000, 0x0000000691c00000|  0%| F|  |TAMS 0x0000000691800000| PB 0x0000000691800000| Untracked 
|  71|0x0000000691c00000, 0x0000000691c00000, 0x0000000692000000|  0%| F|  |TAMS 0x0000000691c00000| PB 0x0000000691c00000| Untracked 
|  72|0x0000000692000000, 0x0000000692000000, 0x0000000692400000|  0%| F|  |TAMS 0x0000000692000000| PB 0x0000000692000000| Untracked 
|  73|0x0000000692400000, 0x0000000692400000, 0x0000000692800000|  0%| F|  |TAMS 0x0000000692400000| PB 0x0000000692400000| Untracked 
|  74|0x0000000692800000, 0x0000000692800000, 0x0000000692c00000|  0%| F|  |TAMS 0x0000000692800000| PB 0x0000000692800000| Untracked 
|  75|0x0000000692c00000, 0x0000000692c00000, 0x0000000693000000|  0%| F|  |TAMS 0x0000000692c00000| PB 0x0000000692c00000| Untracked 
|  76|0x0000000693000000, 0x0000000693000000, 0x0000000693400000|  0%| F|  |TAMS 0x0000000693000000| PB 0x0000000693000000| Untracked 
|  77|0x0000000693400000, 0x0000000693400000, 0x0000000693800000|  0%| F|  |TAMS 0x0000000693400000| PB 0x0000000693400000| Untracked 
|  78|0x0000000693800000, 0x0000000693800000, 0x0000000693c00000|  0%| F|  |TAMS 0x0000000693800000| PB 0x0000000693800000| Untracked 
|  79|0x0000000693c00000, 0x0000000693c00000, 0x0000000694000000|  0%| F|  |TAMS 0x0000000693c00000| PB 0x0000000693c00000| Untracked 
|  80|0x0000000694000000, 0x0000000694000000, 0x0000000694400000|  0%| F|  |TAMS 0x0000000694000000| PB 0x0000000694000000| Untracked 
|  81|0x0000000694400000, 0x0000000694400000, 0x0000000694800000|  0%| F|  |TAMS 0x0000000694400000| PB 0x0000000694400000| Untracked 
|  82|0x0000000694800000, 0x0000000694800000, 0x0000000694c00000|  0%| F|  |TAMS 0x0000000694800000| PB 0x0000000694800000| Untracked 
|  83|0x0000000694c00000, 0x0000000694c00000, 0x0000000695000000|  0%| F|  |TAMS 0x0000000694c00000| PB 0x0000000694c00000| Untracked 
|  84|0x0000000695000000, 0x0000000695000000, 0x0000000695400000|  0%| F|  |TAMS 0x0000000695000000| PB 0x0000000695000000| Untracked 
|  85|0x0000000695400000, 0x0000000695400000, 0x0000000695800000|  0%| F|  |TAMS 0x0000000695400000| PB 0x0000000695400000| Untracked 
|  86|0x0000000695800000, 0x0000000695800000, 0x0000000695c00000|  0%| F|  |TAMS 0x0000000695800000| PB 0x0000000695800000| Untracked 
|  87|0x0000000695c00000, 0x0000000695c00000, 0x0000000696000000|  0%| F|  |TAMS 0x0000000695c00000| PB 0x0000000695c00000| Untracked 
|  88|0x0000000696000000, 0x0000000696000000, 0x0000000696400000|  0%| F|  |TAMS 0x0000000696000000| PB 0x0000000696000000| Untracked 
|  89|0x0000000696400000, 0x0000000696400000, 0x0000000696800000|  0%| F|  |TAMS 0x0000000696400000| PB 0x0000000696400000| Untracked 
|  90|0x0000000696800000, 0x0000000696800000, 0x0000000696c00000|  0%| F|  |TAMS 0x0000000696800000| PB 0x0000000696800000| Untracked 
|  91|0x0000000696c00000, 0x0000000696c00000, 0x0000000697000000|  0%| F|  |TAMS 0x0000000696c00000| PB 0x0000000696c00000| Untracked 
|  92|0x0000000697000000, 0x0000000697000000, 0x0000000697400000|  0%| F|  |TAMS 0x0000000697000000| PB 0x0000000697000000| Untracked 
|  93|0x0000000697400000, 0x0000000697400000, 0x0000000697800000|  0%| F|  |TAMS 0x0000000697400000| PB 0x0000000697400000| Untracked 
|  94|0x0000000697800000, 0x0000000697800000, 0x0000000697c00000|  0%| F|  |TAMS 0x0000000697800000| PB 0x0000000697800000| Untracked 
|  95|0x0000000697c00000, 0x0000000697c00000, 0x0000000698000000|  0%| F|  |TAMS 0x0000000697c00000| PB 0x0000000697c00000| Untracked 
|  96|0x0000000698000000, 0x0000000698000000, 0x0000000698400000|  0%| F|  |TAMS 0x0000000698000000| PB 0x0000000698000000| Untracked 
|  97|0x0000000698400000, 0x0000000698400000, 0x0000000698800000|  0%| F|  |TAMS 0x0000000698400000| PB 0x0000000698400000| Untracked 
|  98|0x0000000698800000, 0x0000000698800000, 0x0000000698c00000|  0%| F|  |TAMS 0x0000000698800000| PB 0x0000000698800000| Untracked 
|  99|0x0000000698c00000, 0x0000000698c00000, 0x0000000699000000|  0%| F|  |TAMS 0x0000000698c00000| PB 0x0000000698c00000| Untracked 
| 100|0x0000000699000000, 0x0000000699000000, 0x0000000699400000|  0%| F|  |TAMS 0x0000000699000000| PB 0x0000000699000000| Untracked 
| 101|0x0000000699400000, 0x0000000699400000, 0x0000000699800000|  0%| F|  |TAMS 0x0000000699400000| PB 0x0000000699400000| Untracked 
| 102|0x0000000699800000, 0x0000000699800000, 0x0000000699c00000|  0%| F|  |TAMS 0x0000000699800000| PB 0x0000000699800000| Untracked 
| 103|0x0000000699c00000, 0x0000000699c00000, 0x000000069a000000|  0%| F|  |TAMS 0x0000000699c00000| PB 0x0000000699c00000| Untracked 
| 104|0x000000069a000000, 0x000000069a000000, 0x000000069a400000|  0%| F|  |TAMS 0x000000069a000000| PB 0x000000069a000000| Untracked 
| 105|0x000000069a400000, 0x000000069a400000, 0x000000069a800000|  0%| F|  |TAMS 0x000000069a400000| PB 0x000000069a400000| Untracked 
| 106|0x000000069a800000, 0x000000069a800000, 0x000000069ac00000|  0%| F|  |TAMS 0x000000069a800000| PB 0x000000069a800000| Untracked 
| 107|0x000000069ac00000, 0x000000069ac00000, 0x000000069b000000|  0%| F|  |TAMS 0x000000069ac00000| PB 0x000000069ac00000| Untracked 
| 108|0x000000069b000000, 0x000000069b000000, 0x000000069b400000|  0%| F|  |TAMS 0x000000069b000000| PB 0x000000069b000000| Untracked 
| 109|0x000000069b400000, 0x000000069b400000, 0x000000069b800000|  0%| F|  |TAMS 0x000000069b400000| PB 0x000000069b400000| Untracked 
| 110|0x000000069b800000, 0x000000069b800000, 0x000000069bc00000|  0%| F|  |TAMS 0x000000069b800000| PB 0x000000069b800000| Untracked 
| 111|0x000000069bc00000, 0x000000069bc00000, 0x000000069c000000|  0%| F|  |TAMS 0x000000069bc00000| PB 0x000000069bc00000| Untracked 
| 112|0x000000069c000000, 0x000000069c000000, 0x000000069c400000|  0%| F|  |TAMS 0x000000069c000000| PB 0x000000069c000000| Untracked 
| 113|0x000000069c400000, 0x000000069c400000, 0x000000069c800000|  0%| F|  |TAMS 0x000000069c400000| PB 0x000000069c400000| Untracked 
| 114|0x000000069c800000, 0x000000069c800000, 0x000000069cc00000|  0%| F|  |TAMS 0x000000069c800000| PB 0x000000069c800000| Untracked 
| 115|0x000000069cc00000, 0x000000069cc00000, 0x000000069d000000|  0%| F|  |TAMS 0x000000069cc00000| PB 0x000000069cc00000| Untracked 
| 116|0x000000069d000000, 0x000000069d000000, 0x000000069d400000|  0%| F|  |TAMS 0x000000069d000000| PB 0x000000069d000000| Untracked 
| 117|0x000000069d400000, 0x000000069d400000, 0x000000069d800000|  0%| F|  |TAMS 0x000000069d400000| PB 0x000000069d400000| Untracked 
| 118|0x000000069d800000, 0x000000069d800000, 0x000000069dc00000|  0%| F|  |TAMS 0x000000069d800000| PB 0x000000069d800000| Untracked 
| 119|0x000000069dc00000, 0x000000069dc00000, 0x000000069e000000|  0%| F|  |TAMS 0x000000069dc00000| PB 0x000000069dc00000| Untracked 
| 120|0x000000069e000000, 0x000000069e000000, 0x000000069e400000|  0%| F|  |TAMS 0x000000069e000000| PB 0x000000069e000000| Untracked 
| 121|0x000000069e400000, 0x000000069e400000, 0x000000069e800000|  0%| F|  |TAMS 0x000000069e400000| PB 0x000000069e400000| Untracked 
| 122|0x000000069e800000, 0x000000069e800000, 0x000000069ec00000|  0%| F|  |TAMS 0x000000069e800000| PB 0x000000069e800000| Untracked 
| 123|0x000000069ec00000, 0x000000069ec00000, 0x000000069f000000|  0%| F|  |TAMS 0x000000069ec00000| PB 0x000000069ec00000| Untracked 
| 124|0x000000069f000000, 0x000000069f000000, 0x000000069f400000|  0%| F|  |TAMS 0x000000069f000000| PB 0x000000069f000000| Untracked 
| 125|0x000000069f400000, 0x000000069f400000, 0x000000069f800000|  0%| F|  |TAMS 0x000000069f400000| PB 0x000000069f400000| Untracked 
| 126|0x000000069f800000, 0x000000069f800000, 0x000000069fc00000|  0%| F|  |TAMS 0x000000069f800000| PB 0x000000069f800000| Untracked 
| 127|0x000000069fc00000, 0x000000069fc00000, 0x00000006a0000000|  0%| F|  |TAMS 0x000000069fc00000| PB 0x000000069fc00000| Untracked 
| 128|0x00000006a0000000, 0x00000006a0000000, 0x00000006a0400000|  0%| F|  |TAMS 0x00000006a0000000| PB 0x00000006a0000000| Untracked 
| 129|0x00000006a0400000, 0x00000006a0400000, 0x00000006a0800000|  0%| F|  |TAMS 0x00000006a0400000| PB 0x00000006a0400000| Untracked 
| 130|0x00000006a0800000, 0x00000006a0800000, 0x00000006a0c00000|  0%| F|  |TAMS 0x00000006a0800000| PB 0x00000006a0800000| Untracked 
| 131|0x00000006a0c00000, 0x00000006a0c00000, 0x00000006a1000000|  0%| F|  |TAMS 0x00000006a0c00000| PB 0x00000006a0c00000| Untracked 
| 132|0x00000006a1000000, 0x00000006a1000000, 0x00000006a1400000|  0%| F|  |TAMS 0x00000006a1000000| PB 0x00000006a1000000| Untracked 
| 133|0x00000006a1400000, 0x00000006a1400000, 0x00000006a1800000|  0%| F|  |TAMS 0x00000006a1400000| PB 0x00000006a1400000| Untracked 
| 134|0x00000006a1800000, 0x00000006a1800000, 0x00000006a1c00000|  0%| F|  |TAMS 0x00000006a1800000| PB 0x00000006a1800000| Untracked 
| 135|0x00000006a1c00000, 0x00000006a1c00000, 0x00000006a2000000|  0%| F|  |TAMS 0x00000006a1c00000| PB 0x00000006a1c00000| Untracked 
| 136|0x00000006a2000000, 0x00000006a2000000, 0x00000006a2400000|  0%| F|  |TAMS 0x00000006a2000000| PB 0x00000006a2000000| Untracked 
| 137|0x00000006a2400000, 0x00000006a2400000, 0x00000006a2800000|  0%| F|  |TAMS 0x00000006a2400000| PB 0x00000006a2400000| Untracked 
| 138|0x00000006a2800000, 0x00000006a2800000, 0x00000006a2c00000|  0%| F|  |TAMS 0x00000006a2800000| PB 0x00000006a2800000| Untracked 
| 139|0x00000006a2c00000, 0x00000006a2c00000, 0x00000006a3000000|  0%| F|  |TAMS 0x00000006a2c00000| PB 0x00000006a2c00000| Untracked 
| 140|0x00000006a3000000, 0x00000006a3000000, 0x00000006a3400000|  0%| F|  |TAMS 0x00000006a3000000| PB 0x00000006a3000000| Untracked 
| 141|0x00000006a3400000, 0x00000006a3400000, 0x00000006a3800000|  0%| F|  |TAMS 0x00000006a3400000| PB 0x00000006a3400000| Untracked 
| 142|0x00000006a3800000, 0x00000006a3800000, 0x00000006a3c00000|  0%| F|  |TAMS 0x00000006a3800000| PB 0x00000006a3800000| Untracked 
| 143|0x00000006a3c00000, 0x00000006a3c00000, 0x00000006a4000000|  0%| F|  |TAMS 0x00000006a3c00000| PB 0x00000006a3c00000| Untracked 
| 144|0x00000006a4000000, 0x00000006a4000000, 0x00000006a4400000|  0%| F|  |TAMS 0x00000006a4000000| PB 0x00000006a4000000| Untracked 
| 145|0x00000006a4400000, 0x00000006a4400000, 0x00000006a4800000|  0%| F|  |TAMS 0x00000006a4400000| PB 0x00000006a4400000| Untracked 
| 146|0x00000006a4800000, 0x00000006a4800000, 0x00000006a4c00000|  0%| F|  |TAMS 0x00000006a4800000| PB 0x00000006a4800000| Untracked 
| 147|0x00000006a4c00000, 0x00000006a4c00000, 0x00000006a5000000|  0%| F|  |TAMS 0x00000006a4c00000| PB 0x00000006a4c00000| Untracked 
| 148|0x00000006a5000000, 0x00000006a5000000, 0x00000006a5400000|  0%| F|  |TAMS 0x00000006a5000000| PB 0x00000006a5000000| Untracked 
| 149|0x00000006a5400000, 0x00000006a5400000, 0x00000006a5800000|  0%| F|  |TAMS 0x00000006a5400000| PB 0x00000006a5400000| Untracked 
| 150|0x00000006a5800000, 0x00000006a5800000, 0x00000006a5c00000|  0%| F|  |TAMS 0x00000006a5800000| PB 0x00000006a5800000| Untracked 
| 151|0x00000006a5c00000, 0x00000006a5c00000, 0x00000006a6000000|  0%| F|  |TAMS 0x00000006a5c00000| PB 0x00000006a5c00000| Untracked 
| 152|0x00000006a6000000, 0x00000006a6000000, 0x00000006a6400000|  0%| F|  |TAMS 0x00000006a6000000| PB 0x00000006a6000000| Untracked 
| 153|0x00000006a6400000, 0x00000006a6400000, 0x00000006a6800000|  0%| F|  |TAMS 0x00000006a6400000| PB 0x00000006a6400000| Untracked 
| 154|0x00000006a6800000, 0x00000006a6800000, 0x00000006a6c00000|  0%| F|  |TAMS 0x00000006a6800000| PB 0x00000006a6800000| Untracked 
| 155|0x00000006a6c00000, 0x00000006a6c00000, 0x00000006a7000000|  0%| F|  |TAMS 0x00000006a6c00000| PB 0x00000006a6c00000| Untracked 
| 156|0x00000006a7000000, 0x00000006a7000000, 0x00000006a7400000|  0%| F|  |TAMS 0x00000006a7000000| PB 0x00000006a7000000| Untracked 
| 157|0x00000006a7400000, 0x00000006a7400000, 0x00000006a7800000|  0%| F|  |TAMS 0x00000006a7400000| PB 0x00000006a7400000| Untracked 
| 158|0x00000006a7800000, 0x00000006a7800000, 0x00000006a7c00000|  0%| F|  |TAMS 0x00000006a7800000| PB 0x00000006a7800000| Untracked 
| 159|0x00000006a7c00000, 0x00000006a7c00000, 0x00000006a8000000|  0%| F|  |TAMS 0x00000006a7c00000| PB 0x00000006a7c00000| Untracked 
| 160|0x00000006a8000000, 0x00000006a8000000, 0x00000006a8400000|  0%| F|  |TAMS 0x00000006a8000000| PB 0x00000006a8000000| Untracked 
| 161|0x00000006a8400000, 0x00000006a8400000, 0x00000006a8800000|  0%| F|  |TAMS 0x00000006a8400000| PB 0x00000006a8400000| Untracked 
| 162|0x00000006a8800000, 0x00000006a8800000, 0x00000006a8c00000|  0%| F|  |TAMS 0x00000006a8800000| PB 0x00000006a8800000| Untracked 
| 163|0x00000006a8c00000, 0x00000006a8c00000, 0x00000006a9000000|  0%| F|  |TAMS 0x00000006a8c00000| PB 0x00000006a8c00000| Untracked 
| 164|0x00000006a9000000, 0x00000006a9000000, 0x00000006a9400000|  0%| F|  |TAMS 0x00000006a9000000| PB 0x00000006a9000000| Untracked 
| 165|0x00000006a9400000, 0x00000006a9400000, 0x00000006a9800000|  0%| F|  |TAMS 0x00000006a9400000| PB 0x00000006a9400000| Untracked 
| 166|0x00000006a9800000, 0x00000006a9800000, 0x00000006a9c00000|  0%| F|  |TAMS 0x00000006a9800000| PB 0x00000006a9800000| Untracked 
| 167|0x00000006a9c00000, 0x00000006a9c00000, 0x00000006aa000000|  0%| F|  |TAMS 0x00000006a9c00000| PB 0x00000006a9c00000| Untracked 
| 168|0x00000006aa000000, 0x00000006aa000000, 0x00000006aa400000|  0%| F|  |TAMS 0x00000006aa000000| PB 0x00000006aa000000| Untracked 
| 169|0x00000006aa400000, 0x00000006aa400000, 0x00000006aa800000|  0%| F|  |TAMS 0x00000006aa400000| PB 0x00000006aa400000| Untracked 
| 170|0x00000006aa800000, 0x00000006aa800000, 0x00000006aac00000|  0%| F|  |TAMS 0x00000006aa800000| PB 0x00000006aa800000| Untracked 
| 171|0x00000006aac00000, 0x00000006aac00000, 0x00000006ab000000|  0%| F|  |TAMS 0x00000006aac00000| PB 0x00000006aac00000| Untracked 
| 172|0x00000006ab000000, 0x00000006ab000000, 0x00000006ab400000|  0%| F|  |TAMS 0x00000006ab000000| PB 0x00000006ab000000| Untracked 
| 173|0x00000006ab400000, 0x00000006ab400000, 0x00000006ab800000|  0%| F|  |TAMS 0x00000006ab400000| PB 0x00000006ab400000| Untracked 
| 174|0x00000006ab800000, 0x00000006ab800000, 0x00000006abc00000|  0%| F|  |TAMS 0x00000006ab800000| PB 0x00000006ab800000| Untracked 
| 175|0x00000006abc00000, 0x00000006abc00000, 0x00000006ac000000|  0%| F|  |TAMS 0x00000006abc00000| PB 0x00000006abc00000| Untracked 
| 176|0x00000006ac000000, 0x00000006ac000000, 0x00000006ac400000|  0%| F|  |TAMS 0x00000006ac000000| PB 0x00000006ac000000| Untracked 
| 177|0x00000006ac400000, 0x00000006ac400000, 0x00000006ac800000|  0%| F|  |TAMS 0x00000006ac400000| PB 0x00000006ac400000| Untracked 
| 178|0x00000006ac800000, 0x00000006ac800000, 0x00000006acc00000|  0%| F|  |TAMS 0x00000006ac800000| PB 0x00000006ac800000| Untracked 
| 179|0x00000006acc00000, 0x00000006acc00000, 0x00000006ad000000|  0%| F|  |TAMS 0x00000006acc00000| PB 0x00000006acc00000| Untracked 
| 180|0x00000006ad000000, 0x00000006ad000000, 0x00000006ad400000|  0%| F|  |TAMS 0x00000006ad000000| PB 0x00000006ad000000| Untracked 
| 181|0x00000006ad400000, 0x00000006ad400000, 0x00000006ad800000|  0%| F|  |TAMS 0x00000006ad400000| PB 0x00000006ad400000| Untracked 
| 182|0x00000006ad800000, 0x00000006ad90dd40, 0x00000006adc00000| 26%| S|CS|TAMS 0x00000006ad800000| PB 0x00000006ad800000| Complete 
| 183|0x00000006adc00000, 0x00000006adc00000, 0x00000006ae000000|  0%| F|  |TAMS 0x00000006adc00000| PB 0x00000006adc00000| Untracked 
| 184|0x00000006ae000000, 0x00000006ae000000, 0x00000006ae400000|  0%| F|  |TAMS 0x00000006ae000000| PB 0x00000006ae000000| Untracked 
| 185|0x00000006ae400000, 0x00000006ae400000, 0x00000006ae800000|  0%| F|  |TAMS 0x00000006ae400000| PB 0x00000006ae400000| Untracked 
| 186|0x00000006ae800000, 0x00000006ae800000, 0x00000006aec00000|  0%| F|  |TAMS 0x00000006ae800000| PB 0x00000006ae800000| Untracked 
| 187|0x00000006aec00000, 0x00000006aec00000, 0x00000006af000000|  0%| F|  |TAMS 0x00000006aec00000| PB 0x00000006aec00000| Untracked 
| 188|0x00000006af000000, 0x00000006af000000, 0x00000006af400000|  0%| F|  |TAMS 0x00000006af000000| PB 0x00000006af000000| Untracked 
| 189|0x00000006af400000, 0x00000006af400000, 0x00000006af800000|  0%| F|  |TAMS 0x00000006af400000| PB 0x00000006af400000| Untracked 
| 190|0x00000006af800000, 0x00000006af800000, 0x00000006afc00000|  0%| F|  |TAMS 0x00000006af800000| PB 0x00000006af800000| Untracked 
| 191|0x00000006afc00000, 0x00000006afc00000, 0x00000006b0000000|  0%| F|  |TAMS 0x00000006afc00000| PB 0x00000006afc00000| Untracked 
| 192|0x00000006b0000000, 0x00000006b0000000, 0x00000006b0400000|  0%| F|  |TAMS 0x00000006b0000000| PB 0x00000006b0000000| Untracked 
| 193|0x00000006b0400000, 0x00000006b0400000, 0x00000006b0800000|  0%| F|  |TAMS 0x00000006b0400000| PB 0x00000006b0400000| Untracked 
| 194|0x00000006b0800000, 0x00000006b0800000, 0x00000006b0c00000|  0%| F|  |TAMS 0x00000006b0800000| PB 0x00000006b0800000| Untracked 
| 195|0x00000006b0c00000, 0x00000006b0c00000, 0x00000006b1000000|  0%| F|  |TAMS 0x00000006b0c00000| PB 0x00000006b0c00000| Untracked 
| 196|0x00000006b1000000, 0x00000006b1000000, 0x00000006b1400000|  0%| F|  |TAMS 0x00000006b1000000| PB 0x00000006b1000000| Untracked 
| 197|0x00000006b1400000, 0x00000006b1400000, 0x00000006b1800000|  0%| F|  |TAMS 0x00000006b1400000| PB 0x00000006b1400000| Untracked 
| 198|0x00000006b1800000, 0x00000006b1800000, 0x00000006b1c00000|  0%| F|  |TAMS 0x00000006b1800000| PB 0x00000006b1800000| Untracked 
| 199|0x00000006b1c00000, 0x00000006b1c00000, 0x00000006b2000000|  0%| F|  |TAMS 0x00000006b1c00000| PB 0x00000006b1c00000| Untracked 
| 200|0x00000006b2000000, 0x00000006b2000000, 0x00000006b2400000|  0%| F|  |TAMS 0x00000006b2000000| PB 0x00000006b2000000| Untracked 
| 201|0x00000006b2400000, 0x00000006b2400000, 0x00000006b2800000|  0%| F|  |TAMS 0x00000006b2400000| PB 0x00000006b2400000| Untracked 
| 202|0x00000006b2800000, 0x00000006b2800000, 0x00000006b2c00000|  0%| F|  |TAMS 0x00000006b2800000| PB 0x00000006b2800000| Untracked 
| 203|0x00000006b2c00000, 0x00000006b2c00000, 0x00000006b3000000|  0%| F|  |TAMS 0x00000006b2c00000| PB 0x00000006b2c00000| Untracked 
| 204|0x00000006b3000000, 0x00000006b3000000, 0x00000006b3400000|  0%| F|  |TAMS 0x00000006b3000000| PB 0x00000006b3000000| Untracked 
| 205|0x00000006b3400000, 0x00000006b3400000, 0x00000006b3800000|  0%| F|  |TAMS 0x00000006b3400000| PB 0x00000006b3400000| Untracked 
| 206|0x00000006b3800000, 0x00000006b3800000, 0x00000006b3c00000|  0%| F|  |TAMS 0x00000006b3800000| PB 0x00000006b3800000| Untracked 
| 207|0x00000006b3c00000, 0x00000006b3c00000, 0x00000006b4000000|  0%| F|  |TAMS 0x00000006b3c00000| PB 0x00000006b3c00000| Untracked 
| 208|0x00000006b4000000, 0x00000006b4000000, 0x00000006b4400000|  0%| F|  |TAMS 0x00000006b4000000| PB 0x00000006b4000000| Untracked 
| 209|0x00000006b4400000, 0x00000006b4400000, 0x00000006b4800000|  0%| F|  |TAMS 0x00000006b4400000| PB 0x00000006b4400000| Untracked 
| 210|0x00000006b4800000, 0x00000006b4800000, 0x00000006b4c00000|  0%| F|  |TAMS 0x00000006b4800000| PB 0x00000006b4800000| Untracked 
| 211|0x00000006b4c00000, 0x00000006b4c00000, 0x00000006b5000000|  0%| F|  |TAMS 0x00000006b4c00000| PB 0x00000006b4c00000| Untracked 
| 212|0x00000006b5000000, 0x00000006b5000000, 0x00000006b5400000|  0%| F|  |TAMS 0x00000006b5000000| PB 0x00000006b5000000| Untracked 
| 213|0x00000006b5400000, 0x00000006b5400000, 0x00000006b5800000|  0%| F|  |TAMS 0x00000006b5400000| PB 0x00000006b5400000| Untracked 
| 214|0x00000006b5800000, 0x00000006b5800000, 0x00000006b5c00000|  0%| F|  |TAMS 0x00000006b5800000| PB 0x00000006b5800000| Untracked 
| 215|0x00000006b5c00000, 0x00000006b5c00000, 0x00000006b6000000|  0%| F|  |TAMS 0x00000006b5c00000| PB 0x00000006b5c00000| Untracked 
| 216|0x00000006b6000000, 0x00000006b6000000, 0x00000006b6400000|  0%| F|  |TAMS 0x00000006b6000000| PB 0x00000006b6000000| Untracked 
| 217|0x00000006b6400000, 0x00000006b6400000, 0x00000006b6800000|  0%| F|  |TAMS 0x00000006b6400000| PB 0x00000006b6400000| Untracked 
| 218|0x00000006b6800000, 0x00000006b6800000, 0x00000006b6c00000|  0%| F|  |TAMS 0x00000006b6800000| PB 0x00000006b6800000| Untracked 
| 219|0x00000006b6c00000, 0x00000006b6c00000, 0x00000006b7000000|  0%| F|  |TAMS 0x00000006b6c00000| PB 0x00000006b6c00000| Untracked 
| 220|0x00000006b7000000, 0x00000006b7000000, 0x00000006b7400000|  0%| F|  |TAMS 0x00000006b7000000| PB 0x00000006b7000000| Untracked 
| 221|0x00000006b7400000, 0x00000006b7400000, 0x00000006b7800000|  0%| F|  |TAMS 0x00000006b7400000| PB 0x00000006b7400000| Untracked 
| 222|0x00000006b7800000, 0x00000006b7800000, 0x00000006b7c00000|  0%| F|  |TAMS 0x00000006b7800000| PB 0x00000006b7800000| Untracked 
| 223|0x00000006b7c00000, 0x00000006b7c00000, 0x00000006b8000000|  0%| F|  |TAMS 0x00000006b7c00000| PB 0x00000006b7c00000| Untracked 
| 224|0x00000006b8000000, 0x00000006b8000000, 0x00000006b8400000|  0%| F|  |TAMS 0x00000006b8000000| PB 0x00000006b8000000| Untracked 
| 225|0x00000006b8400000, 0x00000006b8400000, 0x00000006b8800000|  0%| F|  |TAMS 0x00000006b8400000| PB 0x00000006b8400000| Untracked 
| 226|0x00000006b8800000, 0x00000006b8800000, 0x00000006b8c00000|  0%| F|  |TAMS 0x00000006b8800000| PB 0x00000006b8800000| Untracked 
| 227|0x00000006b8c00000, 0x00000006b8c00000, 0x00000006b9000000|  0%| F|  |TAMS 0x00000006b8c00000| PB 0x00000006b8c00000| Untracked 
| 228|0x00000006b9000000, 0x00000006b9000000, 0x00000006b9400000|  0%| F|  |TAMS 0x00000006b9000000| PB 0x00000006b9000000| Untracked 
| 229|0x00000006b9400000, 0x00000006b9400000, 0x00000006b9800000|  0%| F|  |TAMS 0x00000006b9400000| PB 0x00000006b9400000| Untracked 
| 230|0x00000006b9800000, 0x00000006b9800000, 0x00000006b9c00000|  0%| F|  |TAMS 0x00000006b9800000| PB 0x00000006b9800000| Untracked 
| 231|0x00000006b9c00000, 0x00000006b9c00000, 0x00000006ba000000|  0%| F|  |TAMS 0x00000006b9c00000| PB 0x00000006b9c00000| Untracked 
| 232|0x00000006ba000000, 0x00000006ba000000, 0x00000006ba400000|  0%| F|  |TAMS 0x00000006ba000000| PB 0x00000006ba000000| Untracked 
| 233|0x00000006ba400000, 0x00000006ba400000, 0x00000006ba800000|  0%| F|  |TAMS 0x00000006ba400000| PB 0x00000006ba400000| Untracked 
| 234|0x00000006ba800000, 0x00000006ba800000, 0x00000006bac00000|  0%| F|  |TAMS 0x00000006ba800000| PB 0x00000006ba800000| Untracked 
| 235|0x00000006bac00000, 0x00000006bac00000, 0x00000006bb000000|  0%| F|  |TAMS 0x00000006bac00000| PB 0x00000006bac00000| Untracked 
| 236|0x00000006bb000000, 0x00000006bb000000, 0x00000006bb400000|  0%| F|  |TAMS 0x00000006bb000000| PB 0x00000006bb000000| Untracked 
| 237|0x00000006bb400000, 0x00000006bb400000, 0x00000006bb800000|  0%| F|  |TAMS 0x00000006bb400000| PB 0x00000006bb400000| Untracked 
| 238|0x00000006bb800000, 0x00000006bb800000, 0x00000006bbc00000|  0%| F|  |TAMS 0x00000006bb800000| PB 0x00000006bb800000| Untracked 
| 239|0x00000006bbc00000, 0x00000006bbc00000, 0x00000006bc000000|  0%| F|  |TAMS 0x00000006bbc00000| PB 0x00000006bbc00000| Untracked 
| 240|0x00000006bc000000, 0x00000006bc000000, 0x00000006bc400000|  0%| F|  |TAMS 0x00000006bc000000| PB 0x00000006bc000000| Untracked 
| 241|0x00000006bc400000, 0x00000006bc400000, 0x00000006bc800000|  0%| F|  |TAMS 0x00000006bc400000| PB 0x00000006bc400000| Untracked 
| 242|0x00000006bc800000, 0x00000006bc800000, 0x00000006bcc00000|  0%| F|  |TAMS 0x00000006bc800000| PB 0x00000006bc800000| Untracked 
| 243|0x00000006bcc00000, 0x00000006bcc00000, 0x00000006bd000000|  0%| F|  |TAMS 0x00000006bcc00000| PB 0x00000006bcc00000| Untracked 
| 244|0x00000006bd000000, 0x00000006bd000000, 0x00000006bd400000|  0%| F|  |TAMS 0x00000006bd000000| PB 0x00000006bd000000| Untracked 
| 245|0x00000006bd400000, 0x00000006bd400000, 0x00000006bd800000|  0%| F|  |TAMS 0x00000006bd400000| PB 0x00000006bd400000| Untracked 
| 246|0x00000006bd800000, 0x00000006bd800000, 0x00000006bdc00000|  0%| F|  |TAMS 0x00000006bd800000| PB 0x00000006bd800000| Untracked 
| 247|0x00000006bdc00000, 0x00000006bdc00000, 0x00000006be000000|  0%| F|  |TAMS 0x00000006bdc00000| PB 0x00000006bdc00000| Untracked 
| 248|0x00000006be000000, 0x00000006be000000, 0x00000006be400000|  0%| F|  |TAMS 0x00000006be000000| PB 0x00000006be000000| Untracked 
| 249|0x00000006be400000, 0x00000006be400000, 0x00000006be800000|  0%| F|  |TAMS 0x00000006be400000| PB 0x00000006be400000| Untracked 
| 250|0x00000006be800000, 0x00000006be800000, 0x00000006bec00000|  0%| F|  |TAMS 0x00000006be800000| PB 0x00000006be800000| Untracked 
| 251|0x00000006bec00000, 0x00000006bec00000, 0x00000006bf000000|  0%| F|  |TAMS 0x00000006bec00000| PB 0x00000006bec00000| Untracked 
| 252|0x00000006bf000000, 0x00000006bf000000, 0x00000006bf400000|  0%| F|  |TAMS 0x00000006bf000000| PB 0x00000006bf000000| Untracked 
| 253|0x00000006bf400000, 0x00000006bf400000, 0x00000006bf800000|  0%| F|  |TAMS 0x00000006bf400000| PB 0x00000006bf400000| Untracked 
| 254|0x00000006bf800000, 0x00000006bf800000, 0x00000006bfc00000|  0%| F|  |TAMS 0x00000006bf800000| PB 0x00000006bf800000| Untracked 
| 255|0x00000006bfc00000, 0x00000006bfc00000, 0x00000006c0000000|  0%| F|  |TAMS 0x00000006bfc00000| PB 0x00000006bfc00000| Untracked 
| 256|0x00000006c0000000, 0x00000006c0000000, 0x00000006c0400000|  0%| F|  |TAMS 0x00000006c0000000| PB 0x00000006c0000000| Untracked 
| 257|0x00000006c0400000, 0x00000006c0400000, 0x00000006c0800000|  0%| F|  |TAMS 0x00000006c0400000| PB 0x00000006c0400000| Untracked 
| 258|0x00000006c0800000, 0x00000006c0800000, 0x00000006c0c00000|  0%| F|  |TAMS 0x00000006c0800000| PB 0x00000006c0800000| Untracked 
| 259|0x00000006c0c00000, 0x00000006c0c00000, 0x00000006c1000000|  0%| F|  |TAMS 0x00000006c0c00000| PB 0x00000006c0c00000| Untracked 
| 260|0x00000006c1000000, 0x00000006c1000000, 0x00000006c1400000|  0%| F|  |TAMS 0x00000006c1000000| PB 0x00000006c1000000| Untracked 
| 261|0x00000006c1400000, 0x00000006c1400000, 0x00000006c1800000|  0%| F|  |TAMS 0x00000006c1400000| PB 0x00000006c1400000| Untracked 
| 262|0x00000006c1800000, 0x00000006c1800000, 0x00000006c1c00000|  0%| F|  |TAMS 0x00000006c1800000| PB 0x00000006c1800000| Untracked 
| 263|0x00000006c1c00000, 0x00000006c1c00000, 0x00000006c2000000|  0%| F|  |TAMS 0x00000006c1c00000| PB 0x00000006c1c00000| Untracked 
| 264|0x00000006c2000000, 0x00000006c2000000, 0x00000006c2400000|  0%| F|  |TAMS 0x00000006c2000000| PB 0x00000006c2000000| Untracked 
| 265|0x00000006c2400000, 0x00000006c2400000, 0x00000006c2800000|  0%| F|  |TAMS 0x00000006c2400000| PB 0x00000006c2400000| Untracked 
| 266|0x00000006c2800000, 0x00000006c2800000, 0x00000006c2c00000|  0%| F|  |TAMS 0x00000006c2800000| PB 0x00000006c2800000| Untracked 
| 267|0x00000006c2c00000, 0x00000006c2c00000, 0x00000006c3000000|  0%| F|  |TAMS 0x00000006c2c00000| PB 0x00000006c2c00000| Untracked 
| 268|0x00000006c3000000, 0x00000006c3000000, 0x00000006c3400000|  0%| F|  |TAMS 0x00000006c3000000| PB 0x00000006c3000000| Untracked 
| 269|0x00000006c3400000, 0x00000006c3400000, 0x00000006c3800000|  0%| F|  |TAMS 0x00000006c3400000| PB 0x00000006c3400000| Untracked 
| 270|0x00000006c3800000, 0x00000006c3800000, 0x00000006c3c00000|  0%| F|  |TAMS 0x00000006c3800000| PB 0x00000006c3800000| Untracked 
| 271|0x00000006c3c00000, 0x00000006c3c00000, 0x00000006c4000000|  0%| F|  |TAMS 0x00000006c3c00000| PB 0x00000006c3c00000| Untracked 
| 272|0x00000006c4000000, 0x00000006c4000000, 0x00000006c4400000|  0%| F|  |TAMS 0x00000006c4000000| PB 0x00000006c4000000| Untracked 
| 273|0x00000006c4400000, 0x00000006c4400000, 0x00000006c4800000|  0%| F|  |TAMS 0x00000006c4400000| PB 0x00000006c4400000| Untracked 
| 274|0x00000006c4800000, 0x00000006c4800000, 0x00000006c4c00000|  0%| F|  |TAMS 0x00000006c4800000| PB 0x00000006c4800000| Untracked 
| 275|0x00000006c4c00000, 0x00000006c4c00000, 0x00000006c5000000|  0%| F|  |TAMS 0x00000006c4c00000| PB 0x00000006c4c00000| Untracked 
| 276|0x00000006c5000000, 0x00000006c5000000, 0x00000006c5400000|  0%| F|  |TAMS 0x00000006c5000000| PB 0x00000006c5000000| Untracked 
| 277|0x00000006c5400000, 0x00000006c5400000, 0x00000006c5800000|  0%| F|  |TAMS 0x00000006c5400000| PB 0x00000006c5400000| Untracked 
| 278|0x00000006c5800000, 0x00000006c5800000, 0x00000006c5c00000|  0%| F|  |TAMS 0x00000006c5800000| PB 0x00000006c5800000| Untracked 
| 279|0x00000006c5c00000, 0x00000006c5c00000, 0x00000006c6000000|  0%| F|  |TAMS 0x00000006c5c00000| PB 0x00000006c5c00000| Untracked 
| 280|0x00000006c6000000, 0x00000006c6000000, 0x00000006c6400000|  0%| F|  |TAMS 0x00000006c6000000| PB 0x00000006c6000000| Untracked 
| 281|0x00000006c6400000, 0x00000006c6400000, 0x00000006c6800000|  0%| F|  |TAMS 0x00000006c6400000| PB 0x00000006c6400000| Untracked 
| 282|0x00000006c6800000, 0x00000006c6800000, 0x00000006c6c00000|  0%| F|  |TAMS 0x00000006c6800000| PB 0x00000006c6800000| Untracked 
| 283|0x00000006c6c00000, 0x00000006c6c00000, 0x00000006c7000000|  0%| F|  |TAMS 0x00000006c6c00000| PB 0x00000006c6c00000| Untracked 
| 284|0x00000006c7000000, 0x00000006c7000000, 0x00000006c7400000|  0%| F|  |TAMS 0x00000006c7000000| PB 0x00000006c7000000| Untracked 
| 285|0x00000006c7400000, 0x00000006c7400000, 0x00000006c7800000|  0%| F|  |TAMS 0x00000006c7400000| PB 0x00000006c7400000| Untracked 
| 286|0x00000006c7800000, 0x00000006c7800000, 0x00000006c7c00000|  0%| F|  |TAMS 0x00000006c7800000| PB 0x00000006c7800000| Untracked 
| 287|0x00000006c7c00000, 0x00000006c7c00000, 0x00000006c8000000|  0%| F|  |TAMS 0x00000006c7c00000| PB 0x00000006c7c00000| Untracked 
| 288|0x00000006c8000000, 0x00000006c8000000, 0x00000006c8400000|  0%| F|  |TAMS 0x00000006c8000000| PB 0x00000006c8000000| Untracked 
| 289|0x00000006c8400000, 0x00000006c8400000, 0x00000006c8800000|  0%| F|  |TAMS 0x00000006c8400000| PB 0x00000006c8400000| Untracked 
| 290|0x00000006c8800000, 0x00000006c8800000, 0x00000006c8c00000|  0%| F|  |TAMS 0x00000006c8800000| PB 0x00000006c8800000| Untracked 
| 291|0x00000006c8c00000, 0x00000006c8c00000, 0x00000006c9000000|  0%| F|  |TAMS 0x00000006c8c00000| PB 0x00000006c8c00000| Untracked 
| 292|0x00000006c9000000, 0x00000006c9000000, 0x00000006c9400000|  0%| F|  |TAMS 0x00000006c9000000| PB 0x00000006c9000000| Untracked 
| 293|0x00000006c9400000, 0x00000006c9400000, 0x00000006c9800000|  0%| F|  |TAMS 0x00000006c9400000| PB 0x00000006c9400000| Untracked 
| 294|0x00000006c9800000, 0x00000006c9800000, 0x00000006c9c00000|  0%| F|  |TAMS 0x00000006c9800000| PB 0x00000006c9800000| Untracked 
| 295|0x00000006c9c00000, 0x00000006c9c00000, 0x00000006ca000000|  0%| F|  |TAMS 0x00000006c9c00000| PB 0x00000006c9c00000| Untracked 
| 296|0x00000006ca000000, 0x00000006ca000000, 0x00000006ca400000|  0%| F|  |TAMS 0x00000006ca000000| PB 0x00000006ca000000| Untracked 
| 297|0x00000006ca400000, 0x00000006ca400000, 0x00000006ca800000|  0%| F|  |TAMS 0x00000006ca400000| PB 0x00000006ca400000| Untracked 
| 298|0x00000006ca800000, 0x00000006ca800000, 0x00000006cac00000|  0%| F|  |TAMS 0x00000006ca800000| PB 0x00000006ca800000| Untracked 
| 299|0x00000006cac00000, 0x00000006cac00000, 0x00000006cb000000|  0%| F|  |TAMS 0x00000006cac00000| PB 0x00000006cac00000| Untracked 
| 300|0x00000006cb000000, 0x00000006cb000000, 0x00000006cb400000|  0%| F|  |TAMS 0x00000006cb000000| PB 0x00000006cb000000| Untracked 
| 301|0x00000006cb400000, 0x00000006cb400000, 0x00000006cb800000|  0%| F|  |TAMS 0x00000006cb400000| PB 0x00000006cb400000| Untracked 
| 302|0x00000006cb800000, 0x00000006cb800000, 0x00000006cbc00000|  0%| F|  |TAMS 0x00000006cb800000| PB 0x00000006cb800000| Untracked 
| 303|0x00000006cbc00000, 0x00000006cbc00000, 0x00000006cc000000|  0%| F|  |TAMS 0x00000006cbc00000| PB 0x00000006cbc00000| Untracked 
| 304|0x00000006cc000000, 0x00000006cc000000, 0x00000006cc400000|  0%| F|  |TAMS 0x00000006cc000000| PB 0x00000006cc000000| Untracked 
| 305|0x00000006cc400000, 0x00000006cc400000, 0x00000006cc800000|  0%| F|  |TAMS 0x00000006cc400000| PB 0x00000006cc400000| Untracked 
| 306|0x00000006cc800000, 0x00000006cc800000, 0x00000006ccc00000|  0%| F|  |TAMS 0x00000006cc800000| PB 0x00000006cc800000| Untracked 
| 307|0x00000006ccc00000, 0x00000006ccc00000, 0x00000006cd000000|  0%| F|  |TAMS 0x00000006ccc00000| PB 0x00000006ccc00000| Untracked 
| 308|0x00000006cd000000, 0x00000006cd000000, 0x00000006cd400000|  0%| F|  |TAMS 0x00000006cd000000| PB 0x00000006cd000000| Untracked 
| 309|0x00000006cd400000, 0x00000006cd400000, 0x00000006cd800000|  0%| F|  |TAMS 0x00000006cd400000| PB 0x00000006cd400000| Untracked 
| 310|0x00000006cd800000, 0x00000006cd800000, 0x00000006cdc00000|  0%| F|  |TAMS 0x00000006cd800000| PB 0x00000006cd800000| Untracked 
| 311|0x00000006cdc00000, 0x00000006cdc00000, 0x00000006ce000000|  0%| F|  |TAMS 0x00000006cdc00000| PB 0x00000006cdc00000| Untracked 
| 312|0x00000006ce000000, 0x00000006ce000000, 0x00000006ce400000|  0%| F|  |TAMS 0x00000006ce000000| PB 0x00000006ce000000| Untracked 
| 313|0x00000006ce400000, 0x00000006ce400000, 0x00000006ce800000|  0%| F|  |TAMS 0x00000006ce400000| PB 0x00000006ce400000| Untracked 
| 314|0x00000006ce800000, 0x00000006ce800000, 0x00000006cec00000|  0%| F|  |TAMS 0x00000006ce800000| PB 0x00000006ce800000| Untracked 
| 315|0x00000006cec00000, 0x00000006cec00000, 0x00000006cf000000|  0%| F|  |TAMS 0x00000006cec00000| PB 0x00000006cec00000| Untracked 
| 316|0x00000006cf000000, 0x00000006cf000000, 0x00000006cf400000|  0%| F|  |TAMS 0x00000006cf000000| PB 0x00000006cf000000| Untracked 
| 317|0x00000006cf400000, 0x00000006cf400000, 0x00000006cf800000|  0%| F|  |TAMS 0x00000006cf400000| PB 0x00000006cf400000| Untracked 
| 318|0x00000006cf800000, 0x00000006cf800000, 0x00000006cfc00000|  0%| F|  |TAMS 0x00000006cf800000| PB 0x00000006cf800000| Untracked 
| 319|0x00000006cfc00000, 0x00000006cfc00000, 0x00000006d0000000|  0%| F|  |TAMS 0x00000006cfc00000| PB 0x00000006cfc00000| Untracked 
| 320|0x00000006d0000000, 0x00000006d0000000, 0x00000006d0400000|  0%| F|  |TAMS 0x00000006d0000000| PB 0x00000006d0000000| Untracked 
| 321|0x00000006d0400000, 0x00000006d0400000, 0x00000006d0800000|  0%| F|  |TAMS 0x00000006d0400000| PB 0x00000006d0400000| Untracked 
| 322|0x00000006d0800000, 0x00000006d0800000, 0x00000006d0c00000|  0%| F|  |TAMS 0x00000006d0800000| PB 0x00000006d0800000| Untracked 
| 323|0x00000006d0c00000, 0x00000006d0c00000, 0x00000006d1000000|  0%| F|  |TAMS 0x00000006d0c00000| PB 0x00000006d0c00000| Untracked 
| 324|0x00000006d1000000, 0x00000006d1000000, 0x00000006d1400000|  0%| F|  |TAMS 0x00000006d1000000| PB 0x00000006d1000000| Untracked 
| 325|0x00000006d1400000, 0x00000006d1400000, 0x00000006d1800000|  0%| F|  |TAMS 0x00000006d1400000| PB 0x00000006d1400000| Untracked 
| 326|0x00000006d1800000, 0x00000006d1800000, 0x00000006d1c00000|  0%| F|  |TAMS 0x00000006d1800000| PB 0x00000006d1800000| Untracked 
| 327|0x00000006d1c00000, 0x00000006d1c00000, 0x00000006d2000000|  0%| F|  |TAMS 0x00000006d1c00000| PB 0x00000006d1c00000| Untracked 
| 328|0x00000006d2000000, 0x00000006d2000000, 0x00000006d2400000|  0%| F|  |TAMS 0x00000006d2000000| PB 0x00000006d2000000| Untracked 
| 329|0x00000006d2400000, 0x00000006d2400000, 0x00000006d2800000|  0%| F|  |TAMS 0x00000006d2400000| PB 0x00000006d2400000| Untracked 
| 330|0x00000006d2800000, 0x00000006d2800000, 0x00000006d2c00000|  0%| F|  |TAMS 0x00000006d2800000| PB 0x00000006d2800000| Untracked 
| 331|0x00000006d2c00000, 0x00000006d2c00000, 0x00000006d3000000|  0%| F|  |TAMS 0x00000006d2c00000| PB 0x00000006d2c00000| Untracked 
| 332|0x00000006d3000000, 0x00000006d3000000, 0x00000006d3400000|  0%| F|  |TAMS 0x00000006d3000000| PB 0x00000006d3000000| Untracked 
| 333|0x00000006d3400000, 0x00000006d3400000, 0x00000006d3800000|  0%| F|  |TAMS 0x00000006d3400000| PB 0x00000006d3400000| Untracked 
| 334|0x00000006d3800000, 0x00000006d3800000, 0x00000006d3c00000|  0%| F|  |TAMS 0x00000006d3800000| PB 0x00000006d3800000| Untracked 
| 335|0x00000006d3c00000, 0x00000006d3c00000, 0x00000006d4000000|  0%| F|  |TAMS 0x00000006d3c00000| PB 0x00000006d3c00000| Untracked 
| 336|0x00000006d4000000, 0x00000006d4000000, 0x00000006d4400000|  0%| F|  |TAMS 0x00000006d4000000| PB 0x00000006d4000000| Untracked 
| 337|0x00000006d4400000, 0x00000006d4400000, 0x00000006d4800000|  0%| F|  |TAMS 0x00000006d4400000| PB 0x00000006d4400000| Untracked 
| 338|0x00000006d4800000, 0x00000006d4800000, 0x00000006d4c00000|  0%| F|  |TAMS 0x00000006d4800000| PB 0x00000006d4800000| Untracked 
| 339|0x00000006d4c00000, 0x00000006d4c00000, 0x00000006d5000000|  0%| F|  |TAMS 0x00000006d4c00000| PB 0x00000006d4c00000| Untracked 
| 340|0x00000006d5000000, 0x00000006d5000000, 0x00000006d5400000|  0%| F|  |TAMS 0x00000006d5000000| PB 0x00000006d5000000| Untracked 
| 341|0x00000006d5400000, 0x00000006d5400000, 0x00000006d5800000|  0%| F|  |TAMS 0x00000006d5400000| PB 0x00000006d5400000| Untracked 
| 342|0x00000006d5800000, 0x00000006d5800000, 0x00000006d5c00000|  0%| F|  |TAMS 0x00000006d5800000| PB 0x00000006d5800000| Untracked 
| 343|0x00000006d5c00000, 0x00000006d5c00000, 0x00000006d6000000|  0%| F|  |TAMS 0x00000006d5c00000| PB 0x00000006d5c00000| Untracked 
| 344|0x00000006d6000000, 0x00000006d6000000, 0x00000006d6400000|  0%| F|  |TAMS 0x00000006d6000000| PB 0x00000006d6000000| Untracked 
| 345|0x00000006d6400000, 0x00000006d6400000, 0x00000006d6800000|  0%| F|  |TAMS 0x00000006d6400000| PB 0x00000006d6400000| Untracked 
| 346|0x00000006d6800000, 0x00000006d6800000, 0x00000006d6c00000|  0%| F|  |TAMS 0x00000006d6800000| PB 0x00000006d6800000| Untracked 
| 347|0x00000006d6c00000, 0x00000006d6c00000, 0x00000006d7000000|  0%| F|  |TAMS 0x00000006d6c00000| PB 0x00000006d6c00000| Untracked 
| 348|0x00000006d7000000, 0x00000006d7000000, 0x00000006d7400000|  0%| F|  |TAMS 0x00000006d7000000| PB 0x00000006d7000000| Untracked 
| 349|0x00000006d7400000, 0x00000006d7400000, 0x00000006d7800000|  0%| F|  |TAMS 0x00000006d7400000| PB 0x00000006d7400000| Untracked 
| 350|0x00000006d7800000, 0x00000006d7800000, 0x00000006d7c00000|  0%| F|  |TAMS 0x00000006d7800000| PB 0x00000006d7800000| Untracked 
| 351|0x00000006d7c00000, 0x00000006d7c00000, 0x00000006d8000000|  0%| F|  |TAMS 0x00000006d7c00000| PB 0x00000006d7c00000| Untracked 
| 352|0x00000006d8000000, 0x00000006d8000000, 0x00000006d8400000|  0%| F|  |TAMS 0x00000006d8000000| PB 0x00000006d8000000| Untracked 
| 353|0x00000006d8400000, 0x00000006d8400000, 0x00000006d8800000|  0%| F|  |TAMS 0x00000006d8400000| PB 0x00000006d8400000| Untracked 
| 354|0x00000006d8800000, 0x00000006d8800000, 0x00000006d8c00000|  0%| F|  |TAMS 0x00000006d8800000| PB 0x00000006d8800000| Untracked 
| 355|0x00000006d8c00000, 0x00000006d8c00000, 0x00000006d9000000|  0%| F|  |TAMS 0x00000006d8c00000| PB 0x00000006d8c00000| Untracked 
| 356|0x00000006d9000000, 0x00000006d9000000, 0x00000006d9400000|  0%| F|  |TAMS 0x00000006d9000000| PB 0x00000006d9000000| Untracked 
| 357|0x00000006d9400000, 0x00000006d9400000, 0x00000006d9800000|  0%| F|  |TAMS 0x00000006d9400000| PB 0x00000006d9400000| Untracked 
| 358|0x00000006d9800000, 0x00000006d9800000, 0x00000006d9c00000|  0%| F|  |TAMS 0x00000006d9800000| PB 0x00000006d9800000| Untracked 
| 359|0x00000006d9c00000, 0x00000006d9c00000, 0x00000006da000000|  0%| F|  |TAMS 0x00000006d9c00000| PB 0x00000006d9c00000| Untracked 
| 360|0x00000006da000000, 0x00000006da000000, 0x00000006da400000|  0%| F|  |TAMS 0x00000006da000000| PB 0x00000006da000000| Untracked 
| 361|0x00000006da400000, 0x00000006da400000, 0x00000006da800000|  0%| F|  |TAMS 0x00000006da400000| PB 0x00000006da400000| Untracked 
| 362|0x00000006da800000, 0x00000006da800000, 0x00000006dac00000|  0%| F|  |TAMS 0x00000006da800000| PB 0x00000006da800000| Untracked 
| 363|0x00000006dac00000, 0x00000006dac00000, 0x00000006db000000|  0%| F|  |TAMS 0x00000006dac00000| PB 0x00000006dac00000| Untracked 
| 364|0x00000006db000000, 0x00000006db000000, 0x00000006db400000|  0%| F|  |TAMS 0x00000006db000000| PB 0x00000006db000000| Untracked 
| 365|0x00000006db400000, 0x00000006db400000, 0x00000006db800000|  0%| F|  |TAMS 0x00000006db400000| PB 0x00000006db400000| Untracked 
| 366|0x00000006db800000, 0x00000006db800000, 0x00000006dbc00000|  0%| F|  |TAMS 0x00000006db800000| PB 0x00000006db800000| Untracked 
| 367|0x00000006dbc00000, 0x00000006dbc00000, 0x00000006dc000000|  0%| F|  |TAMS 0x00000006dbc00000| PB 0x00000006dbc00000| Untracked 
| 368|0x00000006dc000000, 0x00000006dc000000, 0x00000006dc400000|  0%| F|  |TAMS 0x00000006dc000000| PB 0x00000006dc000000| Untracked 
| 369|0x00000006dc400000, 0x00000006dc400000, 0x00000006dc800000|  0%| F|  |TAMS 0x00000006dc400000| PB 0x00000006dc400000| Untracked 
| 370|0x00000006dc800000, 0x00000006dc800000, 0x00000006dcc00000|  0%| F|  |TAMS 0x00000006dc800000| PB 0x00000006dc800000| Untracked 
| 371|0x00000006dcc00000, 0x00000006dcc00000, 0x00000006dd000000|  0%| F|  |TAMS 0x00000006dcc00000| PB 0x00000006dcc00000| Untracked 
| 372|0x00000006dd000000, 0x00000006dd000000, 0x00000006dd400000|  0%| F|  |TAMS 0x00000006dd000000| PB 0x00000006dd000000| Untracked 
| 373|0x00000006dd400000, 0x00000006dd400000, 0x00000006dd800000|  0%| F|  |TAMS 0x00000006dd400000| PB 0x00000006dd400000| Untracked 
| 374|0x00000006dd800000, 0x00000006dd800000, 0x00000006ddc00000|  0%| F|  |TAMS 0x00000006dd800000| PB 0x00000006dd800000| Untracked 
| 375|0x00000006ddc00000, 0x00000006ddc00000, 0x00000006de000000|  0%| F|  |TAMS 0x00000006ddc00000| PB 0x00000006ddc00000| Untracked 
| 376|0x00000006de000000, 0x00000006de000000, 0x00000006de400000|  0%| F|  |TAMS 0x00000006de000000| PB 0x00000006de000000| Untracked 
| 377|0x00000006de400000, 0x00000006de400000, 0x00000006de800000|  0%| F|  |TAMS 0x00000006de400000| PB 0x00000006de400000| Untracked 
| 378|0x00000006de800000, 0x00000006de800000, 0x00000006dec00000|  0%| F|  |TAMS 0x00000006de800000| PB 0x00000006de800000| Untracked 
| 379|0x00000006dec00000, 0x00000006dec00000, 0x00000006df000000|  0%| F|  |TAMS 0x00000006dec00000| PB 0x00000006dec00000| Untracked 
| 380|0x00000006df000000, 0x00000006df000000, 0x00000006df400000|  0%| F|  |TAMS 0x00000006df000000| PB 0x00000006df000000| Untracked 
| 381|0x00000006df400000, 0x00000006df400000, 0x00000006df800000|  0%| F|  |TAMS 0x00000006df400000| PB 0x00000006df400000| Untracked 
| 382|0x00000006df800000, 0x00000006df800000, 0x00000006dfc00000|  0%| F|  |TAMS 0x00000006df800000| PB 0x00000006df800000| Untracked 
| 383|0x00000006dfc00000, 0x00000006dfc00000, 0x00000006e0000000|  0%| F|  |TAMS 0x00000006dfc00000| PB 0x00000006dfc00000| Untracked 
| 384|0x00000006e0000000, 0x00000006e0000000, 0x00000006e0400000|  0%| F|  |TAMS 0x00000006e0000000| PB 0x00000006e0000000| Untracked 
| 385|0x00000006e0400000, 0x00000006e0400000, 0x00000006e0800000|  0%| F|  |TAMS 0x00000006e0400000| PB 0x00000006e0400000| Untracked 
| 386|0x00000006e0800000, 0x00000006e0800000, 0x00000006e0c00000|  0%| F|  |TAMS 0x00000006e0800000| PB 0x00000006e0800000| Untracked 
| 387|0x00000006e0c00000, 0x00000006e0c00000, 0x00000006e1000000|  0%| F|  |TAMS 0x00000006e0c00000| PB 0x00000006e0c00000| Untracked 
| 388|0x00000006e1000000, 0x00000006e1000000, 0x00000006e1400000|  0%| F|  |TAMS 0x00000006e1000000| PB 0x00000006e1000000| Untracked 
| 389|0x00000006e1400000, 0x00000006e1400000, 0x00000006e1800000|  0%| F|  |TAMS 0x00000006e1400000| PB 0x00000006e1400000| Untracked 
| 390|0x00000006e1800000, 0x00000006e1800000, 0x00000006e1c00000|  0%| F|  |TAMS 0x00000006e1800000| PB 0x00000006e1800000| Untracked 
| 391|0x00000006e1c00000, 0x00000006e1c00000, 0x00000006e2000000|  0%| F|  |TAMS 0x00000006e1c00000| PB 0x00000006e1c00000| Untracked 
| 392|0x00000006e2000000, 0x00000006e2000000, 0x00000006e2400000|  0%| F|  |TAMS 0x00000006e2000000| PB 0x00000006e2000000| Untracked 
| 393|0x00000006e2400000, 0x00000006e2400000, 0x00000006e2800000|  0%| F|  |TAMS 0x00000006e2400000| PB 0x00000006e2400000| Untracked 
| 394|0x00000006e2800000, 0x00000006e2800000, 0x00000006e2c00000|  0%| F|  |TAMS 0x00000006e2800000| PB 0x00000006e2800000| Untracked 
| 395|0x00000006e2c00000, 0x00000006e2c00000, 0x00000006e3000000|  0%| F|  |TAMS 0x00000006e2c00000| PB 0x00000006e2c00000| Untracked 
| 396|0x00000006e3000000, 0x00000006e3000000, 0x00000006e3400000|  0%| F|  |TAMS 0x00000006e3000000| PB 0x00000006e3000000| Untracked 
| 397|0x00000006e3400000, 0x00000006e3400000, 0x00000006e3800000|  0%| F|  |TAMS 0x00000006e3400000| PB 0x00000006e3400000| Untracked 
| 398|0x00000006e3800000, 0x00000006e3800000, 0x00000006e3c00000|  0%| F|  |TAMS 0x00000006e3800000| PB 0x00000006e3800000| Untracked 
| 399|0x00000006e3c00000, 0x00000006e3c00000, 0x00000006e4000000|  0%| F|  |TAMS 0x00000006e3c00000| PB 0x00000006e3c00000| Untracked 
| 400|0x00000006e4000000, 0x00000006e4000000, 0x00000006e4400000|  0%| F|  |TAMS 0x00000006e4000000| PB 0x00000006e4000000| Untracked 
| 401|0x00000006e4400000, 0x00000006e4400000, 0x00000006e4800000|  0%| F|  |TAMS 0x00000006e4400000| PB 0x00000006e4400000| Untracked 
| 402|0x00000006e4800000, 0x00000006e4800000, 0x00000006e4c00000|  0%| F|  |TAMS 0x00000006e4800000| PB 0x00000006e4800000| Untracked 
| 403|0x00000006e4c00000, 0x00000006e4c00000, 0x00000006e5000000|  0%| F|  |TAMS 0x00000006e4c00000| PB 0x00000006e4c00000| Untracked 
| 404|0x00000006e5000000, 0x00000006e5000000, 0x00000006e5400000|  0%| F|  |TAMS 0x00000006e5000000| PB 0x00000006e5000000| Untracked 
| 405|0x00000006e5400000, 0x00000006e5400000, 0x00000006e5800000|  0%| F|  |TAMS 0x00000006e5400000| PB 0x00000006e5400000| Untracked 
| 406|0x00000006e5800000, 0x00000006e5800000, 0x00000006e5c00000|  0%| F|  |TAMS 0x00000006e5800000| PB 0x00000006e5800000| Untracked 
| 407|0x00000006e5c00000, 0x00000006e5c00000, 0x00000006e6000000|  0%| F|  |TAMS 0x00000006e5c00000| PB 0x00000006e5c00000| Untracked 
| 408|0x00000006e6000000, 0x00000006e6000000, 0x00000006e6400000|  0%| F|  |TAMS 0x00000006e6000000| PB 0x00000006e6000000| Untracked 
| 409|0x00000006e6400000, 0x00000006e6400000, 0x00000006e6800000|  0%| F|  |TAMS 0x00000006e6400000| PB 0x00000006e6400000| Untracked 
| 410|0x00000006e6800000, 0x00000006e6800000, 0x00000006e6c00000|  0%| F|  |TAMS 0x00000006e6800000| PB 0x00000006e6800000| Untracked 
| 411|0x00000006e6c00000, 0x00000006e6c00000, 0x00000006e7000000|  0%| F|  |TAMS 0x00000006e6c00000| PB 0x00000006e6c00000| Untracked 
| 412|0x00000006e7000000, 0x00000006e7000000, 0x00000006e7400000|  0%| F|  |TAMS 0x00000006e7000000| PB 0x00000006e7000000| Untracked 
| 413|0x00000006e7400000, 0x00000006e7400000, 0x00000006e7800000|  0%| F|  |TAMS 0x00000006e7400000| PB 0x00000006e7400000| Untracked 
| 414|0x00000006e7800000, 0x00000006e7800000, 0x00000006e7c00000|  0%| F|  |TAMS 0x00000006e7800000| PB 0x00000006e7800000| Untracked 
| 415|0x00000006e7c00000, 0x00000006e7c00000, 0x00000006e8000000|  0%| F|  |TAMS 0x00000006e7c00000| PB 0x00000006e7c00000| Untracked 
| 416|0x00000006e8000000, 0x00000006e8000000, 0x00000006e8400000|  0%| F|  |TAMS 0x00000006e8000000| PB 0x00000006e8000000| Untracked 
| 417|0x00000006e8400000, 0x00000006e8400000, 0x00000006e8800000|  0%| F|  |TAMS 0x00000006e8400000| PB 0x00000006e8400000| Untracked 
| 418|0x00000006e8800000, 0x00000006e8800000, 0x00000006e8c00000|  0%| F|  |TAMS 0x00000006e8800000| PB 0x00000006e8800000| Untracked 
| 419|0x00000006e8c00000, 0x00000006e8c00000, 0x00000006e9000000|  0%| F|  |TAMS 0x00000006e8c00000| PB 0x00000006e8c00000| Untracked 
| 420|0x00000006e9000000, 0x00000006e9000000, 0x00000006e9400000|  0%| F|  |TAMS 0x00000006e9000000| PB 0x00000006e9000000| Untracked 
| 421|0x00000006e9400000, 0x00000006e9400000, 0x00000006e9800000|  0%| F|  |TAMS 0x00000006e9400000| PB 0x00000006e9400000| Untracked 
| 422|0x00000006e9800000, 0x00000006e9800000, 0x00000006e9c00000|  0%| F|  |TAMS 0x00000006e9800000| PB 0x00000006e9800000| Untracked 
| 423|0x00000006e9c00000, 0x00000006e9c00000, 0x00000006ea000000|  0%| F|  |TAMS 0x00000006e9c00000| PB 0x00000006e9c00000| Untracked 
| 424|0x00000006ea000000, 0x00000006ea000000, 0x00000006ea400000|  0%| F|  |TAMS 0x00000006ea000000| PB 0x00000006ea000000| Untracked 
| 425|0x00000006ea400000, 0x00000006ea400000, 0x00000006ea800000|  0%| F|  |TAMS 0x00000006ea400000| PB 0x00000006ea400000| Untracked 
| 426|0x00000006ea800000, 0x00000006ea800000, 0x00000006eac00000|  0%| F|  |TAMS 0x00000006ea800000| PB 0x00000006ea800000| Untracked 
| 427|0x00000006eac00000, 0x00000006eac00000, 0x00000006eb000000|  0%| F|  |TAMS 0x00000006eac00000| PB 0x00000006eac00000| Untracked 
| 428|0x00000006eb000000, 0x00000006eb000000, 0x00000006eb400000|  0%| F|  |TAMS 0x00000006eb000000| PB 0x00000006eb000000| Untracked 
| 429|0x00000006eb400000, 0x00000006eb400000, 0x00000006eb800000|  0%| F|  |TAMS 0x00000006eb400000| PB 0x00000006eb400000| Untracked 
| 430|0x00000006eb800000, 0x00000006eb800000, 0x00000006ebc00000|  0%| F|  |TAMS 0x00000006eb800000| PB 0x00000006eb800000| Untracked 
| 431|0x00000006ebc00000, 0x00000006ebc00000, 0x00000006ec000000|  0%| F|  |TAMS 0x00000006ebc00000| PB 0x00000006ebc00000| Untracked 
| 432|0x00000006ec000000, 0x00000006ec000000, 0x00000006ec400000|  0%| F|  |TAMS 0x00000006ec000000| PB 0x00000006ec000000| Untracked 
| 433|0x00000006ec400000, 0x00000006ec400000, 0x00000006ec800000|  0%| F|  |TAMS 0x00000006ec400000| PB 0x00000006ec400000| Untracked 
| 434|0x00000006ec800000, 0x00000006ec800000, 0x00000006ecc00000|  0%| F|  |TAMS 0x00000006ec800000| PB 0x00000006ec800000| Untracked 
| 435|0x00000006ecc00000, 0x00000006ecc00000, 0x00000006ed000000|  0%| F|  |TAMS 0x00000006ecc00000| PB 0x00000006ecc00000| Untracked 
| 436|0x00000006ed000000, 0x00000006ed000000, 0x00000006ed400000|  0%| F|  |TAMS 0x00000006ed000000| PB 0x00000006ed000000| Untracked 
| 437|0x00000006ed400000, 0x00000006ed400000, 0x00000006ed800000|  0%| F|  |TAMS 0x00000006ed400000| PB 0x00000006ed400000| Untracked 
| 438|0x00000006ed800000, 0x00000006ed800000, 0x00000006edc00000|  0%| F|  |TAMS 0x00000006ed800000| PB 0x00000006ed800000| Untracked 
| 439|0x00000006edc00000, 0x00000006edc00000, 0x00000006ee000000|  0%| F|  |TAMS 0x00000006edc00000| PB 0x00000006edc00000| Untracked 
| 440|0x00000006ee000000, 0x00000006ee000000, 0x00000006ee400000|  0%| F|  |TAMS 0x00000006ee000000| PB 0x00000006ee000000| Untracked 
| 441|0x00000006ee400000, 0x00000006ee400000, 0x00000006ee800000|  0%| F|  |TAMS 0x00000006ee400000| PB 0x00000006ee400000| Untracked 
| 442|0x00000006ee800000, 0x00000006ee800000, 0x00000006eec00000|  0%| F|  |TAMS 0x00000006ee800000| PB 0x00000006ee800000| Untracked 
| 443|0x00000006eec00000, 0x00000006eec00000, 0x00000006ef000000|  0%| F|  |TAMS 0x00000006eec00000| PB 0x00000006eec00000| Untracked 
| 444|0x00000006ef000000, 0x00000006ef000000, 0x00000006ef400000|  0%| F|  |TAMS 0x00000006ef000000| PB 0x00000006ef000000| Untracked 
| 445|0x00000006ef400000, 0x00000006ef400000, 0x00000006ef800000|  0%| F|  |TAMS 0x00000006ef400000| PB 0x00000006ef400000| Untracked 
| 446|0x00000006ef800000, 0x00000006ef800000, 0x00000006efc00000|  0%| F|  |TAMS 0x00000006ef800000| PB 0x00000006ef800000| Untracked 
| 447|0x00000006efc00000, 0x00000006efc00000, 0x00000006f0000000|  0%| F|  |TAMS 0x00000006efc00000| PB 0x00000006efc00000| Untracked 
| 448|0x00000006f0000000, 0x00000006f0000000, 0x00000006f0400000|  0%| F|  |TAMS 0x00000006f0000000| PB 0x00000006f0000000| Untracked 
| 449|0x00000006f0400000, 0x00000006f0400000, 0x00000006f0800000|  0%| F|  |TAMS 0x00000006f0400000| PB 0x00000006f0400000| Untracked 
| 450|0x00000006f0800000, 0x00000006f0800000, 0x00000006f0c00000|  0%| F|  |TAMS 0x00000006f0800000| PB 0x00000006f0800000| Untracked 
| 451|0x00000006f0c00000, 0x00000006f0c00000, 0x00000006f1000000|  0%| F|  |TAMS 0x00000006f0c00000| PB 0x00000006f0c00000| Untracked 
| 452|0x00000006f1000000, 0x00000006f1000000, 0x00000006f1400000|  0%| F|  |TAMS 0x00000006f1000000| PB 0x00000006f1000000| Untracked 
| 453|0x00000006f1400000, 0x00000006f1400000, 0x00000006f1800000|  0%| F|  |TAMS 0x00000006f1400000| PB 0x00000006f1400000| Untracked 
| 454|0x00000006f1800000, 0x00000006f1800000, 0x00000006f1c00000|  0%| F|  |TAMS 0x00000006f1800000| PB 0x00000006f1800000| Untracked 
| 455|0x00000006f1c00000, 0x00000006f1c00000, 0x00000006f2000000|  0%| F|  |TAMS 0x00000006f1c00000| PB 0x00000006f1c00000| Untracked 
| 456|0x00000006f2000000, 0x00000006f2000000, 0x00000006f2400000|  0%| F|  |TAMS 0x00000006f2000000| PB 0x00000006f2000000| Untracked 
| 457|0x00000006f2400000, 0x00000006f2400000, 0x00000006f2800000|  0%| F|  |TAMS 0x00000006f2400000| PB 0x00000006f2400000| Untracked 
| 458|0x00000006f2800000, 0x00000006f2800000, 0x00000006f2c00000|  0%| F|  |TAMS 0x00000006f2800000| PB 0x00000006f2800000| Untracked 
| 459|0x00000006f2c00000, 0x00000006f2c00000, 0x00000006f3000000|  0%| F|  |TAMS 0x00000006f2c00000| PB 0x00000006f2c00000| Untracked 
| 460|0x00000006f3000000, 0x00000006f3301ac8, 0x00000006f3400000| 75%| E|  |TAMS 0x00000006f3000000| PB 0x00000006f3000000| Complete 
| 461|0x00000006f3400000, 0x00000006f3800000, 0x00000006f3800000|100%| E|CS|TAMS 0x00000006f3400000| PB 0x00000006f3400000| Complete 
| 462|0x00000006f3800000, 0x00000006f3c00000, 0x00000006f3c00000|100%| E|CS|TAMS 0x00000006f3800000| PB 0x00000006f3800000| Complete 
| 463|0x00000006f3c00000, 0x00000006f4000000, 0x00000006f4000000|100%| E|CS|TAMS 0x00000006f3c00000| PB 0x00000006f3c00000| Complete 
| 464|0x00000006f4000000, 0x00000006f4400000, 0x00000006f4400000|100%| E|CS|TAMS 0x00000006f4000000| PB 0x00000006f4000000| Complete 
| 465|0x00000006f4400000, 0x00000006f4800000, 0x00000006f4800000|100%| E|CS|TAMS 0x00000006f4400000| PB 0x00000006f4400000| Complete 
| 466|0x00000006f4800000, 0x00000006f4c00000, 0x00000006f4c00000|100%| E|CS|TAMS 0x00000006f4800000| PB 0x00000006f4800000| Complete 

Card table byte_map: [0x00000245f5700000,0x00000245f6300000] _byte_map_base: 0x00000245f2300000

Marking Bits: (CMBitMap*) 0x00000245dc9ea840
 Bits: [0x00000245f6300000, 0x00000245fc300000)

Polling page: 0x00000245d27c0000

Metaspace:

Usage:
  Non-class:     92.35 MB used.
      Class:     14.91 MB used.
       Both:    107.25 MB used.

Virtual space:
  Non-class space:      128.00 MB reserved,      92.81 MB ( 73%) committed,  2 nodes.
      Class space:        1.00 GB reserved,      15.31 MB (  1%) committed,  1 nodes.
             Both:        1.12 GB reserved,     108.12 MB (  9%) committed. 

Chunk freelists:
   Non-Class:  3.36 MB
       Class:  635.00 KB
        Both:  3.98 MB

MaxMetaspaceSize: unlimited
CompressedClassSpaceSize: 1.00 GB
Initial GC threshold: 21.00 MB
Current GC threshold: 180.12 MB
CDS: on
 - commit_granule_bytes: 65536.
 - commit_granule_words: 8192.
 - virtual_space_node_default_size: 8388608.
 - enlarge_chunks_in_place: 1.
 - use_allocation_guard: 0.


Internal statistics:

num_allocs_failed_limit: 6.
num_arena_births: 1206.
num_arena_deaths: 186.
num_vsnodes_births: 3.
num_vsnodes_deaths: 0.
num_space_committed: 1722.
num_space_uncommitted: 0.
num_chunks_returned_to_freelist: 234.
num_chunks_taken_from_freelist: 4410.
num_chunk_merges: 64.
num_chunk_splits: 3226.
num_chunks_enlarged: 2401.
num_inconsistent_stats: 0.

CodeHeap 'non-profiled nmethods': size=119168Kb used=29108Kb max_used=29108Kb free=90059Kb
 bounds [0x00000245ed6a0000, 0x00000245ef310000, 0x00000245f4b00000]
CodeHeap 'profiled nmethods': size=119104Kb used=26238Kb max_used=32806Kb free=92865Kb
 bounds [0x00000245e5b00000, 0x00000245e7b20000, 0x00000245ecf50000]
CodeHeap 'non-nmethods': size=7488Kb used=2407Kb max_used=4235Kb free=5080Kb
 bounds [0x00000245ecf50000, 0x00000245ed430000, 0x00000245ed6a0000]
 total_blobs=15518 nmethods=14216 adapters=1199
 compilation: enabled
              stopped_count=0, restarted_count=0
 full_count=0

Compilation events (20 events):
Event: 6212.607 Thread 0x00000245dcc3ddb0 93445       3       ui.views.T.i::gvj (11 bytes)
Event: 6212.607 Thread 0x00000245dcc3ddb0 nmethod 93445 0x00000245e71d1e10 code [0x00000245e71d1fc0, 0x00000245e71d21b0]
Event: 6212.607 Thread 0x00000245dcc3ddb0 93446       3       ui.views.T.f::gvj (8 bytes)
Event: 6212.607 Thread 0x00000245dcc3ddb0 nmethod 93446 0x00000245e71d1990 code [0x00000245e71d1b40, 0x00000245e71d1d20]
Event: 6212.843 Thread 0x00000245dcc2d700 93450       4       java.io.WinNTFileSystem::isLetter (30 bytes)
Event: 6212.843 Thread 0x00000245dcc3ddb0 93452       3       java.nio.HeapByteBuffer::compact (85 bytes)
Event: 6212.843 Thread 0x00000245dcc2d700 nmethod 93450 0x00000245ef30c090 code [0x00000245ef30c220, 0x00000245ef30c2f8]
Event: 6212.843 Thread 0x00000245dcc2d700 93451       4       java.lang.ThreadLocal::getCarrierThreadLocal (29 bytes)
Event: 6212.843 Thread 0x00000245dcc3ddb0 nmethod 93452 0x00000245e71d0f90 code [0x00000245e71d11a0, 0x00000245e71d17a0]
Event: 6212.844 Thread 0x00000245dcc3ddb0 93454       1       com.jidesoft.marker.MarkerArea::getMode (5 bytes)
Event: 6212.844 Thread 0x00000245dcc3ddb0 nmethod 93454 0x00000245ef30c390 code [0x00000245ef30c520, 0x00000245ef30c5f0]
Event: 6212.845 Thread 0x00000245dcc2d700 nmethod 93451 0x00000245ef30c690 code [0x00000245ef30c840, 0x00000245ef30c9e0]
Event: 6212.845 Thread 0x00000245dcc2d700 93453       4       java.nio.Buffer::discardMark (6 bytes)
Event: 6212.845 Thread 0x00000245dcc2d700 nmethod 93453 0x00000245ef30cb90 code [0x00000245ef30cd20, 0x00000245ef30cdb0]
Event: 6212.853 Thread 0x00000245dcc3ddb0 93455  s    3       com.jidesoft.editor.folding.DefaultFoldingModel::removeFoldingSpan (58 bytes)
Event: 6212.854 Thread 0x00000245dcc3ddb0 nmethod 93455 0x00000245e71d0190 code [0x00000245e71d03a0, 0x00000245e71d0c90]
Event: 6213.348 Thread 0x00000245dcc3ddb0 93456       3       ui.views.S.b.e$f::toString (51 bytes)
Event: 6213.348 Thread 0x00000245dcc3ddb0 nmethod 93456 0x00000245e71cfc10 code [0x00000245e71cfde0, 0x00000245e71d0050]
Event: 6213.375 Thread 0x00000245dcc2d700 93457       4       java.io.OutputStream::<init> (5 bytes)
Event: 6213.376 Thread 0x00000245dcc2d700 nmethod 93457 0x00000245ef30ce90 code [0x00000245ef30d020, 0x00000245ef30d0a8]

GC Heap History (20 events):
Event: 6018.817 GC heap before
{Heap before GC invocations=851 (full 504):
 garbage-first heap   total 831488K, used 228927K [0x0000000680000000, 0x0000000800000000)
  region size 4096K, 15 young (61440K), 0 survivors (0K)
 Metaspace       used 109992K, committed 110720K, reserved 1179648K
  class space    used 15312K, committed 15680K, reserved 1048576K
}
Event: 6018.898 GC heap after
{Heap after GC invocations=852 (full 505):
 garbage-first heap   total 831488K, used 163580K [0x0000000680000000, 0x0000000800000000)
  region size 4096K, 0 young (0K), 0 survivors (0K)
 Metaspace       used 109992K, committed 110720K, reserved 1179648K
  class space    used 15312K, committed 15680K, reserved 1048576K
}
Event: 6056.193 GC heap before
{Heap before GC invocations=852 (full 505):
 garbage-first heap   total 831488K, used 208636K [0x0000000680000000, 0x0000000800000000)
  region size 4096K, 12 young (49152K), 0 survivors (0K)
 Metaspace       used 109993K, committed 110720K, reserved 1179648K
  class space    used 15312K, committed 15680K, reserved 1048576K
}
Event: 6056.195 GC heap after
{Heap after GC invocations=853 (full 505):
 garbage-first heap   total 831488K, used 163894K [0x0000000680000000, 0x0000000800000000)
  region size 4096K, 1 young (4096K), 1 survivors (4096K)
 Metaspace       used 109993K, committed 110720K, reserved 1179648K
  class space    used 15312K, committed 15680K, reserved 1048576K
}
Event: 6056.195 GC heap before
{Heap before GC invocations=853 (full 505):
 garbage-first heap   total 831488K, used 163894K [0x0000000680000000, 0x0000000800000000)
  region size 4096K, 1 young (4096K), 1 survivors (4096K)
 Metaspace       used 109993K, committed 110720K, reserved 1179648K
  class space    used 15312K, committed 15680K, reserved 1048576K
}
Event: 6056.284 GC heap after
{Heap after GC invocations=854 (full 506):
 garbage-first heap   total 831488K, used 145891K [0x0000000680000000, 0x0000000800000000)
  region size 4096K, 0 young (0K), 0 survivors (0K)
 Metaspace       used 109839K, committed 110720K, reserved 1179648K
  class space    used 15271K, committed 15680K, reserved 1048576K
}
Event: 6058.897 GC heap before
{Heap before GC invocations=854 (full 506):
 garbage-first heap   total 831488K, used 195043K [0x0000000680000000, 0x0000000800000000)
  region size 4096K, 13 young (53248K), 0 survivors (0K)
 Metaspace       used 109840K, committed 110720K, reserved 1179648K
  class space    used 15271K, committed 15680K, reserved 1048576K
}
Event: 6058.968 GC heap after
{Heap after GC invocations=855 (full 507):
 garbage-first heap   total 831488K, used 145183K [0x0000000680000000, 0x0000000800000000)
  region size 4096K, 0 young (0K), 0 survivors (0K)
 Metaspace       used 109840K, committed 110720K, reserved 1179648K
  class space    used 15271K, committed 15680K, reserved 1048576K
}
Event: 6096.819 GC heap before
{Heap before GC invocations=855 (full 507):
 garbage-first heap   total 831488K, used 227103K [0x0000000680000000, 0x0000000800000000)
  region size 4096K, 20 young (81920K), 0 survivors (0K)
 Metaspace       used 109845K, committed 110720K, reserved 1179648K
  class space    used 15271K, committed 15680K, reserved 1048576K
}
Event: 6096.827 GC heap after
{Heap after GC invocations=856 (full 507):
 garbage-first heap   total 831488K, used 145444K [0x0000000680000000, 0x0000000800000000)
  region size 4096K, 1 young (4096K), 1 survivors (4096K)
 Metaspace       used 109845K, committed 110720K, reserved 1179648K
  class space    used 15271K, committed 15680K, reserved 1048576K
}
Event: 6098.966 GC heap before
{Heap before GC invocations=856 (full 507):
 garbage-first heap   total 831488K, used 145444K [0x0000000680000000, 0x0000000800000000)
  region size 4096K, 2 young (8192K), 1 survivors (4096K)
 Metaspace       used 109845K, committed 110720K, reserved 1179648K
  class space    used 15271K, committed 15680K, reserved 1048576K
}
Event: 6099.092 GC heap after
{Heap after GC invocations=857 (full 508):
 garbage-first heap   total 831488K, used 145094K [0x0000000680000000, 0x0000000800000000)
  region size 4096K, 0 young (0K), 0 survivors (0K)
 Metaspace       used 109826K, committed 110720K, reserved 1179648K
  class space    used 15266K, committed 15680K, reserved 1048576K
}
Event: 6139.041 GC heap before
{Heap before GC invocations=857 (full 508):
 garbage-first heap   total 831488K, used 194246K [0x0000000680000000, 0x0000000800000000)
  region size 4096K, 13 young (53248K), 0 survivors (0K)
 Metaspace       used 109826K, committed 110720K, reserved 1179648K
  class space    used 15266K, committed 15680K, reserved 1048576K
}
Event: 6139.208 GC heap after
{Heap after GC invocations=858 (full 509):
 garbage-first heap   total 831488K, used 145202K [0x0000000680000000, 0x0000000800000000)
  region size 4096K, 0 young (0K), 0 survivors (0K)
 Metaspace       used 109826K, committed 110720K, reserved 1179648K
  class space    used 15266K, committed 15680K, reserved 1048576K
}
Event: 6174.776 GC heap before
{Heap before GC invocations=858 (full 509):
 garbage-first heap   total 831488K, used 227122K [0x0000000680000000, 0x0000000800000000)
  region size 4096K, 20 young (81920K), 0 survivors (0K)
 Metaspace       used 109826K, committed 110720K, reserved 1179648K
  class space    used 15266K, committed 15680K, reserved 1048576K
}
Event: 6174.780 GC heap after
{Heap after GC invocations=859 (full 509):
 garbage-first heap   total 831488K, used 145474K [0x0000000680000000, 0x0000000800000000)
  region size 4096K, 1 young (4096K), 1 survivors (4096K)
 Metaspace       used 109826K, committed 110720K, reserved 1179648K
  class space    used 15266K, committed 15680K, reserved 1048576K
}
Event: 6179.136 GC heap before
{Heap before GC invocations=859 (full 509):
 garbage-first heap   total 831488K, used 149570K [0x0000000680000000, 0x0000000800000000)
  region size 4096K, 3 young (12288K), 1 survivors (4096K)
 Metaspace       used 109826K, committed 110720K, reserved 1179648K
  class space    used 15266K, committed 15680K, reserved 1048576K
}
Event: 6179.268 GC heap after
{Heap after GC invocations=860 (full 510):
 garbage-first heap   total 831488K, used 145113K [0x0000000680000000, 0x0000000800000000)
  region size 4096K, 0 young (0K), 0 survivors (0K)
 Metaspace       used 109826K, committed 110720K, reserved 1179648K
  class space    used 15266K, committed 15680K, reserved 1048576K
}
Event: 6212.519 GC heap before
{Heap before GC invocations=860 (full 510):
 garbage-first heap   total 831488K, used 227033K [0x0000000680000000, 0x0000000800000000)
  region size 4096K, 20 young (81920K), 0 survivors (0K)
 Metaspace       used 109828K, committed 110720K, reserved 1179648K
  class space    used 15266K, committed 15680K, reserved 1048576K
}
Event: 6212.523 GC heap after
{Heap after GC invocations=861 (full 510):
 garbage-first heap   total 1912832K, used 146192K [0x0000000680000000, 0x0000000800000000)
  region size 4096K, 1 young (4096K), 1 survivors (4096K)
 Metaspace       used 109828K, committed 110720K, reserved 1179648K
  class space    used 15266K, committed 15680K, reserved 1048576K
}

Dll operation events (20 events):
Event: 0.460 Loaded shared library C:\AMDDesignTools\2025.2\Vivado\lib\win64.o\xv_ipservicestasks.dll
Event: 0.461 Loaded shared library C:\AMDDesignTools\2025.2\Vivado\lib\win64.o\xv_vivadotasks.dll
Event: 0.462 Loaded shared library C:\AMDDesignTools\2025.2\Vivado\lib\win64.o\xv_board.dll
Event: 0.463 Loaded shared library C:\AMDDesignTools\2025.2\Vivado\lib\win64.o\xv_boarddep.dll
Event: 0.464 Loaded shared library C:\AMDDesignTools\2025.2\Vivado\lib\win64.o\xv_boardcommontasks.dll
Event: 0.465 Loaded shared library C:\AMDDesignTools\2025.2\Vivado\lib\win64.o\xv_ptgen.dll
Event: 0.465 Loaded shared library C:\AMDDesignTools\2025.2\Vivado\lib\win64.o\xv_ip.dll
Event: 0.466 Loaded shared library C:\AMDDesignTools\2025.2\Vivado\lib\win64.o\xv_mig.dll
Event: 0.467 Loaded shared library C:\AMDDesignTools\2025.2\Vivado\lib\win64.o\xv_implflow.dll
Event: 0.468 Loaded shared library C:\AMDDesignTools\2025.2\Vivado\lib\win64.o\xv_xhubtasks.dll
Event: 0.470 Loaded shared library C:\AMDDesignTools\2025.2\Vivado\lib\win64.o\xv_iptasks.dll
Event: 0.471 Loaded shared library C:\AMDDesignTools\2025.2\Vivado\lib\win64.o\xv_synth.dll
Event: 0.472 Loaded shared library C:\AMDDesignTools\2025.2\Vivado\lib\win64.o\xv_blockmodel.dll
Event: 1.229 Loaded shared library C:\AMDDesignTools\2025.2\Vivado\tps\win64\jre21.0.5_11\bin\verify.dll
Event: 1.280 Loaded shared library C:\AMDDesignTools\2025.2\Vivado\tps\win64\jre21.0.5_11\bin\freetype.dll
Event: 1.281 Loaded shared library C:\AMDDesignTools\2025.2\Vivado\tps\win64\jre21.0.5_11\bin\fontmanager.dll
Event: 6.767 Loaded shared library C:\AMDDesignTools\2025.2\Vivado\lib\win64.o\xv_xhub.dll
Event: 8.773 Loaded shared library C:\AMDDesignTools\2025.2\Vivado\tps\win64\jre21.0.5_11\bin\management.dll
Event: 8.775 Loaded shared library C:\AMDDesignTools\2025.2\Vivado\tps\win64\jre21.0.5_11\bin\management_ext.dll
Event: 4507.145 Loaded shared library C:\AMDDesignTools\2025.2\Vivado\lib\win64.o\nlview.dll

Deoptimization events (20 events):
Event: 6165.766 Thread 0x00000245febc2b50 Uncommon trap: trap_request=0xffffffc6 fr.pc=0x00000245ed75fb40 relative=0x0000000000000300
Event: 6165.766 Thread 0x00000245febc2b50 Uncommon trap: reason=bimorphic_or_optimized_type_check action=maybe_recompile pc=0x00000245ed75fb40 method=sun.java2d.SunGraphics2D.drawRect(IIII)V @ 10 c2
Event: 6165.766 Thread 0x00000245febc2b50 DEOPT PACKING pc=0x00000245ed75fb40 sp=0x000000881d0fe910
Event: 6165.766 Thread 0x00000245febc2b50 DEOPT UNPACKING pc=0x00000245ecfa46a2 sp=0x000000881d0fe898 mode 2
Event: 6212.488 Thread 0x00000245febc2b50 Uncommon trap: trap_request=0xffffffbe fr.pc=0x00000245ef28a69c relative=0x00000000000034dc
Event: 6212.488 Thread 0x00000245febc2b50 Uncommon trap: reason=profile_predicate action=maybe_recompile pc=0x00000245ef28a69c method=com.jidesoft.grid.FilterableTableModel.a(Ljava/util/List;)Ljava/util/List; @ 301 c2
Event: 6212.488 Thread 0x00000245febc2b50 DEOPT PACKING pc=0x00000245ef28a69c sp=0x000000881d0fe4d0
Event: 6212.488 Thread 0x00000245febc2b50 DEOPT UNPACKING pc=0x00000245ecfa46a2 sp=0x000000881d0fe498 mode 2
Event: 6212.488 Thread 0x00000245febc2b50 Uncommon trap: trap_request=0xffffff6e fr.pc=0x00000245ef28a764 relative=0x00000000000035a4
Event: 6212.488 Thread 0x00000245febc2b50 Uncommon trap: reason=loop_limit_check action=maybe_recompile pc=0x00000245ef28a764 method=com.jidesoft.grid.FilterableTableModel.a(Ljava/util/List;Ljava/util/List;Ljava/util/List;)V @ 17 c2
Event: 6212.488 Thread 0x00000245febc2b50 DEOPT PACKING pc=0x00000245ef28a764 sp=0x000000881d0fe240
Event: 6212.488 Thread 0x00000245febc2b50 DEOPT UNPACKING pc=0x00000245ecfa46a2 sp=0x000000881d0fe178 mode 2
Event: 6212.488 Thread 0x00000245febc2b50 Uncommon trap: trap_request=0xffffffbe fr.pc=0x00000245ef27f944 relative=0x0000000000000824
Event: 6212.488 Thread 0x00000245febc2b50 Uncommon trap: reason=profile_predicate action=maybe_recompile pc=0x00000245ef27f944 method=com.jidesoft.grid.FilterableTableModel.shouldNotBeFiltered(Lcom/jidesoft/grid/ValueProvider;Ljava/util/List;Lcom/jidesoft/filter/Filter;I)Ljava/util/List; @ 180 c2
Event: 6212.488 Thread 0x00000245febc2b50 DEOPT PACKING pc=0x00000245ef27f944 sp=0x000000881d0fe260
Event: 6212.488 Thread 0x00000245febc2b50 DEOPT UNPACKING pc=0x00000245ecfa46a2 sp=0x000000881d0fe220 mode 2
Event: 6212.488 Thread 0x00000245febc2b50 Uncommon trap: trap_request=0xffffffbe fr.pc=0x00000245ef27f944 relative=0x0000000000000824
Event: 6212.488 Thread 0x00000245febc2b50 Uncommon trap: reason=profile_predicate action=maybe_recompile pc=0x00000245ef27f944 method=com.jidesoft.grid.FilterableTableModel.shouldNotBeFiltered(Lcom/jidesoft/grid/ValueProvider;Ljava/util/List;Lcom/jidesoft/filter/Filter;I)Ljava/util/List; @ 180 c2
Event: 6212.488 Thread 0x00000245febc2b50 DEOPT PACKING pc=0x00000245ef27f944 sp=0x000000881d0fe260
Event: 6212.488 Thread 0x00000245febc2b50 DEOPT UNPACKING pc=0x00000245ecfa46a2 sp=0x000000881d0fe220 mode 2

Classes loaded (20 events):
Event: 4506.494 Loading class javax/swing/tree/FixedHeightLayoutCache$VisibleFHTreeStateNodeEnumeration
Event: 4506.494 Loading class javax/swing/tree/FixedHeightLayoutCache$VisibleFHTreeStateNodeEnumeration done
Event: 4507.082 Loading class java/awt/print/PrinterJob
Event: 4507.082 Loading class java/awt/print/PrinterJob done
Event: 4507.342 Loading class sun/font/DelegatingShape
Event: 4507.342 Loading class sun/font/DelegatingShape done
Event: 4763.231 Loading class javax/swing/JTree$DropLocation
Event: 4763.234 Loading class javax/swing/JTree$DropLocation done
Event: 5346.251 Loading class javax/swing/plaf/basic/BasicToolTipUI$PropertyChangeHandler
Event: 5346.253 Loading class javax/swing/plaf/basic/BasicToolTipUI$PropertyChangeHandler done
Event: 5606.133 Loading class javax/swing/PopupFactory$MediumWeightPopup
Event: 5606.137 Loading class javax/swing/PopupFactory$MediumWeightPopup done
Event: 5606.138 Loading class javax/swing/PopupFactory$MediumWeightPopup$MediumWeightComponent
Event: 5606.138 Loading class javax/swing/SwingHeavyWeight
Event: 5606.139 Loading class javax/swing/SwingHeavyWeight done
Event: 5606.139 Loading class javax/swing/PopupFactory$MediumWeightPopup$MediumWeightComponent done
Event: 5652.604 Loading class sun/util/locale/LocaleExtensions
Event: 5652.607 Loading class sun/util/locale/LocaleExtensions done
Event: 5862.649 Loading class java/awt/dnd/DragGestureEvent
Event: 5862.654 Loading class java/awt/dnd/DragGestureEvent done

Classes unloaded (20 events):
Event: 6056.227 Thread 0x00000245d4225c20 Unloading class 0x00000245812bec00 'java/lang/invoke/LambdaForm$BMH+0x00000245812bec00'
Event: 6056.227 Thread 0x00000245d4225c20 Unloading class 0x00000245812be400 'java/lang/invoke/LambdaForm$DMH+0x00000245812be400'
Event: 6056.227 Thread 0x00000245d4225c20 Unloading class 0x00000245812be000 'java/lang/invoke/LambdaForm$MH+0x00000245812be000'
Event: 6056.227 Thread 0x00000245d4225c20 Unloading class 0x00000245812bdc00 'java/lang/invoke/LambdaForm$BMH+0x00000245812bdc00'
Event: 6056.227 Thread 0x00000245d4225c20 Unloading class 0x00000245812bd800 'java/lang/invoke/LambdaForm$DMH+0x00000245812bd800'
Event: 6056.227 Thread 0x00000245d4225c20 Unloading class 0x00000245812bc800 'java/lang/invoke/LambdaForm$DMH+0x00000245812bc800'
Event: 6056.227 Thread 0x00000245d4225c20 Unloading class 0x00000245812b3000 'java/lang/invoke/LambdaForm$MH+0x00000245812b3000'
Event: 6056.227 Thread 0x00000245d4225c20 Unloading class 0x00000245812b2c00 'java/lang/invoke/LambdaForm$MH+0x00000245812b2c00'
Event: 6056.227 Thread 0x00000245d4225c20 Unloading class 0x00000245812b0c00 'java/lang/invoke/LambdaForm$MH+0x00000245812b0c00'
Event: 6056.227 Thread 0x00000245d4225c20 Unloading class 0x00000245812b0800 'java/lang/invoke/LambdaForm$MH+0x00000245812b0800'
Event: 6056.227 Thread 0x00000245d4225c20 Unloading class 0x0000024581011400 'java/lang/invoke/LambdaForm$MH+0x0000024581011400'
Event: 6099.035 Thread 0x00000245d4225c20 Unloading class 0x0000024581b54800 'java/lang/invoke/LambdaForm$MH+0x0000024581b54800'
Event: 6099.035 Thread 0x00000245d4225c20 Unloading class 0x0000024581b54400 'java/lang/invoke/LambdaForm$MH+0x0000024581b54400'
Event: 6099.035 Thread 0x00000245d4225c20 Unloading class 0x0000024581b53400 'java/lang/invoke/LambdaForm$MH+0x0000024581b53400'
Event: 6099.035 Thread 0x00000245d4225c20 Unloading class 0x0000024581b53000 'java/lang/invoke/LambdaForm$MH+0x0000024581b53000'
Event: 6099.035 Thread 0x00000245d4225c20 Unloading class 0x0000024581b52c00 'java/lang/invoke/LambdaForm$MH+0x0000024581b52c00'
Event: 6099.035 Thread 0x00000245d4225c20 Unloading class 0x0000024581b52800 'java/lang/invoke/LambdaForm$MH+0x0000024581b52800'
Event: 6099.035 Thread 0x00000245d4225c20 Unloading class 0x0000024581b51400 'java/lang/invoke/LambdaForm$MH+0x0000024581b51400'
Event: 6099.035 Thread 0x00000245d4225c20 Unloading class 0x0000024581b51000 'java/lang/invoke/LambdaForm$MH+0x0000024581b51000'
Event: 6099.035 Thread 0x00000245d4225c20 Unloading class 0x00000245811c1800 'java/lang/invoke/LambdaForm$MH+0x00000245811c1800'

Classes redefined (0 events):
No events

Internal exceptions (20 events):
Event: 5564.161 Thread 0x000002465bb30e60 Exception <a 'java/lang/InterruptedException'{0x00000006b0401100}: sleep interrupted> (0x00000006b0401100) 
thrown [s\src\hotspot\share\prims\jvm.cpp, line 3052]
Event: 5583.019 Thread 0x00000245febc2b50 Exception <a 'de/concept/nlview/NlviewException'{0x00000006b0dbba80}> (0x00000006b0dbba80) 
thrown [s\src\hotspot\share\prims\jni.cpp, line 520]
Event: 5583.031 Thread 0x00000245febc2b50 Exception <a 'de/concept/nlview/NlviewException'{0x00000006b0e918e8}> (0x00000006b0e918e8) 
thrown [s\src\hotspot\share\prims\jni.cpp, line 520]
Event: 5583.042 Thread 0x00000245febc2b50 Exception <a 'de/concept/nlview/NlviewException'{0x00000006b0f59fa8}> (0x00000006b0f59fa8) 
thrown [s\src\hotspot\share\prims\jni.cpp, line 520]
Event: 5583.174 Thread 0x000002460938d070 Exception <a 'sun/nio/fs/WindowsException'{0x00000006af53a6c8}> (0x00000006af53a6c8) 
thrown [s\src\hotspot\share\prims\jni.cpp, line 520]
Event: 5583.353 Thread 0x00000245febc2b50 Exception <a 'de/concept/nlview/NlviewException'{0x00000006b125a448}> (0x00000006b125a448) 
thrown [s\src\hotspot\share\prims\jni.cpp, line 520]
Event: 5583.359 Thread 0x00000245febc2b50 Exception <a 'de/concept/nlview/NlviewException'{0x00000006b1326ba8}> (0x00000006b1326ba8) 
thrown [s\src\hotspot\share\prims\jni.cpp, line 520]
Event: 5583.368 Thread 0x00000245febc2b50 Exception <a 'de/concept/nlview/NlviewException'{0x00000006b13f7058}> (0x00000006b13f7058) 
thrown [s\src\hotspot\share\prims\jni.cpp, line 520]
Event: 5721.359 Thread 0x00000245febc2b50 Implicit null exception at 0x00000245ee535c9d to 0x00000245ee536bf4
Event: 5725.676 Thread 0x000002465bb38480 Exception <a 'java/lang/InterruptedException'{0x00000006b157bb28}: sleep interrupted> (0x00000006b157bb28) 
thrown [s\src\hotspot\share\prims\jvm.cpp, line 3052]
Event: 5730.279 Thread 0x000002465bb38480 Exception <a 'java/lang/InterruptedException'{0x00000006b0800680}: sleep interrupted> (0x00000006b0800680) 
thrown [s\src\hotspot\share\prims\jvm.cpp, line 3052]
Event: 5744.252 Thread 0x000002465bb3d9d0 Exception <a 'java/lang/InterruptedException'{0x00000006b2640878}: sleep interrupted> (0x00000006b2640878) 
thrown [s\src\hotspot\share\prims\jvm.cpp, line 3052]
Event: 5767.203 Thread 0x00000245febc2b50 Exception <a 'de/concept/nlview/NlviewException'{0x00000006b0f98860}> (0x00000006b0f98860) 
thrown [s\src\hotspot\share\prims\jni.cpp, line 520]
Event: 5767.211 Thread 0x00000245febc2b50 Exception <a 'de/concept/nlview/NlviewException'{0x00000006b086ee90}> (0x00000006b086ee90) 
thrown [s\src\hotspot\share\prims\jni.cpp, line 520]
Event: 5767.224 Thread 0x00000245febc2b50 Exception <a 'de/concept/nlview/NlviewException'{0x00000006b09381e8}> (0x00000006b09381e8) 
thrown [s\src\hotspot\share\prims\jni.cpp, line 520]
Event: 5767.351 Thread 0x000002460938bcc0 Exception <a 'sun/nio/fs/WindowsException'{0x00000006af009f08}> (0x00000006af009f08) 
thrown [s\src\hotspot\share\prims\jni.cpp, line 520]
Event: 5767.519 Thread 0x00000245febc2b50 Exception <a 'de/concept/nlview/NlviewException'{0x00000006b0e546f8}> (0x00000006b0e546f8) 
thrown [s\src\hotspot\share\prims\jni.cpp, line 520]
Event: 5767.528 Thread 0x00000245febc2b50 Exception <a 'de/concept/nlview/NlviewException'{0x00000006b0f22ea8}> (0x00000006b0f22ea8) 
thrown [s\src\hotspot\share\prims\jni.cpp, line 520]
Event: 5767.537 Thread 0x00000245febc2b50 Exception <a 'de/concept/nlview/NlviewException'{0x00000006b0fe9270}> (0x00000006b0fe9270) 
thrown [s\src\hotspot\share\prims\jni.cpp, line 520]
Event: 6211.804 Thread 0x000002465bb3abe0 Exception <a 'java/lang/InterruptedException'{0x00000006af9019a0}: sleep interrupted> (0x00000006af9019a0) 
thrown [s\src\hotspot\share\prims\jvm.cpp, line 3074]

ZGC Phase Switch (0 events):
No events

VM Operations (20 events):
Event: 6163.222 Executing VM operation: Cleanup
Event: 6163.222 Executing VM operation: Cleanup done
Event: 6165.223 Executing VM operation: Cleanup
Event: 6165.223 Executing VM operation: Cleanup done
Event: 6166.224 Executing VM operation: Cleanup
Event: 6166.224 Executing VM operation: Cleanup done
Event: 6167.225 Executing VM operation: Cleanup
Event: 6167.225 Executing VM operation: Cleanup done
Event: 6174.776 Executing VM operation: G1CollectForAllocation (G1 Evacuation Pause)
Event: 6174.780 Executing VM operation: G1CollectForAllocation (G1 Evacuation Pause) done
Event: 6179.136 Executing VM operation: G1CollectFull (System.gc())
Event: 6179.268 Executing VM operation: G1CollectFull (System.gc()) done
Event: 6192.982 Executing VM operation: HandshakeAllThreads (HandshakeForDeflation)
Event: 6192.982 Executing VM operation: HandshakeAllThreads (HandshakeForDeflation) done
Event: 6192.983 Executing VM operation: RendezvousGCThreads
Event: 6192.983 Executing VM operation: RendezvousGCThreads done
Event: 6210.990 Executing VM operation: Cleanup
Event: 6210.990 Executing VM operation: Cleanup done
Event: 6212.519 Executing VM operation: G1CollectForAllocation (G1 Evacuation Pause)
Event: 6212.523 Executing VM operation: G1CollectForAllocation (G1 Evacuation Pause) done

Memory protections (0 events):
No events

Nmethod flushes (20 events):
Event: 5980.440 Thread 0x00000245d4225c20 flushing  nmethod 0x00000245e728f190
Event: 5980.440 Thread 0x00000245d4225c20 flushing  nmethod 0x00000245ef279b10
Event: 5980.440 Thread 0x00000245d4225c20 flushing  nmethod 0x00000245e6caf290
Event: 5980.440 Thread 0x00000245d4225c20 flushing  nmethod 0x00000245e6efa590
Event: 5982.786 Thread 0x00000245d4225c20 flushing  nmethod 0x00000245e608e390
Event: 5982.786 Thread 0x00000245d4225c20 flushing  nmethod 0x00000245e6b77790
Event: 5982.889 Thread 0x00000245d4225c20 flushing  nmethod 0x00000245e6b2bd90
Event: 6056.241 Thread 0x00000245d4225c20 flushing  nmethod 0x00000245e6d74d10
Event: 6056.241 Thread 0x00000245d4225c20 flushing  nmethod 0x00000245e5c19390
Event: 6056.241 Thread 0x00000245d4225c20 flushing  nmethod 0x00000245e6a0ee10
Event: 6056.241 Thread 0x00000245d4225c20 flushing  nmethod 0x00000245e61c1b10
Event: 6058.936 Thread 0x00000245d4225c20 flushing  nmethod 0x00000245e5fe3f10
Event: 6099.059 Thread 0x00000245d4225c20 flushing  nmethod 0x00000245ee045b90
Event: 6099.059 Thread 0x00000245d4225c20 flushing  nmethod 0x00000245eed4d190
Event: 6099.059 Thread 0x00000245d4225c20 flushing  nmethod 0x00000245e6c91690
Event: 6099.059 Thread 0x00000245d4225c20 flushing  nmethod 0x00000245edae7a10
Event: 6099.059 Thread 0x00000245d4225c20 flushing  nmethod 0x00000245eebc7410
Event: 6139.169 Thread 0x00000245d4225c20 flushing  nmethod 0x00000245e5beb410
Event: 6139.169 Thread 0x00000245d4225c20 flushing  nmethod 0x00000245e5b2f910
Event: 6179.231 Thread 0x00000245d4225c20 flushing  nmethod 0x00000245e77e1b90

Events (20 events):
Event: 6211.056 Thread 0x00000245febc2b50 Thread added: 0x000002461df00200
Event: 6211.460 Thread 0x00000245febc2b50 Thread added: 0x000002461defdaa0
Event: 6211.465 Thread 0x000002461defdaa0 Thread exited: 0x000002461defdaa0
Event: 6211.804 Thread 0x000002465bb3abe0 Thread exited: 0x000002465bb3abe0
Event: 6211.807 Thread 0x00000245febc2b50 Thread added: 0x000002461defdaa0
Event: 6211.807 Thread 0x00000245febc2b50 Thread added: 0x000002461defd410
Event: 6211.808 Thread 0x00000245febc2b50 Thread added: 0x000002461defe130
Event: 6211.833 Thread 0x000002461defe130 Thread exited: 0x000002461defe130
Event: 6212.175 Thread 0x000002461df00200 Thread exited: 0x000002461df00200
Event: 6212.333 Thread 0x00000245febc2b50 Thread added: 0x000002461deff4e0
Event: 6212.333 Thread 0x00000245febc2b50 Thread added: 0x000002461df00890
Event: 6212.336 Thread 0x000002461deff4e0 Thread exited: 0x000002461deff4e0
Event: 6212.460 Thread 0x00000245febc2b50 Thread added: 0x000002461deff4e0
Event: 6212.461 Thread 0x000002461deff4e0 Thread exited: 0x000002461deff4e0
Event: 6212.500 Thread 0x00000245febc2b50 Thread added: 0x000002461defe130
Event: 6212.511 Thread 0x000002461defe130 Thread exited: 0x000002461defe130
Event: 6212.836 Thread 0x00000245febc2b50 Thread added: 0x000002461df00f20
Event: 6212.840 Thread 0x000002461df00f20 Thread exited: 0x000002461df00f20
Event: 6213.370 Thread 0x000002461df00890 Thread exited: 0x000002461df00890
Event: 6213.374 Thread 0x00000245febc2b50 Thread added: 0x000002461df00f20


Dynamic libraries:
0x00007ff69f3f0000 - 0x00007ff69f3f8000 	C:\AMDDesignTools\2025.2\Vivado\bin\unwrapped\win64.o\vivado.exe
0x00007ffaeae20000 - 0x00007ffaeb087000 	C:\WINDOWS\SYSTEM32\ntdll.dll
0x00007ffae9910000 - 0x00007ffae99d9000 	C:\WINDOWS\System32\KERNEL32.DLL
0x00007ffae8010000 - 0x00007ffae8404000 	C:\WINDOWS\System32\KERNELBASE.dll
0x00007ffae4a90000 - 0x00007ffae4b2f000 	C:\WINDOWS\SYSTEM32\apphelp.dll
0x00007ffae84c0000 - 0x00007ffae860b000 	C:\WINDOWS\System32\ucrtbase.dll
0x00007ffaa8140000 - 0x00007ffaa81c8000 	C:\WINDOWS\SYSTEM32\MSVCP140.dll
0x00007ffab8040000 - 0x00007ffab805e000 	C:\WINDOWS\SYSTEM32\VCRUNTIME140.dll
0x00007ffaac7d0000 - 0x00007ffaac7db000 	C:\WINDOWS\SYSTEM32\VCRUNTIME140_1.dll
0x00007ffad1410000 - 0x00007ffad1443000 	C:\AMDDesignTools\2025.2\Vivado\lib\win64.o\xv_commonmain.dll
0x00007ffa261f0000 - 0x00007ffa279aa000 	C:\AMDDesignTools\2025.2\Vivado\lib\win64.o\xv_common.dll
0x00007ffae9ed0000 - 0x00007ffaea095000 	C:\WINDOWS\System32\USER32.dll
0x00007ffae8790000 - 0x00007ffae87b7000 	C:\WINDOWS\System32\win32u.dll
0x00007ffaea6e0000 - 0x00007ffaea70b000 	C:\WINDOWS\System32\GDI32.dll
0x00007ffae28f0000 - 0x00007ffae28fc000 	C:\AMDDesignTools\2025.2\Vivado\lib\win64.o\xv_commonversion.dll
0x00007ffae87c0000 - 0x00007ffae88eb000 	C:\WINDOWS\System32\gdi32full.dll
0x00007ffa59b00000 - 0x00007ffa59d59000 	C:\AMDDesignTools\2025.2\Vivado\lib\win64.o\xv_commonxillic.dll
0x00007ffae7f60000 - 0x00007ffae8003000 	C:\WINDOWS\System32\msvcp_win.dll
0x00007ffa7e130000 - 0x00007ffa7e2f5000 	C:\AMDDesignTools\2025.2\Vivado\lib\win64.o\tcl86t.dll
0x00007ffaea650000 - 0x00007ffaea6d0000 	C:\WINDOWS\System32\WS2_32.dll
0x00007ffacd560000 - 0x00007ffacd58a000 	C:\AMDDesignTools\2025.2\Vivado\lib\win64.o\boost_filesystem.dll
0x00007ffaea1a0000 - 0x00007ffaea256000 	C:\WINDOWS\System32\ADVAPI32.dll
0x00007ffae9810000 - 0x00007ffae98b9000 	C:\WINDOWS\System32\msvcrt.dll
0x00007ffaeab30000 - 0x00007ffaeac48000 	C:\WINDOWS\System32\RPCRT4.dll
0x00007ffae8bb0000 - 0x00007ffae8c57000 	C:\WINDOWS\System32\sechost.dll
0x00007ffae8d20000 - 0x00007ffae9487000 	C:\WINDOWS\System32\SHELL32.dll
0x00007ffae88f0000 - 0x00007ffae8a5a000 	C:\WINDOWS\System32\wintypes.dll
0x00007ffa2d0e0000 - 0x00007ffa2d82b000 	C:\AMDDesignTools\2025.2\Vivado\tps\win64\python-3.13.0\python313.dll
0x00007ffad5480000 - 0x00007ffad548a000 	C:\WINDOWS\SYSTEM32\WSOCK32.dll
0x00007ffaea7a0000 - 0x00007ffaeab22000 	C:\WINDOWS\System32\combase.dll
0x00007ffae8a60000 - 0x00007ffae8ae2000 	C:\WINDOWS\System32\WINTRUST.dll
0x00007ffac25e0000 - 0x00007ffac2875000 	C:\WINDOWS\SYSTEM32\WININET.dll
0x00007ffad27b0000 - 0x00007ffad27ca000 	C:\WINDOWS\SYSTEM32\NETAPI32.dll
0x00007ffad3bb0000 - 0x00007ffad3d8f000 	C:\WINDOWS\SYSTEM32\urlmon.dll
0x00007ffad9620000 - 0x00007ffad974d000 	C:\WINDOWS\SYSTEM32\WINHTTP.dll
0x00007ffae76f0000 - 0x00007ffae7f58000 	C:\WINDOWS\System32\windows.storage.dll
0x00007ffa2a4a0000 - 0x00007ffa2b52e000 	C:\AMDDesignTools\2025.2\Vivado\lib\win64.o\xv_isl_iostreams.dll
0x00007ffae75e0000 - 0x00007ffae760a000 	C:\WINDOWS\SYSTEM32\bcrypt.dll
0x00007ffa30200000 - 0x00007ffa30516000 	C:\AMDDesignTools\2025.2\Vivado\lib\win64.o\libXil_lmgr11.dll
0x00007ffaea270000 - 0x00007ffaea35f000 	C:\WINDOWS\System32\COMDLG32.dll
0x00007ffa6b170000 - 0x00007ffa6b2b4000 	C:\AMDDesignTools\2025.2\Vivado\lib\win64.o\boost_regex.dll
0x00007ffae6a40000 - 0x00007ffae6a73000 	C:\WINDOWS\SYSTEM32\USERENV.dll
0x00007ffaea0a0000 - 0x00007ffaea198000 	C:\WINDOWS\System32\shcore.dll
0x00007ffaeace0000 - 0x00007ffaead46000 	C:\WINDOWS\System32\SHLWAPI.dll
0x00007ffaccc50000 - 0x00007ffaccc7a000 	C:\AMDDesignTools\2025.2\Vivado\lib\win64.o\zlib1.dll
0x00007ffaea550000 - 0x00007ffaea628000 	C:\WINDOWS\System32\OLEAUT32.dll
0x00007ffae9670000 - 0x00007ffae9807000 	C:\WINDOWS\System32\ole32.dll
0x00007ffae8610000 - 0x00007ffae8787000 	C:\WINDOWS\System32\CRYPT32.dll
0x00007ffa27c90000 - 0x00007ffa28a3b000 	C:\AMDDesignTools\2025.2\Vivado\lib\win64.o\xv_common_protobuf.dll
0x00007ffac5300000 - 0x00007ffac5327000 	C:\AMDDesignTools\2025.2\Vivado\lib\win64.o\boost_thread.dll
0x00007ffa94a60000 - 0x00007ffa94a81000 	C:\AMDDesignTools\2025.2\Vivado\lib\win64.o\boost_iostreams.dll
0x00007ffacd530000 - 0x00007ffacd54a000 	C:\AMDDesignTools\2025.2\Vivado\lib\win64.o\boost_date_time.dll
0x00007ffa89b60000 - 0x00007ffa89b85000 	C:\AMDDesignTools\2025.2\Vivado\lib\win64.o\xv_isl_sysinfo.dll
0x00007ffa7f7d0000 - 0x00007ffa7f866000 	C:\AMDDesignTools\2025.2\Vivado\lib\win64.o\boost_program_options.dll
0x00007ffad8d40000 - 0x00007ffad8d50000 	C:\AMDDesignTools\2025.2\Vivado\lib\win64.o\xv_boost_xilinx.dll
0x00007ffa2cc20000 - 0x00007ffa2d0d2000 	C:\AMDDesignTools\2025.2\Vivado\lib\win64.o\xv_COIN-all.dll
0x00007ffacd3e0000 - 0x00007ffacd3fc000 	C:\AMDDesignTools\2025.2\Vivado\lib\win64.o\librdiconfig.dll
0x00007ffa7a400000 - 0x00007ffa7a497000 	C:\AMDDesignTools\2025.2\Vivado\lib\win64.o\libhdxml.dll
0x00007ffa21b90000 - 0x00007ffa23aa7000 	C:\AMDDesignTools\2025.2\Vivado\lib\win64.o\gurobi90.dll
0x00007ffaeac50000 - 0x00007ffaeacc2000 	C:\WINDOWS\System32\WLDAP32.dll
0x00007ffa9e9b0000 - 0x00007ffa9e9cd000 	C:\AMDDesignTools\2025.2\Vivado\lib\win64.o\pthreadVC2.dll
0x00007ffaeacd0000 - 0x00007ffaeacd8000 	C:\WINDOWS\System32\Normaliz.dll
0x00007ffa78fe0000 - 0x00007ffa79058000 	C:\AMDDesignTools\2025.2\Vivado\lib\win64.o\xv_lmx.dll
0x00007ffa69d90000 - 0x00007ffa69e42000 	C:\AMDDesignTools\2025.2\Vivado\lib\win64.o\libzstd.dll
0x00007ffa78f50000 - 0x00007ffa78fd2000 	C:\AMDDesignTools\2025.2\Vivado\lib\win64.o\libhdlpsolve.dll
0x00007ffa89960000 - 0x00007ffa89984000 	C:\AMDDesignTools\2025.2\Vivado\lib\win64.o\librdizlib.dll
0x00007ffa2c970000 - 0x00007ffa2cc1d000 	C:\AMDDesignTools\2025.2\Vivado\lib\win64.o\xerces-c_3_3.dll
0x00007ffa7fa40000 - 0x00007ffa7fa76000 	C:\WINDOWS\SYSTEM32\VCOMP140.DLL
0x00007ffad9010000 - 0x00007ffad901b000 	C:\WINDOWS\SYSTEM32\VERSION.dll
0x00007ffad36d0000 - 0x00007ffad3994000 	C:\WINDOWS\SYSTEM32\iertutil.dll
0x00007ffa89f90000 - 0x00007ffa89fac000 	C:\AMDDesignTools\2025.2\Vivado\lib\win64.o\xv_isl_iosutils.dll
0x00007ffad8d50000 - 0x00007ffad8e05000 	C:\WINDOWS\WinSxS\amd64_microsoft.windows.common-controls_6595b64144ccf1df_5.82.26100.8115_none_87ecef177a2e8a19\COMCTL32.dll
0x00007ffae0940000 - 0x00007ffae0965000 	C:\WINDOWS\SYSTEM32\dhcpcsvc.DLL
0x00007ffae5dc0000 - 0x00007ffae5dcd000 	C:\WINDOWS\SYSTEM32\netutils.dll
0x00007ffad5580000 - 0x00007ffad55a9000 	C:\WINDOWS\SYSTEM32\srvcli.dll
0x00007ffae6770000 - 0x00007ffae67b7000 	C:\WINDOWS\SYSTEM32\LOGONCLI.DLL
0x00007ffae5dd0000 - 0x00007ffae5deb000 	C:\WINDOWS\SYSTEM32\SAMCLI.DLL
0x00007ffae6990000 - 0x00007ffae69fc000 	C:\WINDOWS\SYSTEM32\MSWSOCK.DLL
0x00007ffae9630000 - 0x00007ffae9662000 	C:\WINDOWS\System32\IMM32.DLL
0x00007ffae6df0000 - 0x00007ffae6e03000 	C:\WINDOWS\SYSTEM32\MSASN1.dll
0x00007ffae6d90000 - 0x00007ffae6dab000 	C:\WINDOWS\SYSTEM32\CRYPTSP.dll
0x00007ffae63a0000 - 0x00007ffae63d9000 	C:\WINDOWS\system32\rsaenh.dll
0x00007ffae6bf0000 - 0x00007ffae6bfc000 	C:\WINDOWS\SYSTEM32\CRYPTBASE.dll
0x00007ffae8410000 - 0x00007ffae84b5000 	C:\WINDOWS\System32\bcryptPrimitives.dll
0x00007ffae6440000 - 0x00007ffae645b000 	C:\WINDOWS\SYSTEM32\kernel.appcore.dll
0x00007ffae95f0000 - 0x00007ffae9610000 	C:\WINDOWS\System32\imagehlp.dll
0x00007ffa28d60000 - 0x00007ffa29464000 	C:\AMDDesignTools\2025.2\Vivado\lib\win64.o\xv_commontasks.dll
0x00007ffa2c460000 - 0x00007ffa2c960600 	C:\AMDDesignTools\2025.2\Vivado\lib\win64.o\xv_sio.dll
0x00007ffa20e00000 - 0x00007ffa21b8f000 	C:\AMDDesignTools\2025.2\Vivado\tps\win64\jre21.0.5_11\bin\server\jvm.dll
0x00007ffae5e70000 - 0x00007ffae5ea2000 	C:\WINDOWS\SYSTEM32\IPHLPAPI.DLL
0x00007ffae7550000 - 0x00007ffae75ae000 	C:\WINDOWS\SYSTEM32\POWRPROF.dll
0x00007ffadf2f0000 - 0x00007ffadf326000 	C:\WINDOWS\SYSTEM32\WINMM.dll
0x00007ffae7530000 - 0x00007ffae7544000 	C:\WINDOWS\SYSTEM32\UMPDC.dll
0x00007ffae6a00000 - 0x00007ffae6a30000 	C:\WINDOWS\SYSTEM32\gpapi.dll
0x00007ffad6f80000 - 0x00007ffad6fbb000 	C:\Windows\System32\cryptnet.dll
0x00007ffae7610000 - 0x00007ffae7639000 	C:\WINDOWS\SYSTEM32\profapi.dll
0x00007ffae4c50000 - 0x00007ffae4c5e000 	C:\WINDOWS\SYSTEM32\WINNSI.DLL
0x00007ffaea260000 - 0x00007ffaea26a000 	C:\WINDOWS\System32\NSI.dll
0x00007ffae66e0000 - 0x00007ffae6729000 	C:\WINDOWS\SYSTEM32\SspiCli.dll
0x00007ffab97a0000 - 0x00007ffab97b8000 	C:\WINDOWS\system32\napinsp.dll
0x00007ffae5f10000 - 0x00007ffae6042000 	C:\WINDOWS\SYSTEM32\DNSAPI.dll
0x00007ffab8130000 - 0x00007ffab8143000 	C:\WINDOWS\System32\winrnr.dll
0x00007ffab8100000 - 0x00007ffab8122000 	C:\WINDOWS\system32\nlansp_c.dll
0x00007ffad9020000 - 0x00007ffad9036000 	C:\WINDOWS\system32\wshbth.dll
0x00007ffad83c0000 - 0x00007ffad83db000 	C:\WINDOWS\SYSTEM32\wkscli.dll
0x00007ffaa7fe0000 - 0x00007ffaa7ff3000 	C:\WINDOWS\SYSTEM32\cscapi.dll
0x00007ff9f1130000 - 0x00007ff9f5367000 	C:\AMDDesignTools\2025.2\Vivado\lib\win64.o\xv_tcltasks.dll
0x00007ffa32110000 - 0x00007ffa3241f000 	C:\AMDDesignTools\2025.2\Vivado\lib\win64.o\xv_projectvivado.dll
0x00007ffa69f40000 - 0x00007ffa6a027000 	C:\AMDDesignTools\2025.2\Vivado\lib\win64.o\xv_xhubtasks.dll
0x00007ffa20260000 - 0x00007ffa20dfc000 	C:\AMDDesignTools\2025.2\Vivado\lib\win64.o\xv_project.dll
0x00007ffa1e2c0000 - 0x00007ffa20252000 	C:\AMDDesignTools\2025.2\Vivado\lib\win64.o\xv_implflow.dll
0x00007ffa16ac0000 - 0x00007ffa17952000 	C:\AMDDesignTools\2025.2\Vivado\lib\win64.o\xv_power.dll
0x00007ffa124d0000 - 0x00007ffa15b17000 	C:\AMDDesignTools\2025.2\Vivado\lib\win64.o\xv_route.dll
0x00007ff9eb0a0000 - 0x00007ff9f1122000 	C:\AMDDesignTools\2025.2\Vivado\lib\win64.o\xv_place.dll
0x00007ffa10330000 - 0x00007ffa11021000 	C:\AMDDesignTools\2025.2\Vivado\lib\win64.o\xv_lopt.dll
0x00007ffa25c30000 - 0x00007ffa261e5000 	C:\AMDDesignTools\2025.2\Vivado\lib\win64.o\xv_dfximpl.dll
0x00007ffa1dbf0000 - 0x00007ffa1e2b9000 	C:\AMDDesignTools\2025.2\Vivado\lib\win64.o\xv_runs.dll
0x00007ffa2fba0000 - 0x00007ffa2fe08600 	C:\AMDDesignTools\2025.2\Vivado\lib\win64.o\xv_checkpoint.dll
0x00007ffa69c20000 - 0x00007ffa69d8f000 	C:\AMDDesignTools\2025.2\Vivado\lib\win64.o\xv_chipscope.dll
0x00007ffa2e5c0000 - 0x00007ffa2e84c000 	C:\AMDDesignTools\2025.2\Vivado\lib\win64.o\xv_chipscopeimpl.dll
0x00007ffa118c0000 - 0x00007ffa123d9000 	C:\AMDDesignTools\2025.2\Vivado\lib\win64.o\xv_drc.dll
0x00007ffa0f650000 - 0x00007ffa10329000 	C:\AMDDesignTools\2025.2\Vivado\lib\win64.o\xv_rsb.dll
0x00007ff9e8040000 - 0x00007ff9eb097000 	C:\AMDDesignTools\2025.2\Vivado\lib\win64.o\xv_mig.dll
0x00007ffa0d330000 - 0x00007ffa0ec84000 	C:\AMDDesignTools\2025.2\Vivado\lib\win64.o\xv_timing.dll
0x00007ffa0f160000 - 0x00007ffa0f648000 	C:\AMDDesignTools\2025.2\Vivado\lib\win64.o\xv_vsta.dll
0x00007ffa0b860000 - 0x00007ffa0bd43000 	C:\AMDDesignTools\2025.2\Vivado\lib\win64.o\xv_dlyest.dll
0x00007ffa64820000 - 0x00007ffa64930000 	C:\AMDDesignTools\2025.2\Vivado\lib\win64.o\xv_dsp.dll
0x00007ff9e5100000 - 0x00007ff9e8032000 	C:\AMDDesignTools\2025.2\Vivado\lib\win64.o\xv_coregen.dll

dbghelp: loaded successfully - version: 4.0.5 - missing functions: none
symbol engine: initialized successfully - sym options: 0x614 - pdb path: .;C:\AMDDesignTools\2025.2\Vivado\bin\unwrapped\win64.o;C:\WINDOWS\SYSTEM32;C:\AMDDesignTools\2025.2\Vivado\lib\win64.o;C:\AMDDesignTools\2025.2\Vivado\tps\win64\python-3.13.0;C:\WINDOWS\WinSxS\amd64_microsoft.windows.common-controls_6595b64144ccf1df_5.82.26100.8115_none_87ecef177a2e8a19;C:\AMDDesignTools\2025.2\Vivado\tps\win64\jre21.0.5_11\bin\server;C:\AMDDesignTools\2025.2\Vivado\tps\win64\jre21.0.5_11\bin;C:\WINDOWS\WinSxS\amd64_microsoft.windows.common-controls_6595b64144ccf1df_6.0.26100.8115_none_3e075c82e3354f9c;C:\Program Files\Microsoft OneDrive\26.063.0405.0002;C:\Program Files\Norton\Suite;C:\WINDOWS\WinSxS\amd64_microsoft.windows.gdiplus_6595b64144ccf1df_1.1.26100.8246_none_6ef5395a3dc52f61

VM Arguments:
jvm_args: -Dsun.java2d.pmoffscreen=false -Dhttps.protocols=TLSv1,TLSv1.1,TLSv1.2 -Dsun.java2d.xrender=false -Dsun.java2d.d3d=false -Dsun.awt.nopixfmt=true -Dsun.java2d.dpiaware=true -Dsun.java2d.uiScale.enabled=false -Dswing.aatext=true -XX:-UsePerfData -Djdk.map.althashing.threshold=512 -XX:StringTableSize=4072 -XX:+UseStringDeduplication -XX:MaxGCPauseMillis=200 -XX:ParallelGCThreads=4 -XX:+ParallelRefProcEnabled --add-opens=java.desktop/javax.swing.plaf.synth=ALL-UNNAMED --add-opens=java.base/java.nio=ALL-UNNAMED --add-opens=java.desktop/sun.swing=ALL-UNNAMED --add-opens=java.desktop/javax.swing=ALL-UNNAMED --add-opens=java.desktop/javax.swing.tree=ALL-UNNAMED --add-opens=java.desktop/javax.swing.plaf.basic=ALL-UNNAMED --add-opens=java.desktop/javax.swing.plaf.synth=ALL-UNNAMED --add-opens=java.desktop/javax.swing.plaf.basic=ALL-UNNAMED --add-opens=java.desktop/javax.swing=ALL-UNNAMED --add-opens=java.desktop/javax.swing.tree=ALL-UNNAMED --add-opens=java.desktop/java.awt.event=ALL-UNNAMED --add-exports=java.desktop/javax.swing.plaf.synth=ALL-UNNAMED --add-exports=java.base/java.nio=ALL-UNNAMED --add-exports=java.desktop/sun.swing=ALL-UNNAMED --add-exports=java.desktop/javax.swing=ALL-UNNAMED --add-exports=java.desktop/javax.swing.tree=ALL-UNNAMED --add-exports=java.desktop/javax.swing.plaf.basic=ALL-UNNAMED --add-exports=java.desktop/sun.swing=ALL-UNNAMED --add-exports=java.desktop/sun.swing.table=ALL-UNNAMED --add-exports=java.desktop/sun.swing.plaf.synth=ALL-UNNAMED --add-exports=java.desktop/sun.awt.shell=ALL-UNNAMED --add-exports=java.base/sun.security.action=ALL-UNNAMED --add-exports=java.desktop/sun.font=ALL-UNNAMED -XX:NewSize=80m -XX:MaxNewSize=80m -Xms812m -Xmx6144m -Xss10m 
java_command: <unknown>
java_class_path (initial): C:/AMDDesignTools/2025.2/Vivado\lib\classes\animal-sniffer-annotations-1.21.jar;C:/AMDDesignTools/2025.2/Vivado\lib\classes\annotations-4.1.1.4.jar;C:/AMDDesignTools/2025.2/Vivado\lib\classes\antlrall.jar;C:/AMDDesignTools/2025.2/Vivado\lib\classes\apiguardian-api-1.1.0.jar;C:/AMDDesignTools/2025.2/Vivado\lib\classes\autoesl-models-1.0.0-105.jar;C:/AMDDesignTools/2025.2/Vivado\lib\classes\batik-anim-1.0.0-105.jar;C:/AMDDesignTools/2025.2/Vivado\lib\classes\batik-awt-util-1.0.0-105.jar;C:/AMDDesignTools/2025.2/Vivado\lib\classes\batik-bridge-1.0.0-105.jar;C:/AMDDesignTools/2025.2/Vivado\lib\classes\batik-codec-1.0.0-105.jar;C:/AMDDesignTools/2025.2/Vivado\lib\classes\batik-constants-1.0.0-105.jar;C:/AMDDesignTools/2025.2/Vivado\lib\classes\batik-css-1.0.0-105.jar;C:/AMDDesignTools/2025.2/Vivado\lib\classes\batik-dom-1.0.0-105.jar;C:/AMDDesignTools/2025.2/Vivado\lib\classes\batik-ext-1.0.0-105.jar;C:/AMDDesignTools/2025.2/Vivado\lib\classes\batik-gui-util-1.0.0-105.jar;C:/AMDDesignTools/2025.2/Vivado\lib\classes\batik-gvt-1.0.0-105.jar;C:/AMDDesignTools/2025.2/Vivado\lib\classes\batik-i18n-1.0.0-105.jar;C:/AMDDesignTools/2025.2/Vivado\lib\classes\batik-parser-1.0.0-105.jar;C:/AMDDesignTools/2025.2/Vivado\lib\classes\batik-script-1.0.0-105.jar;C:/AMDDesignTools/2025.2/Vivado\lib\classes\batik-svg-dom-1.0.0-105.jar;C:/AMDDesignTools/2025.2/Vivado\lib\classes\batik-svggen-1.0.0-105.jar;C:/AMDDesignTools/2025.2/Vivado\lib\classes\batik-swing-1.0.0-105.jar;C:/AMDDesignTools/2025.2/Vivado\lib\classes\batik-transcoder-1.0.0-105.jar;C:/AMDDesignTools/2025.2/Vivado\lib\classes\batik-util-1.0.0-105.jar;C:/AMDDesignTools/2025.2/Vivado\lib\classes\batik-xml-1.0.0-105.jar;C:/AMDDesignTools/2025.2/Vivado\lib\classes\checker-qual-3.12.0.jar;C:/AMDDesignTools/2025.2/Vivado\lib\classes\com.fasterxml.jackson.core.jackson-annotations_2.12.1.v20210128-1726-1.0.0-105.jar;C:/AMDDesignTools/2025.2/Vivado\lib\classes\com.fasterxml.jackson.core.jackson-core_2.12.1.v20210128-1726-1.0.0-105.jar;C:/AMDDesignTools/2025.2/Vivado\lib\classes\com.fasterxml.jackson.core.jackson-databind_2.12.1.v20210128-1726-1.0.0-105.jar;C:/AMDDesignTools/2025.2/Vivado\lib\classes\commons-collections4-4.1-3.8.0-105.jar;C:/AMDDesignTools/2025.2/Vivado\lib\classes\commons-compress-1.21-3.8.0-105.jar;C:/AMDDesignTools/2025.2/Vivado\lib\classes\commons-io-2.6.jar;C:/AMDDesignTools/2025.2/Vivado\lib\classes\commons-math-2.2-3.8.0-105.jar;C:/AMDDesignTools/2025.2/Vivado\lib\classes\DispatchProtocol-1.24.0-665.jar;C:/AMDDesignTools/2025.2/Vivado\lib\classes\error_prone_annotations-2.18.0.jar;C:/AMDDesignTools/2025.2/Vivado\lib\classes\failureaccess-1.0.1.jar;C:/AMDDesignTools/2025.2/Vivado\lib\classes\frank_frameworks-1.0.0-665.jar;C:/AMDDesignTools/2025.2/Vivado\lib\classes\grpc-api-1.54.1.jar;C:/AMDDesignTools/2025.2/Vivado\lib\classes\grpc-context-1.54.1.jar;C:/AMDDesignTools/2025.2/Vivado\lib\classes\grpc-core-1.54.1.jar;C:/AMDDesignTools/2025.2/Vivado\lib\classes\grpc-netty-shaded-1.54.1.jar;C:/AMDDesignTools/2025.2/Vivado\lib\classes\grpc-protobuf-1.54.1.jar;C:/AMDDesignTools/2025.2/Vivado\lib\classes\grpc-protobuf-lite-1.54.1.jar;C:/AMDDesignTools/2025.2/Vivado\lib\classes\grpc-stub-1.54.1.jar;C:/AMDDesignTools/2025.2/Vivado\lib\classes\gson-2.9.0.jar;C:/AMDDesignTools/2025.2/Vivado\lib\classes\guava-31.1-android.jar;C:/AMDDesignTools/2025.2/Vivado\lib\classes\help-1.24.0-409.jar;C:/AMDDesignTools/2025.2/Vivado\lib\classes\j2objc-annotations-1.3.jar;C:/AMDDesignTools/2025.2/Vivado\lib\classes\javax.annotation-api-1.3.2.jar;C:/AMDDesignTools/2025.2/Vivado\lib\classes\jaxb-api-2.3.0.jar;C:/AMDDesignTools/2025.2/Vivado\lib\classes\jericho-html-3.4-1.0.0-105.jar;C:/AMDDesignTools/2025.2/Vivado\lib\classes\jh-2.0.05-105.jar;C:/AMDDesignTools/2025.2/Vivado\lib\classes\jide-action-3.8.0-105.jar;C:/AMDDesignTools/2025.2/Vivado\lib\classes\jide-charts-3.8.0-105.jar;C:/AMDDesignTools/2025.2/Vivado\lib\classes\jide-common-3.8.0-105.jar;C:/AMDDesignTools/2025.2/Vivado\lib\classes\jide-components-3.8.0-105.jar;C:/AMDDesignTools/2025.2/Vivado\lib\classes\jide-dashboard-3.8.0-105.jar;C:/AMDDesignTools/2025.2/Vivado\lib\classes\jide-data-3.8.0-105.jar;C:/AMDDesignTools/2025.2/Vivado\lib\classes\jide-dialogs-3.8.0-105.jar;C:/AMDDesignTools/2025.2/Vivado\lib\classes\jide-diff-3.8.0-105.jar;C:/AMDDesignTools/2025.2/Vivado\lib\classes\jide-dock-3.8.0-105.jar;C:/AMDDesignTools/2025.2/Vivado\lib\classes\jide-editor-3.8.0-105.jar;C:/AMDDesignTools/2025.2/Vivado\lib\classes\jide-gantt-3.8.0-105.jar;C:/AMDDesignTools/2025.2/Vivado\lib\classes\jide-grids-3.8.0-105.jar;C:/AMDDesignTools/2025.2/Vivado\lib\classes\jide-pivot-3.8.0-105.jar;C:/AMDDesignTools/2025.2/Vivado\lib\classes\jide-plaf-jdk7-3.8.0-105.jar;C:/AMDDesignTools/2025.2/Vivado\lib\classes\jide-properties-3.8.0-105.jar;C:/AMDDesignTools/2025.2/Vivado\lib\classes\jide-shortcut-3.8.0-105.jar;C:/AMDDesignTools/2025.2/Vivado\lib\classes\jide-treemap-3.8.0-105.jar;C:/AMDDesignTools/2025.2/Vivado\lib\classes\JRCClient-1.24.0-665.jar;C:/AMDDesignTools/2025.2/Vivado\lib\classes\jsr305-3.0.2.jar;C:/AMDDesignTools/2025.2/Vivado\lib\classes\junit-jupiter-api-5.6.2.jar;C:/AMDDesignTools/2025.2/Vivado\lib\classes\junit-platform-commons-1.6.2.jar;C:/AMDDesignTools/2025.2/Vivado\lib\classes\jydocking-3.3.1-105.jar;C:/AMDDesignTools/2025.2/Vivado\lib\classes\jytable-3.3.1-105.jar;C:/AMDDesignTools/2025.2/Vivado\lib\classes\jywidgets-3.3.1-105.jar;C:/AMDDesignTools/2025.2/Vivado\lib\classes\listenablefuture-9999.0-empty-to-avoid-conflict-with-guava.jar;C:/AMDDesignTools/2025.2/Vivado\lib\classes\logback-classic-1.4.7.jar;C:/AMDDesignTools/2025.2/Vivado\lib\classes\logback-core-1.4.7.jar;C:/AMDDesignTools/2025.2/Vivado\lib\classes\lucene-core-4.10.2-3.8.0-105.jar;C:/AMDDesignTools/2025.2/Vivado\lib\classes\lucene-queryparser-4.10.2-3.8.0-105.jar;C:/AMDDesignTools/2025.2/Vivado\lib\classes\miglayout-3.7.3.1.jar;C:/AMDDesignTools/2025.2/Vivado\lib\classes\nlview_java-1.0.0-105.jar;C:/AMDDesignTools/2025.2/Vivado\lib\classes\opentest4j-1.2.0.jar;C:/AMDDesignTools/2025.2/Vivado\lib\classes\org.apache.commons.lang_2.6.0.v201404270220-1.0.0-105.jar;C:/AMDDesignTools/2025.2/Vivado\lib\classes\org.eclipse.core.commands-3.6.0-1.0.0-105.jar;C:/AMDDesignTools/2025.2/Vivado\lib\classes\org.eclipse.core.filesystem_1.7.400.v20190518-1151-1.0.0-105.jar;C:/AMDDesignTools/2025.2/Vivado\lib\classes\org.eclipse.core.jobs_3.10.400.v20190506-1457-1.0.0-105.jar;C:/AMDDesignTools/2025.2/Vivado\lib\classes\org.eclipse.core.resources_3.13.400.v20190505-1655-1.0.0-105.jar;C:/AMDDesignTools/2025.2/Vivado\lib\classes\org.eclipse.emf.common_2.18.0.v20191225-1014-1.0.0-105.jar;C:/AMDDesignTools/2025.2/Vivado\lib\classes\org.eclipse.emf.ecore.xmi_2.16.0.v20190528-0725-1.0.0-105.jar;C:/AMDDesignTools/2025.2/Vivado\lib\classes\org.eclipse.emf.ecore_2.21.0.v20200127-1342-1.0.0-105.jar;C:/AMDDesignTools/2025.2/Vivado\lib\classes\org.eclipse.equinox.common_3.11.0.v20200206-0817-1.0.0-105.jar;C:/AMDDesignTools/2025.2/Vivado\lib\classes\org.eclipse.equinox.registry_3.8.400.v20190516-1504-1.0.0-105.jar;C:/AMDDesignTools/2025.2/Vivado\lib\classes\org.eclipse.xtext.util_2.18.0.v20190603-1042-1.0.0-105.jar;C:/AMDDesignTools/2025.2/Vivado\lib\classes\perfmark-api-0.25.0.jar;C:/AMDDesignTools/2025.2/Vivado\lib\classes\picocli-4.1.2.jar;C:/AMDDesignTools/2025.2/Vivado\lib\classes\planAhead.jar;C:/AMDDesignTools/2025.2/Vivado\lib\classes\poi-4.1.1-3.8.0-105.jar;C:/AMDDesignTools/2025.2/Vivado\lib\classes\poi-ooxml-4.1.1-3.8.0-105.jar;C:/AMDDesignTools/2025.2/Vivado\lib\classes\poi-ooxml-schemas-4.1.1-3.8.0-105.jar;C:/AMDDesignTools/2025.2/Vivado\lib\classes\proto-google-common-protos-2.9.0.jar;C:/AMDDesignTools/2025.2/Vivado\lib\classes\protobuf-java-3.21.12.jar;C:/AMDDesignTools/2025.2/Vivado\lib\classes\protobuf-java-util-3.21.12.jar;C:/AMDDesignTools/2025.2/Vivado\lib\classes\RuleService-1.24.0-665.jar;C:/AMDDesignTools/2025.2/Vivado\lib\classes\slf4j-api-2.0.7.jar;C:/AMDDesignTools/2025.2/Vivado\lib\classes\swingx-core-1.6.2-105.jar;C:/AMDDesignTools/2025.2/Vivado\lib\classes\synthetica-3.3.1-105.jar;C:/AMDDesignTools/2025.2/Vivado\lib\classes\syntheticaAddons-3.3.1-105.jar;C:/AMDDesignTools/2025.2/Vivado\lib\classes\syntheticaDark-3.3.1-105.jar;C:/AMDDesignTools/2025.2/Vivado\lib\classes\syntheticaPlain-3.3.1-105.jar;C:/AMDDesignTools/2025.2/Vivado\lib\classes\syntheticaPlainAddon-3.3.1-105.jar;C:/AMDDesignTools/2025.2/Vivado\lib\classes\va-shared-1.0.0-665.jar;C:/AMDDesignTools/2025.2/Vivado\lib\classes\VlmGUI.jar;C:/AMDDesignTools/2025.2/Vivado\lib\classes\xml-apis-ext-1.0.0-105.jar;C:/AMDDesignTools/2025.2/Vivado\lib\classes\xmlbeans-3.1.0-3.8.0-105.jar;C:/AMDDesignTools/2025.2/Vivado\lib\classes\xmlgraphics-commons-1.0.0-105.jar;C:/AMDDesignTools/2025.2/Vivado\lib\classes\yfiles-for-java-swing-3.3.0-105.jar;C:/AMDDesignTools/2025.2/Vivado\lib\classes\windows\gluegen-rt-95.0.4638.69.jar;C:/AMDDesignTools/2025.2/Vivado\lib\classes\windows\gluegen-rt-natives-windows-amd64-95.0.4638.69.jar;C:/AMDDesignTools/2025.2/Vivado\lib\classes\windows\javafx-swt-21.0.5.jar;C:/AMDDesignTools/2025.2/Vivado\lib\classes\windows\javafx.base-21.0.5.jar;C:/AMDDesignTools/2025.2/Vivado\lib\classes\windows\javafx.controls-21.0.5.jar;C:/AMDDesignTools/2025.2/Vivado\lib\classes\windows\javafx.fxml-21.0.5.jar;C:/AMDDesignTools/2025.2/Vivado\lib\classes\windows\javafx.graphics-21.0.5.jar;C:/AMDDesignTools/2025.2/Vivado\lib\classes\windows\javafx.media-21.0.5.jar;C:/AMDDesignTools/2025.2/Vivado\lib\classes\windows\javafx.swing-21.0.5.jar;C:/AMDDesignTools/2025.2/Vivado\lib\classes\windows\javafx.web-21.0.5.jar;C:/AMDDesignTools/2025.2/Vivado\lib\classes\windows\jogl-all-95.0.4638.69.jar;C:/AMDDesignTools/2025.2/Vivado\lib\classes\windows\jogl-all-natives-windows-amd64-95.0.4638.69.jar
Launcher Type: generic

[Global flags]
     intx CICompilerCount                          = 12                                        {product} {ergonomic}
     uint ConcGCThreads                            = 1                                         {product} {ergonomic}
     uint G1ConcRefinementThreads                  = 4                                         {product} {ergonomic}
   size_t G1HeapRegionSize                         = 4194304                                   {product} {ergonomic}
    uintx GCDrainStackTargetSize                   = 64                                        {product} {ergonomic}
   size_t InitialHeapSize                          = 851443712                                 {product} {command line}
   size_t MarkStackSize                            = 4194304                                   {product} {ergonomic}
    uintx MaxGCPauseMillis                         = 200                                       {product} {command line}
   size_t MaxHeapSize                              = 6442450944                                {product} {command line}
   size_t MaxNewSize                               = 83886080                                  {product} {command line}
   size_t MinHeapDeltaBytes                        = 4194304                                   {product} {ergonomic}
   size_t MinHeapSize                              = 851443712                                 {product} {command line}
   size_t NewSize                                  = 83886080                                  {product} {command line}
    uintx NonNMethodCodeHeapSize                   = 7602480                                {pd product} {ergonomic}
    uintx NonProfiledCodeHeapSize                  = 122027880                              {pd product} {ergonomic}
     uint ParallelGCThreads                        = 4                                         {product} {command line}
     bool ParallelRefProcEnabled                   = true                                      {product} {command line}
    uintx ProfiledCodeHeapSize                     = 122027880                              {pd product} {ergonomic}
    uintx ReservedCodeCacheSize                    = 251658240                              {pd product} {ergonomic}
     bool SegmentedCodeCache                       = true                                      {product} {ergonomic}
   size_t SoftMaxHeapSize                          = 6442450944                             {manageable} {ergonomic}
    uintx StringTableSize                          = 4072                                      {product} {command line}
     intx ThreadStackSize                          = 10240                                  {pd product} {command line}
     bool UseCompressedOops                        = true                           {product lp64_product} {ergonomic}
     bool UseG1GC                                  = true                                      {product} {ergonomic}
     bool UseLargePagesIndividualAllocation        = false                                  {pd product} {ergonomic}
     bool UsePerfData                              = false                                     {product} {command line}
     bool UseStringDeduplication                   = true                                      {product} {command line}

Logging:
Log output configuration:
 #0: stdout all=warning uptime,level,tags foldmultilines=false
 #1: stderr all=off uptime,level,tags foldmultilines=false

Environment Variables:
JAVA_HOME=C:\Program Files\Eclipse Adoptium\jdk-17.0.18.8-hotspot
PATH=C:/AMDDesignTools/2025.2/Vivado\tps\win64\python-3.13.0;C:/AMDDesignTools/2025.2/Vivado\tps\win64\python-3.13.0\bin;C:/AMDDesignTools/2025.2/Vivado\tps\win64\python-3.13.0\lib;C:/AMDDesignTools/2025.2/Vivado\tps\win64\python-3.13.0\lib\site-packages;C:/AMDDesignTools/2025.2/Vivado\gnuwin\bin;C:/AMDDesignTools/2025.2/Vivado\gnu\microblaze\nt\bin;C:/AMDDesignTools/2025.2/Vivado/bin;C:/AMDDesignTools/2025.2/Vivado\tps\win64;C:/AMDDesignTools/2025.2/Vivado/tps/win64/java-cef-95.0.4638.69/bin/lib/win64;C:/AMDDesignTools/2025.2/Vivado/tps/win64/javafx-sdk-21.0.5/lib;C:/AMDDesignTools/2025.2/Vivado/tps/win64/javafx-sdk-21.0.5/bin;C:/AMDDesignTools/2025.2/Vivado/lib/win64.o;C:/AMDDesignTools/2025.2/Vivado/tps/win64/jre21.0.5_11/bin/server;C:/AMDDesignTools/2025.2/Vivado/tps/win64/jre21.0.5_11/bin;C:/AMDDesignTools/2025.2/Vitis/bin;C:/AMDDesignTools/2025.2/Vivado/ids_lite/ISE/bin/nt64;C:/AMDDesignTools/2025.2/Vivado/ids_lite/ISE/lib/nt64;C:\Program Files\Eclipse Adoptium\jdk-17.0.18.8-hotspot\bin;C:\Program Files\Java\jdk-25.0.2\bin;C:\Program Files\Java\jdk-21.0.10\bin;C:\WINDOWS\system32;C:\WINDOWS;C:\WINDOWS\System32\Wbem;C:\WINDOWS\System32\WindowsPowerShell\v1.0\;C:\WINDOWS\System32\OpenSSH\;C:\Program Files\NVIDIA Corporation\NVIDIA NvDLISR;C:\Program Files (x86)\NVIDIA Corporation\PhysX\Common;C:\Program Files\dotnet\;C:\Users\User\AppData\Local\Programs\Python\Python311\;C:\Program Files (x86)\Windows Kits\10\Windows Performance Toolkit\;C:\Program Files\nodejs\;C:\Program Files\Git\cmd;C:\Program Files\PostgreSQL\18\bin;C:\Users\User\Desktop\New folder\ucrt64\bin;C:\Users\User\Downloads\winlibs-x86_64-posix-seh-gcc-13.2.0-mingw-w64ucrt-11.0.1-r8\mingw64\bin;C:\Users\User\AppData\Local\Programs\Python\Python311\Scripts\;C:\Users\User\AppData\Local\Programs\Python\Python313\Scripts\;C:\Users\User\AppData\Local\Programs\Python\Python313\;C:\Users\User\AppData\Local\Programs\Python\Launcher\;C:\Users\User\AppData\Local\Microsoft\WindowsApps;C:\Users\User\.dotnet\tools;C:\Users\User\AppData\Roaming\npm;C:\Users\User\AppData\Local\Programs\Microsoft VS Code\bin;C:/AMDDesignTools/2025.2/Vivado\tps\mingw\6.2.0\win64.o\nt\bin;C:/AMDDesignTools/2025.2/Vivado\tps\mingw\6.2.0\win64.o\nt\libexec\gcc\x86_64-w64-mingw32\6.2.0
USERNAME=User
OS=Windows_NT
PROCESSOR_IDENTIFIER=Intel64 Family 6 Model 186 Stepping 2, GenuineIntel
TMP=C:\Users\User\AppData\Local\Temp
TEMP=C:\Users\User\AppData\Local\Temp




Periodic native trim disabled

---------------  S Y S T E M  ---------------

OS:
 Windows 11 , 64 bit Build 26100 (10.0.26100.8246)
OS uptime: 16 days 4:29 hours
Hyper-V role detected

CPU: total 16 (initial active 16) (8 cores per cpu, 2 threads per core) family 6 model 186 stepping 2 microcode 0x410e, cx8, cmov, fxsr, ht, mmx, 3dnowpref, sse, sse2, sse3, ssse3, sse4.1, sse4.2, popcnt, lzcnt, tsc, tscinvbit, avx, avx2, aes, erms, clmul, bmi1, bmi2, adx, sha, fma, vzeroupper, clflush, clflushopt, clwb, hv, serialize, rdtscp, rdpid, fsrm, f16c, cet_ibt, cet_ss
Processor Information for processor 0
  Max Mhz: 2400, Current Mhz: 2400, Mhz Limit: 2400
Processor Information for processor 1
  Max Mhz: 2400, Current Mhz: 2400, Mhz Limit: 2400
Processor Information for processor 2
  Max Mhz: 2400, Current Mhz: 2400, Mhz Limit: 2400
Processor Information for processor 3
  Max Mhz: 2400, Current Mhz: 2400, Mhz Limit: 2400
Processor Information for processor 4
  Max Mhz: 2400, Current Mhz: 2400, Mhz Limit: 2400
Processor Information for processor 5
  Max Mhz: 2400, Current Mhz: 2400, Mhz Limit: 2400
Processor Information for processor 6
  Max Mhz: 2400, Current Mhz: 2400, Mhz Limit: 2400
Processor Information for processor 7
  Max Mhz: 2400, Current Mhz: 2400, Mhz Limit: 2400
Processor Information for processor 8
  Max Mhz: 2400, Current Mhz: 2400, Mhz Limit: 2400
Processor Information for processor 9
  Max Mhz: 2400, Current Mhz: 2400, Mhz Limit: 2400
Processor Information for processor 10
  Max Mhz: 2400, Current Mhz: 2400, Mhz Limit: 2400
Processor Information for processor 11
  Max Mhz: 2400, Current Mhz: 2400, Mhz Limit: 2400
Processor Information for processor 12
  Max Mhz: 2400, Current Mhz: 1466, Mhz Limit: 2400
Processor Information for processor 13
  Max Mhz: 2400, Current Mhz: 1466, Mhz Limit: 2400
Processor Information for processor 14
  Max Mhz: 2400, Current Mhz: 2400, Mhz Limit: 2400
Processor Information for processor 15
  Max Mhz: 2400, Current Mhz: 1466, Mhz Limit: 2400

Memory: 4k page, system-wide physical 16087M (3636M free)
TotalPageFile size 22043M (AvailPageFile size 4683M)
current process WorkingSet (physical memory assigned to process): 2042M, peak: 2042M
current process commit charge ("private bytes"): 4021M, peak: 4590M

vm_info: OpenJDK 64-Bit Server VM (21.0.5+11-LTS) for windows-amd64 JRE (21.0.5+11-LTS), built on 2024-10-15T00:00:00Z by "admin" with MS VC++ 17.7 (VS2022)

END.
