#-----------------------------------------------------------
# Vivado v2025.2 (64-bit)
# SW Build 6299465 on Fri Nov 14 19:35:11 GMT 2025
# IP Build 6300035 on Fri Nov 14 10:48:45 MST 2025
# SharedData Build 6298862 on Thu Nov 13 04:50:51 MST 2025
# Start of session at: Fri May  8 20:38:58 2026
# Process ID         : 40248
# Current directory  : C:/Users/User/Desktop/normal_process/normal_process
# Command line       : vivado.exe -gui_launcher_event rodinguilauncherevent9232 C:\Users\User\Desktop\normal_process\normal_process\normal_process.xpr
# Log file           : C:/Users/User/Desktop/normal_process/normal_process/vivado.log
# Journal file       : C:/Users/User/Desktop/normal_process/normal_process\vivado.jou
# Running On         : DESKTOP-01DHTB0
# Platform           : Windows Server 2016 or Windows 10
# Operating System   : 26200
# Processor Detail   : 13th Gen Intel(R) Core(TM) i7-13620H
# CPU Frequency      : 2918 MHz
# CPU Physical cores : 10
# CPU Logical cores  : 16
# Host memory        : 16868 MB
# Swap memory        : 6244 MB
# Total Virtual      : 23113 MB
# Available Virtual  : 9413 MB
#-----------------------------------------------------------
start_gui
WARNING: [Board 49-26] cannot add Board Part digilentinc.com:arty-a7-100:part0:1.0 available at C:/AMDDesignTools/2025.2/data/boards/board_files\arty-a7-100\E.0\1.0\board.xml as part xc7a100tcsg324-1 specified in board_part file is either invalid or not available
WARNING: [Board 49-26] cannot add Board Part digilentinc.com:arty-a7-100:part0:1.1 available at C:/AMDDesignTools/2025.2/data/boards/board_files\arty-a7-100\E.0\1.1\board.xml as part xc7a100tcsg324-1 specified in board_part file is either invalid or not available
WARNING: [Board 49-26] cannot add Board Part digilentinc.com:arty-a7-35:part0:1.0 available at C:/AMDDesignTools/2025.2/data/boards/board_files\arty-a7-35\E.0\1.0\board.xml as part xc7a35ticsg324-1l specified in board_part file is either invalid or not available
WARNING: [Board 49-26] cannot add Board Part digilentinc.com:arty-a7-35:part0:1.1 available at C:/AMDDesignTools/2025.2/data/boards/board_files\arty-a7-35\E.0\1.1\board.xml as part xc7a35ticsg324-1l specified in board_part file is either invalid or not available
WARNING: [Board 49-26] cannot add Board Part digilentinc.com:arty-z7-10:part0:1.1 available at C:/AMDDesignTools/2025.2/data/boards/board_files\arty-z7-10\A.0\board.xml as part xc7z010clg400-1 specified in board_part file is either invalid or not available
WARNING: [Board 49-26] cannot add Board Part digilentinc.com:arty-z7-20:part0:1.1 available at C:/AMDDesignTools/2025.2/data/boards/board_files\arty-z7-20\A.0\board.xml as part xc7z020clg400-1 specified in board_part file is either invalid or not available
WARNING: [Board 49-26] cannot add Board Part digilentinc.com:arty:part0:1.1 available at C:/AMDDesignTools/2025.2/data/boards/board_files\arty\C.0\board.xml as part xc7a35ticsg324-1l specified in board_part file is either invalid or not available
WARNING: [Board 49-26] cannot add Board Part digilentinc.com:basys3:part0:1.2 available at C:/AMDDesignTools/2025.2/data/boards/board_files\basys3\C.0\board.xml as part xc7a35tcpg236-1 specified in board_part file is either invalid or not available
WARNING: [Board 49-26] cannot add Board Part digilentinc.com:cmod_a7-15t:part0:1.2 available at C:/AMDDesignTools/2025.2/data/boards/board_files\cmod_a7-15t\B.0\board.xml as part xc7a15tcpg236-1 specified in board_part file is either invalid or not available
WARNING: [Board 49-26] cannot add Board Part digilentinc.com:cmod_a7-35t:part0:1.2 available at C:/AMDDesignTools/2025.2/data/boards/board_files\cmod_a7-35t\B.0\board.xml as part xc7a35tcpg236-1 specified in board_part file is either invalid or not available
WARNING: [Board 49-26] cannot add Board Part digilentinc.com:cora-z7-07s:part0:1.1 available at C:/AMDDesignTools/2025.2/data/boards/board_files\cora-z7-07s\B.0\board.xml as part xc7z007sclg400-1 specified in board_part file is either invalid or not available
WARNING: [Board 49-26] cannot add Board Part digilentinc.com:cora-z7-10:part0:1.1 available at C:/AMDDesignTools/2025.2/data/boards/board_files\cora-z7-10\B.0\board.xml as part xc7z010clg400-1 specified in board_part file is either invalid or not available
WARNING: [Board 49-26] cannot add Board Part digilentinc.com:eclypse-z7:part0:1.0 available at C:/AMDDesignTools/2025.2/data/boards/board_files\eclypse-z7\A.0\board.xml as part xc7z020clg484-1 specified in board_part file is either invalid or not available
WARNING: [Board 49-26] cannot add Board Part digilentinc.com:eclypse-z7:part0:1.1 available at C:/AMDDesignTools/2025.2/data/boards/board_files\eclypse-z7\B.0\board.xml as part xc7z020clg484-1 specified in board_part file is either invalid or not available
WARNING: [Board 49-26] cannot add Board Part digilentinc.com:genesys2:part0:1.1 available at C:/AMDDesignTools/2025.2/data/boards/board_files\genesys2\H\board.xml as part xc7k325tffg900-2 specified in board_part file is either invalid or not available
WARNING: [Board 49-26] cannot add Board Part digilentinc.com:gzu_3eg:part0:1.0 available at C:/AMDDesignTools/2025.2/data/boards/board_files\genesys-zu-3eg\B.0\board.xml as part xczu3eg-sfvc784-1-e specified in board_part file is either invalid or not available
WARNING: [Board 49-26] cannot add Board Part digilentinc.com:gzu_3eg:part0:1.1 available at C:/AMDDesignTools/2025.2/data/boards/board_files\genesys-zu-3eg\D.0\board.xml as part xczu3eg-sfvc784-1-e specified in board_part file is either invalid or not available
WARNING: [Board 49-26] cannot add Board Part digilentinc.com:gzu_5ev:part0:1.1 available at C:/AMDDesignTools/2025.2/data/boards/board_files\genesys-zu-5ev\C.0\board.xml as part xczu5ev-sfvc784-1-e specified in board_part file is either invalid or not available
WARNING: [Board 49-26] cannot add Board Part digilentinc.com:nexys-a7-100t:part0:1.0 available at C:/AMDDesignTools/2025.2/data/boards/board_files\nexys-a7-100t\D.0\1.0\board.xml as part xc7a100tcsg324-1 specified in board_part file is either invalid or not available
WARNING: [Board 49-26] cannot add Board Part digilentinc.com:nexys-a7-100t:part0:1.3 available at C:/AMDDesignTools/2025.2/data/boards/board_files\nexys-a7-100t\D.0\1.3\board.xml as part xc7a100tcsg324-1 specified in board_part file is either invalid or not available
WARNING: [Board 49-26] cannot add Board Part digilentinc.com:nexys-a7-50t:part0:1.0 available at C:/AMDDesignTools/2025.2/data/boards/board_files\nexys-a7-50t\D.0\1.0\board.xml as part xc7a50ticsg324-1l specified in board_part file is either invalid or not available
WARNING: [Board 49-26] cannot add Board Part digilentinc.com:nexys-a7-50t:part0:1.3 available at C:/AMDDesignTools/2025.2/data/boards/board_files\nexys-a7-50t\D.0\1.3\board.xml as part xc7a50ticsg324-1l specified in board_part file is either invalid or not available
WARNING: [Board 49-26] cannot add Board Part digilentinc.com:nexys4:part0:1.1 available at C:/AMDDesignTools/2025.2/data/boards/board_files\nexys4\B.1\board.xml as part xc7a100tcsg324-1 specified in board_part file is either invalid or not available
WARNING: [Board 49-26] cannot add Board Part digilentinc.com:nexys4_ddr:part0:1.1 available at C:/AMDDesignTools/2025.2/data/boards/board_files\nexys4_ddr\C.1\board.xml as part xc7a100tcsg324-1 specified in board_part file is either invalid or not available
WARNING: [Board 49-26] cannot add Board Part digilentinc.com:nexys_video:part0:1.1 available at C:/AMDDesignTools/2025.2/data/boards/board_files\nexys_video\A.0\1.1\board.xml as part xc7a200tsbg484-1 specified in board_part file is either invalid or not available
WARNING: [Board 49-26] cannot add Board Part digilentinc.com:nexys_video:part0:1.2 available at C:/AMDDesignTools/2025.2/data/boards/board_files\nexys_video\A.0\1.2\board.xml as part xc7a200tsbg484-1 specified in board_part file is either invalid or not available
WARNING: [Board 49-26] cannot add Board Part digilentinc.com:sword:part0:1.0 available at C:/AMDDesignTools/2025.2/data/boards/board_files\sword\C.0\board.xml as part xc7k325tffg900-2 specified in board_part file is either invalid or not available
WARNING: [Board 49-26] cannot add Board Part digilentinc.com:usb104-a7:part0:1.0 available at C:/AMDDesignTools/2025.2/data/boards/board_files\usb104-a7\B\1.0\board.xml as part xc7a100tcsg324-1 specified in board_part file is either invalid or not available
WARNING: [Board 49-26] cannot add Board Part digilentinc.com:usb104-a7:part0:1.1 available at C:/AMDDesignTools/2025.2/data/boards/board_files\usb104-a7\B\1.1\board.xml as part xc7a100tcsg324-1 specified in board_part file is either invalid or not available
WARNING: [Board 49-26] cannot add Board Part digilentinc.com:usb104-a7:part0:1.2 available at C:/AMDDesignTools/2025.2/data/boards/board_files\usb104-a7\B\1.2\board.xml as part xc7a100tcsg324-1 specified in board_part file is either invalid or not available
WARNING: [Board 49-26] cannot add Board Part digilentinc.com:usb104-a7:part0:1.3 available at C:/AMDDesignTools/2025.2/data/boards/board_files\usb104-a7\B\1.3\board.xml as part xc7a100tcsg324-1 specified in board_part file is either invalid or not available
WARNING: [Board 49-26] cannot add Board Part digilentinc.com:zedboard:part0:1.1 available at C:/AMDDesignTools/2025.2/data/boards/board_files\zedboard\1.3\board.xml as part xc7z020clg484-1 specified in board_part file is either invalid or not available
WARNING: [Board 49-26] cannot add Board Part digilentinc.com:zybo-z7-10:part0:1.2 available at C:/AMDDesignTools/2025.2/data/boards/board_files\zybo-z7-10\A.0\board.xml as part xc7z010clg400-1 specified in board_part file is either invalid or not available
WARNING: [Board 49-26] cannot add Board Part digilentinc.com:zybo-z7-20:part0:1.2 available at C:/AMDDesignTools/2025.2/data/boards/board_files\zybo-z7-20\A.0\board.xml as part xc7z020clg400-1 specified in board_part file is either invalid or not available
WARNING: [Board 49-26] cannot add Board Part digilentinc.com:zybo:part0:1.0 available at C:/AMDDesignTools/2025.2/data/boards/board_files\zybo\B.3\board.xml as part xc7z010clg400-1 specified in board_part file is either invalid or not available
WARNING: [Board 49-26] cannot add Board Part digilentinc.com:zybo:part0:2.0 available at C:/AMDDesignTools/2025.2/data/boards/board_files\zybo\B.4\board.xml as part xc7z010clg400-1 specified in board_part file is either invalid or not available
WARNING: [Board 49-26] cannot add Board Part xilinx.com:ac701:part0:1.4 available at C:/AMDDesignTools/2025.2/data/xhub/boards\XilinxBoardStore\boards\Xilinx\ac701\1.4\board.xml as part xc7a200tfbg676-2 specified in board_part file is either invalid or not available
WARNING: [Board 49-26] cannot add Board Part xilinx.com:emb-plus-vpr-4616:part0:1.0 available at C:/AMDDesignTools/2025.2/data/xhub/boards\XilinxBoardStore\boards\Xilinx\emb-plus-vpr-4616\1.0\board.xml as part xcve2302-sfva784-2mp-e-s specified in board_part file is either invalid or not available
WARNING: [Board 49-26] cannot add Board Part xilinx.com:emb-plus-vpr-4616:part0:1.1 available at C:/AMDDesignTools/2025.2/data/xhub/boards\XilinxBoardStore\boards\Xilinx\emb-plus-vpr-4616\1.1\board.xml as part xcve2302-sfva784-2mp-e-s specified in board_part file is either invalid or not available
WARNING: [Board 49-26] cannot add Board Part xilinx.com:k24c:part0:1.0 available at C:/AMDDesignTools/2025.2/data/xhub/boards\XilinxBoardStore\boards\Xilinx\k24c\1.0\board.xml as part xck24-ubva530-2lv-c specified in board_part file is either invalid or not available
WARNING: [Board 49-26] cannot add Board Part xilinx.com:k24c:part0:1.1 available at C:/AMDDesignTools/2025.2/data/xhub/boards\XilinxBoardStore\boards\Xilinx\k24c\1.1\board.xml as part xck24-ubva530-2lv-c specified in board_part file is either invalid or not available
WARNING: [Board 49-26] cannot add Board Part xilinx.com:k24i:part0:1.0 available at C:/AMDDesignTools/2025.2/data/xhub/boards\XilinxBoardStore\boards\Xilinx\k24i\1.0\board.xml as part xck24-ubva530-2lvi-i specified in board_part file is either invalid or not available
WARNING: [Board 49-26] cannot add Board Part xilinx.com:k26c:part0:1.2 available at C:/AMDDesignTools/2025.2/data/xhub/boards\XilinxBoardStore\boards\Xilinx\k26c\1.2\board.xml as part xck26-sfvc784-2lv-c specified in board_part file is either invalid or not available
WARNING: [Board 49-26] cannot add Board Part xilinx.com:k26c:part0:1.3 available at C:/AMDDesignTools/2025.2/data/xhub/boards\XilinxBoardStore\boards\Xilinx\k26c\1.3\board.xml as part xck26-sfvc784-2lv-c specified in board_part file is either invalid or not available
WARNING: [Board 49-26] cannot add Board Part xilinx.com:k26c:part0:1.4 available at C:/AMDDesignTools/2025.2/data/xhub/boards\XilinxBoardStore\boards\Xilinx\k26c\1.4\board.xml as part xck26-sfvc784-2lv-c specified in board_part file is either invalid or not available
WARNING: [Board 49-26] cannot add Board Part xilinx.com:k26i:part0:1.2 available at C:/AMDDesignTools/2025.2/data/xhub/boards\XilinxBoardStore\boards\Xilinx\k26i\1.2\board.xml as part xck26-sfvc784-2lvi-i specified in board_part file is either invalid or not available
WARNING: [Board 49-26] cannot add Board Part xilinx.com:k26i:part0:1.3 available at C:/AMDDesignTools/2025.2/data/xhub/boards\XilinxBoardStore\boards\Xilinx\k26i\1.3\board.xml as part xck26-sfvc784-2lvi-i specified in board_part file is either invalid or not available
WARNING: [Board 49-26] cannot add Board Part xilinx.com:k26i:part0:1.4 available at C:/AMDDesignTools/2025.2/data/xhub/boards\XilinxBoardStore\boards\Xilinx\k26i\1.4\board.xml as part xck26-sfvc784-2lvi-i specified in board_part file is either invalid or not available
WARNING: [Board 49-26] cannot add Board Part xilinx.com:kc705:part0:1.6 available at C:/AMDDesignTools/2025.2/data/xhub/boards\XilinxBoardStore\boards\Xilinx\kc705\1.6\board.xml as part xc7k325tffg900-2 specified in board_part file is either invalid or not available
WARNING: [Board 49-26] cannot add Board Part xilinx.com:kc705:part0:1.7 available at C:/AMDDesignTools/2025.2/data/xhub/boards\XilinxBoardStore\boards\Xilinx\kc705\1.7\board.xml as part xc7k325tffg900-2 specified in board_part file is either invalid or not available
WARNING: [Board 49-26] cannot add Board Part xilinx.com:kcu105:part0:1.6 available at C:/AMDDesignTools/2025.2/data/xhub/boards\XilinxBoardStore\boards\Xilinx\kcu105\1.6\board.xml as part xcku040-ffva1156-2-e specified in board_part file is either invalid or not available
WARNING: [Board 49-26] cannot add Board Part xilinx.com:kcu105:part0:1.7 available at C:/AMDDesignTools/2025.2/data/xhub/boards\XilinxBoardStore\boards\Xilinx\kcu105\1.7\board.xml as part xcku040-ffva1156-2-e specified in board_part file is either invalid or not available
WARNING: [Board 49-26] cannot add Board Part xilinx.com:kcu116:part0:1.4 available at C:/AMDDesignTools/2025.2/data/xhub/boards\XilinxBoardStore\boards\Xilinx\kcu116\1.4\board.xml as part xcku5p-ffvb676-2-e specified in board_part file is either invalid or not available
WARNING: [Board 49-26] cannot add Board Part xilinx.com:kcu116:part0:1.5 available at C:/AMDDesignTools/2025.2/data/xhub/boards\XilinxBoardStore\boards\Xilinx\kcu116\1.5\board.xml as part xcku5p-ffvb676-2-e specified in board_part file is either invalid or not available
WARNING: [Board 49-26] cannot add Board Part xilinx.com:kcu1500:part0:1.2 available at C:/AMDDesignTools/2025.2/data/xhub/boards\XilinxBoardStore\boards\Xilinx\kcu1500\1.2\board.xml as part xcku115-flvb2104-2-e specified in board_part file is either invalid or not available
WARNING: [Board 49-26] cannot add Board Part xilinx.com:kd240_som:part0:1.0 available at C:/AMDDesignTools/2025.2/data/xhub/boards\XilinxBoardStore\boards\Xilinx\kd240_som\1.0\board.xml as part xck24-ubva530-2lv-c specified in board_part file is either invalid or not available
WARNING: [Board 49-26] cannot add Board Part xilinx.com:kd240_som:part0:1.1 available at C:/AMDDesignTools/2025.2/data/xhub/boards\XilinxBoardStore\boards\Xilinx\kd240_som\1.1\board.xml as part xck24-ubva530-2lv-c specified in board_part file is either invalid or not available
WARNING: [Board 49-26] cannot add Board Part xilinx.com:kr260_som:part0:1.0 available at C:/AMDDesignTools/2025.2/data/xhub/boards\XilinxBoardStore\boards\Xilinx\kr260_som\1.0\board.xml as part xck26-sfvc784-2lv-c specified in board_part file is either invalid or not available
WARNING: [Board 49-26] cannot add Board Part xilinx.com:kr260_som:part0:1.1 available at C:/AMDDesignTools/2025.2/data/xhub/boards\XilinxBoardStore\boards\Xilinx\kr260_som\1.1\board.xml as part xck26-sfvc784-2lv-c specified in board_part file is either invalid or not available
WARNING: [Board 49-26] cannot add Board Part xilinx.com:kv260_som:part0:1.2 available at C:/AMDDesignTools/2025.2/data/xhub/boards\XilinxBoardStore\boards\Xilinx\kv260_som\1.2\board.xml as part xck26-sfvc784-2lv-c specified in board_part file is either invalid or not available
WARNING: [Board 49-26] cannot add Board Part xilinx.com:kv260_som:part0:1.3 available at C:/AMDDesignTools/2025.2/data/xhub/boards\XilinxBoardStore\boards\Xilinx\kv260_som\1.3\board.xml as part xck26-sfvc784-2lv-c specified in board_part file is either invalid or not available
WARNING: [Board 49-26] cannot add Board Part xilinx.com:kv260_som:part0:1.4 available at C:/AMDDesignTools/2025.2/data/xhub/boards\XilinxBoardStore\boards\Xilinx\kv260_som\1.4\board.xml as part xck26-sfvc784-2lv-c specified in board_part file is either invalid or not available
WARNING: [Board 49-26] cannot add Board Part xilinx.com:scu35:part0:1.0 available at C:/AMDDesignTools/2025.2/data/xhub/boards\XilinxBoardStore\boards\Xilinx\scu35\1.0\board.xml as part xcsu35p-sbvb625-2-e specified in board_part file is either invalid or not available
WARNING: [Board 49-26] cannot add Board Part xilinx.com:v80:part0:1.0 available at C:/AMDDesignTools/2025.2/data/xhub/boards\XilinxBoardStore\boards\Xilinx\v80\1.0\board.xml as part xcv80-lsva4737-2mhp-e-s specified in board_part file is either invalid or not available
WARNING: [Board 49-26] cannot add Board Part xilinx.com:vc707:part0:1.4 available at C:/AMDDesignTools/2025.2/data/xhub/boards\XilinxBoardStore\boards\Xilinx\vc707\1.4\board.xml as part xc7vx485tffg1761-2 specified in board_part file is either invalid or not available
WARNING: [Board 49-26] cannot add Board Part xilinx.com:vc707:part0:1.5 available at C:/AMDDesignTools/2025.2/data/xhub/boards\XilinxBoardStore\boards\Xilinx\vc707\1.5\board.xml as part xc7vx485tffg1761-2 specified in board_part file is either invalid or not available
WARNING: [Board 49-26] cannot add Board Part xilinx.com:vc709:part0:1.8 available at C:/AMDDesignTools/2025.2/data/xhub/boards\XilinxBoardStore\boards\Xilinx\vc709\1.8\board.xml as part xc7vx690tffg1761-2 specified in board_part file is either invalid or not available
WARNING: [Board 49-26] cannot add Board Part xilinx.com:vck190:part0:2.2 available at C:/AMDDesignTools/2025.2/data/xhub/boards\XilinxBoardStore\boards\Xilinx\vck190\production\2.2\board.xml as part xcvc1902-vsva2197-2mp-e-s specified in board_part file is either invalid or not available
WARNING: [Board 49-26] cannot add Board Part xilinx.com:vck190:part0:3.0 available at C:/AMDDesignTools/2025.2/data/xhub/boards\XilinxBoardStore\boards\Xilinx\vck190\production\3.0\board.xml as part xcvc1902-vsva2197-2mp-e-s specified in board_part file is either invalid or not available
WARNING: [Board 49-26] cannot add Board Part xilinx.com:vck190:part0:3.1 available at C:/AMDDesignTools/2025.2/data/xhub/boards\XilinxBoardStore\boards\Xilinx\vck190\production\3.1\board.xml as part xcvc1902-vsva2197-2mp-e-s specified in board_part file is either invalid or not available
WARNING: [Board 49-26] cannot add Board Part xilinx.com:vck190:part0:3.2 available at C:/AMDDesignTools/2025.2/data/xhub/boards\XilinxBoardStore\boards\Xilinx\vck190\production\3.2\board.xml as part xcvc1902-vsva2197-2mp-e-s specified in board_part file is either invalid or not available
WARNING: [Board 49-26] cannot add Board Part xilinx.com:vck190:part0:3.3 available at C:/AMDDesignTools/2025.2/data/xhub/boards\XilinxBoardStore\boards\Xilinx\vck190\production\3.3\board.xml as part xcvc1902-vsva2197-2mp-e-s specified in board_part file is either invalid or not available
WARNING: [Board 49-26] cannot add Board Part xilinx.com:vck190:part0:3.4 available at C:/AMDDesignTools/2025.2/data/xhub/boards\XilinxBoardStore\boards\Xilinx\vck190\production\3.4\board.xml as part xcvc1902-vsva2197-2mp-e-s specified in board_part file is either invalid or not available
WARNING: [Board 49-26] cannot add Board Part xilinx.com:vck190_newl:part0:1.0 available at C:/AMDDesignTools/2025.2/data/xhub/boards\XilinxBoardStore\boards\Xilinx\vck190_newl\production\1.0\board.xml as part xcvc1902-vsva2197-2mp-e-s specified in board_part file is either invalid or not available
WARNING: [Board 49-26] cannot add Board Part xilinx.com:vck190_newl:part0:1.1 available at C:/AMDDesignTools/2025.2/data/xhub/boards\XilinxBoardStore\boards\Xilinx\vck190_newl\production\1.1\board.xml as part xcvc1902-vsva2197-2mp-e-s specified in board_part file is either invalid or not available
WARNING: [Board 49-26] cannot add Board Part xilinx.com:vck190_newl:part0:1.2 available at C:/AMDDesignTools/2025.2/data/xhub/boards\XilinxBoardStore\boards\Xilinx\vck190_newl\production\1.2\board.xml as part xcvc1902-vsva2197-2mp-e-s specified in board_part file is either invalid or not available
WARNING: [Board 49-26] cannot add Board Part xilinx.com:vck190_newl:part0:1.3 available at C:/AMDDesignTools/2025.2/data/xhub/boards\XilinxBoardStore\boards\Xilinx\vck190_newl\production\1.3\board.xml as part xcvc1902-vsva2197-2mp-e-s specified in board_part file is either invalid or not available
WARNING: [Board 49-26] cannot add Board Part xilinx.com:vcu108:part0:1.6 available at C:/AMDDesignTools/2025.2/data/xhub/boards\XilinxBoardStore\boards\Xilinx\vcu108\1.6\board.xml as part xcvu095-ffva2104-2-e specified in board_part file is either invalid or not available
WARNING: [Board 49-26] cannot add Board Part xilinx.com:vcu108:part0:1.7 available at C:/AMDDesignTools/2025.2/data/xhub/boards\XilinxBoardStore\boards\Xilinx\vcu108\1.7\board.xml as part xcvu095-ffva2104-2-e specified in board_part file is either invalid or not available
WARNING: [Board 49-26] cannot add Board Part xilinx.com:vcu110:part0:1.4 available at C:/AMDDesignTools/2025.2/data/xhub/boards\XilinxBoardStore\boards\Xilinx\vcu110\1.4\board.xml as part xcvu190-flgc2104-2-e specified in board_part file is either invalid or not available
WARNING: [Board 49-26] cannot add Board Part xilinx.com:vcu118:part0:2.0 available at C:/AMDDesignTools/2025.2/data/xhub/boards\XilinxBoardStore\boards\Xilinx\vcu118\2.0\board.xml as part xcvu9p-flga2104-2l-e specified in board_part file is either invalid or not available
WARNING: [Board 49-26] cannot add Board Part xilinx.com:vcu118:part0:2.3 available at C:/AMDDesignTools/2025.2/data/xhub/boards\XilinxBoardStore\boards\Xilinx\vcu118\2.3\board.xml as part xcvu9p-flga2104-2l-e specified in board_part file is either invalid or not available
WARNING: [Board 49-26] cannot add Board Part xilinx.com:vcu118:part0:2.4 available at C:/AMDDesignTools/2025.2/data/xhub/boards\XilinxBoardStore\boards\Xilinx\vcu118\2.4\board.xml as part xcvu9p-flga2104-2l-e specified in board_part file is either invalid or not available
WARNING: [Board 49-26] cannot add Board Part xilinx.com:vcu128:part0:1.0 available at C:/AMDDesignTools/2025.2/data/xhub/boards\XilinxBoardStore\boards\Xilinx\vcu128\production\1.0\board.xml as part xcvu37p-fsvh2892-2l-e specified in board_part file is either invalid or not available
WARNING: [Board 49-26] cannot add Board Part xilinx.com:vcu129:part0:1.0 available at C:/AMDDesignTools/2025.2/data/xhub/boards\XilinxBoardStore\boards\Xilinx\vcu129\production\1.0\board.xml as part xcvu29p-fsga2577-2l-e specified in board_part file is either invalid or not available
WARNING: [Board 49-26] cannot add Board Part xilinx.com:vcu1525:part0:1.3 available at C:/AMDDesignTools/2025.2/data/xhub/boards\XilinxBoardStore\boards\Xilinx\vcu1525\1.3\board.xml as part xcvu9p-fsgd2104-2l-e specified in board_part file is either invalid or not available
WARNING: [Board 49-26] cannot add Board Part xilinx.com:vek280:part0:1.0 available at C:/AMDDesignTools/2025.2/data/xhub/boards\XilinxBoardStore\boards\Xilinx\vek280\production\1.0\board.xml as part xcve2802-vsvh1760-2mp-e-s specified in board_part file is either invalid or not available
WARNING: [Board 49-26] cannot add Board Part xilinx.com:vek280:part0:1.1 available at C:/AMDDesignTools/2025.2/data/xhub/boards\XilinxBoardStore\boards\Xilinx\vek280\production\1.1\board.xml as part xcve2802-vsvh1760-2mp-e-s specified in board_part file is either invalid or not available
WARNING: [Board 49-26] cannot add Board Part xilinx.com:vek280:part0:1.2 available at C:/AMDDesignTools/2025.2/data/xhub/boards\XilinxBoardStore\boards\Xilinx\vek280\production\1.2\board.xml as part xcve2802-vsvh1760-2mp-e-s specified in board_part file is either invalid or not available
WARNING: [Board 49-26] cannot add Board Part xilinx.com:vek385:part0:1.0 available at C:/AMDDesignTools/2025.2/data/xhub/boards\XilinxBoardStore\boards\Xilinx\vek385\1.0\board.xml as part xc2ve3858-ssva2112-2mp-e-s specified in board_part file is either invalid or not available
WARNING: [Board 49-26] cannot add Board Part xilinx.com:vek385:part0:1.1 available at C:/AMDDesignTools/2025.2/data/xhub/boards\XilinxBoardStore\boards\Xilinx\vek385\1.1\board.xml as part xc2ve3858-ssva2112-2mp-e-s specified in board_part file is either invalid or not available
WARNING: [Board 49-26] cannot add Board Part xilinx.com:vek385_1:part0:1.0 available at C:/AMDDesignTools/2025.2/data/xhub/boards\XilinxBoardStore\boards\Xilinx\vek385_2\1.0\board.xml as part xc2ve3858-ssva2112-2mp-e-s specified in board_part file is either invalid or not available
WARNING: [Board 49-26] cannot add Board Part xilinx.com:vermeo_t1_mpsoc:part0:1.0 available at C:/AMDDesignTools/2025.2/data/xhub/boards\XilinxBoardStore\boards\Xilinx\vermeo_t1_mpsoc\1.0\board.xml as part xczu19eg-ffvd1760-2l-e specified in board_part file is either invalid or not available
WARNING: [Board 49-26] cannot add Board Part xilinx.com:vermeo_t1_rfsoc:part0:1.0 available at C:/AMDDesignTools/2025.2/data/xhub/boards\XilinxBoardStore\boards\Xilinx\vermeo_t1_rfsoc\1.0\board.xml as part xczu21dr-ffvd1156-2l-e specified in board_part file is either invalid or not available
WARNING: [Board 49-26] cannot add Board Part xilinx.com:vhk158:part0:1.0 available at C:/AMDDesignTools/2025.2/data/xhub/boards\XilinxBoardStore\boards\Xilinx\vhk158\production\1.0\board.xml as part xcvh1582-vsva3697-2mp-e-s specified in board_part file is either invalid or not available
WARNING: [Board 49-26] cannot add Board Part xilinx.com:vhk158:part0:1.1 available at C:/AMDDesignTools/2025.2/data/xhub/boards\XilinxBoardStore\boards\Xilinx\vhk158\production\1.1\board.xml as part xcvh1582-vsva3697-2mp-e-s specified in board_part file is either invalid or not available
WARNING: [Board 49-26] cannot add Board Part xilinx.com:vhk158:part0:1.2 available at C:/AMDDesignTools/2025.2/data/xhub/boards\XilinxBoardStore\boards\Xilinx\vhk158\production\1.2\board.xml as part xcvh1582-vsva3697-2mp-e-s specified in board_part file is either invalid or not available
WARNING: [Board 49-26] cannot add Board Part xilinx.com:vmk180:part0:2.2 available at C:/AMDDesignTools/2025.2/data/xhub/boards\XilinxBoardStore\boards\Xilinx\vmk180\production\2.2\board.xml as part xcvm1802-vsva2197-2mp-e-s specified in board_part file is either invalid or not available
WARNING: [Board 49-26] cannot add Board Part xilinx.com:vmk180:part0:3.0 available at C:/AMDDesignTools/2025.2/data/xhub/boards\XilinxBoardStore\boards\Xilinx\vmk180\production\3.0\board.xml as part xcvm1802-vsva2197-2mp-e-s specified in board_part file is either invalid or not available
WARNING: [Board 49-26] cannot add Board Part xilinx.com:vmk180:part0:3.1 available at C:/AMDDesignTools/2025.2/data/xhub/boards\XilinxBoardStore\boards\Xilinx\vmk180\production\3.1\board.xml as part xcvm1802-vsva2197-2mp-e-s specified in board_part file is either invalid or not available
INFO: [Common 17-14] Message 'Board 49-26' appears 100 times and further instances of the messages will be disabled. Use the Tcl command set_msg_config to change the current settings.
create_project normal_nano C:/Users/User/Desktop/codd/normal_nano -part xc7s6ftgb196-1
INFO: [IP_Flow 19-234] Refreshing IP repositories
INFO: [IP_Flow 19-1704] No user IP repositories specified
INFO: [IP_Flow 19-2313] Loaded Vivado IP repository 'C:/AMDDesignTools/2025.2/Vivado/data/ip'.
add_files {C:/Users/User/Desktop/normal_process/normal_process/normal_process.srcs/sources_1/new/Mux_2way_4bit.vhd C:/Users/User/Desktop/normal_process/normal_process/normal_process.srcs/sources_1/new/Mux_2way_3bit.vhd C:/Users/User/Desktop/normal_process/normal_process/normal_process.srcs/sources_1/new/Add_Sub_4.vhd C:/Users/User/Desktop/normal_process/normal_process/normal_process.srcs/sources_1/new/Address_Selector.vhd C:/Users/User/Desktop/normal_process/normal_process/normal_process.srcs/sources_1/new/NanoProcessor.vhd C:/Users/User/Desktop/normal_process/normal_process/normal_process.srcs/sources_1/new/Program_Counter.vhd C:/Users/User/Desktop/normal_process/normal_process/normal_process.srcs/sources_1/new/Decoder_2_to_4.vhd C:/Users/User/Desktop/normal_process/normal_process/normal_process.srcs/sources_1/new/LUT_16_7.vhd C:/Users/User/Desktop/normal_process/normal_process/normal_process.srcs/sources_1/new/BusDefinitions.vhd C:/Users/User/Desktop/normal_process/normal_process/normal_process.srcs/sources_1/new/constants.vhd C:/Users/User/Desktop/normal_process/normal_process/normal_process.srcs/sources_1/new/FA.vhd C:/Users/User/Desktop/normal_process/normal_process/normal_process.srcs/sources_1/new/adders.vhd C:/Users/User/Desktop/normal_process/normal_process/normal_process.srcs/sources_1/new/RCA_3.vhd C:/Users/User/Desktop/normal_process/normal_process/normal_process.srcs/sources_1/new/Reg.vhd C:/Users/User/Desktop/normal_process/normal_process/normal_process.srcs/sources_1/new/Decoder_3_to_8.vhd C:/Users/User/Desktop/normal_process/normal_process/normal_process.srcs/sources_1/new/Program_ROM.vhd C:/Users/User/Desktop/normal_process/normal_process/normal_process.srcs/sources_1/new/RegisterData_Multiplexer.vhd C:/Users/User/Desktop/normal_process/normal_process/normal_process.srcs/sources_1/new/Mux_8way_4bit.vhd C:/Users/User/Desktop/normal_process/normal_process/normal_process.srcs/sources_1/new/Slow_Clk.vhd C:/Users/User/Desktop/normal_process/normal_process/normal_process.srcs/sources_1/new/HA.vhd C:/Users/User/Desktop/normal_process/normal_process/normal_process.srcs/sources_1/new/Instruction_Decoder.vhd C:/Users/User/Desktop/normal_process/normal_process/normal_process.srcs/sources_1/new/reg_3bit.vhd C:/Users/User/Desktop/normal_process/normal_process/normal_process.srcs/sources_1/new/Load_Selector.vhd C:/Users/User/Desktop/normal_process/normal_process/normal_process.srcs/sources_1/new/Register_Bank.vhd C:/Users/User/Desktop/normal_process/normal_process/normal_process.srcs/sources_1/new/PC_Adder.vhd C:/Users/User/Desktop/normal_process/normal_process/normal_process.srcs/sources_1/new/RCA_4.vhd}
update_compile_order -fileset sources_1
update_compile_order -fileset sources_1
set_property SOURCE_SET sources_1 [get_filesets sim_1]
add_files -fileset sim_1 {C:/Users/User/Desktop/normal_process/normal_process/normal_process.srcs/sim_1/new/PC_Adder_TB.vhd C:/Users/User/Desktop/normal_process/normal_process/normal_process.srcs/sim_1/new/Register_Bank_TB.vhd C:/Users/User/Desktop/normal_process/normal_process/normal_process.srcs/sim_1/new/NanoProcessor_Debug_TB.vhd C:/Users/User/Desktop/normal_process/normal_process/normal_process.srcs/sim_1/new/NanoProcessor_TB.vhd C:/Users/User/Desktop/normal_process/normal_process/normal_process.srcs/sim_1/new/RegisterData_Multiplexer_TB.vhd C:/Users/User/Desktop/normal_process/normal_process/normal_process.srcs/sim_1/new/Slow_Clk_TB.vhd C:/Users/User/Desktop/normal_process/normal_process/normal_process.srcs/sim_1/new/Program_Counter_TB.vhd C:/Users/User/Desktop/normal_process/normal_process/normal_process.srcs/sim_1/new/Add_Sub_4_TB.vhd C:/Users/User/Desktop/normal_process/normal_process/normal_process.srcs/sim_1/new/Program_ROM_TB.vhd C:/Users/User/Desktop/normal_process/normal_process/normal_process.srcs/sim_1/new/Address_Selector_TB.vhd C:/Users/User/Desktop/normal_process/normal_process/normal_process.srcs/sim_1/new/Load_Selector_TB.vhd C:/Users/User/Desktop/normal_process/normal_process/normal_process.srcs/sim_1/new/InstructionDecoder_TB.vhd C:/Users/User/Desktop/normal_process/normal_process/normal_process.srcs/sim_1/new/LUT_16_7_TB.vhd}
update_compile_order -fileset sim_1
update_compile_order -fileset sim_1
set_property top NanoProcessor_TB [get_filesets sim_1]
set_property top_lib xil_defaultlib [get_filesets sim_1]
update_compile_order -fileset sim_1
file mkdir C:/Users/User/Desktop/codd/normal_nano/normal_nano.srcs/constrs_1
file mkdir C:/Users/User/Desktop/codd/normal_nano/normal_nano.srcs/constrs_1/new
close [ open C:/Users/User/Desktop/codd/normal_nano/normal_nano.srcs/constrs_1/new/Nanoprocessor_Const.xdc w ]
add_files -fileset constrs_1 C:/Users/User/Desktop/codd/normal_nano/normal_nano.srcs/constrs_1/new/Nanoprocessor_Const.xdc
launch_simulation
Command: launch_simulation 
INFO: [Vivado 12-25911] Executing simulation for 'XSim' simulator
INFO: [Vivado 12-28535] Process started - Fri May  8 20:45:59 2026

INFO: [Vivado 12-12493] Simulation top is 'NanoProcessor_TB'
INFO: [Vivado 12-5682] Launching behavioral simulation in 'C:/Users/User/Desktop/codd/normal_nano/normal_nano.sim/sim_1/behav/xsim'
INFO: [SIM-utils-51] Simulation object is 'sim_1'
INFO: [SIM-utils-72] Using boost library from 'C:/AMDDesignTools/2025.2/Vivado/tps/boost_1_72_0'
INFO: [SIM-utils-54] Inspecting design source files for 'NanoProcessor_TB' in fileset 'sim_1'...
INFO: [USF-XSim-97] Finding global include files...
INFO: [USF-XSim-98] Fetching design files from 'sim_1'...
INFO: [USF-XSim-2] XSim::Compile design
INFO: [USF-XSim-61] Executing 'COMPILE and ANALYZE' step in 'C:/Users/User/Desktop/codd/normal_nano/normal_nano.sim/sim_1/behav/xsim'
"xvhdl --incr --relax -prj NanoProcessor_TB_vhdl.prj"
INFO: [VRFC 10-163] Analyzing VHDL file "C:/Users/User/Desktop/normal_process/normal_process/normal_process.srcs/sources_1/new/BusDefinitions.vhd" into library xil_defaultlib
INFO: [VRFC 10-163] Analyzing VHDL file "C:/Users/User/Desktop/normal_process/normal_process/normal_process.srcs/sources_1/new/Add_Sub_4.vhd" into library xil_defaultlib
INFO: [VRFC 10-3107] analyzing entity 'Add_Sub_4_bit'
INFO: [VRFC 10-163] Analyzing VHDL file "C:/Users/User/Desktop/normal_process/normal_process/normal_process.srcs/sources_1/new/Address_Selector.vhd" into library xil_defaultlib
INFO: [VRFC 10-3107] analyzing entity 'Address_Selector'
INFO: [VRFC 10-163] Analyzing VHDL file "C:/Users/User/Desktop/normal_process/normal_process/normal_process.srcs/sources_1/new/Decoder_2_to_4.vhd" into library xil_defaultlib
INFO: [VRFC 10-3107] analyzing entity 'Decoder_2_to_4'
INFO: [VRFC 10-163] Analyzing VHDL file "C:/Users/User/Desktop/normal_process/normal_process/normal_process.srcs/sources_1/new/Decoder_3_to_8.vhd" into library xil_defaultlib
INFO: [VRFC 10-3107] analyzing entity 'Decoder_3_to_8'
INFO: [VRFC 10-163] Analyzing VHDL file "C:/Users/User/Desktop/normal_process/normal_process/normal_process.srcs/sources_1/new/FA.vhd" into library xil_defaultlib
INFO: [VRFC 10-3107] analyzing entity 'FA'
INFO: [VRFC 10-163] Analyzing VHDL file "C:/Users/User/Desktop/normal_process/normal_process/normal_process.srcs/sources_1/new/HA.vhd" into library xil_defaultlib
INFO: [VRFC 10-3107] analyzing entity 'HA'
INFO: [VRFC 10-163] Analyzing VHDL file "C:/Users/User/Desktop/normal_process/normal_process/normal_process.srcs/sources_1/new/constants.vhd" into library xil_defaultlib
INFO: [VRFC 10-163] Analyzing VHDL file "C:/Users/User/Desktop/normal_process/normal_process/normal_process.srcs/sources_1/new/Instruction_Decoder.vhd" into library xil_defaultlib
INFO: [VRFC 10-3107] analyzing entity 'Instruction_Decoder'
INFO: [VRFC 10-163] Analyzing VHDL file "C:/Users/User/Desktop/normal_process/normal_process/normal_process.srcs/sources_1/new/LUT_16_7.vhd" into library xil_defaultlib
INFO: [VRFC 10-3107] analyzing entity 'LUT_16_7'
INFO: [VRFC 10-163] Analyzing VHDL file "C:/Users/User/Desktop/normal_process/normal_process/normal_process.srcs/sources_1/new/Load_Selector.vhd" into library xil_defaultlib
INFO: [VRFC 10-3107] analyzing entity 'Load_Selector'
INFO: [VRFC 10-163] Analyzing VHDL file "C:/Users/User/Desktop/normal_process/normal_process/normal_process.srcs/sources_1/new/Mux_2way_3bit.vhd" into library xil_defaultlib
INFO: [VRFC 10-3107] analyzing entity 'Mux_2way_3bit'
INFO: [VRFC 10-163] Analyzing VHDL file "C:/Users/User/Desktop/normal_process/normal_process/normal_process.srcs/sources_1/new/Mux_2way_4bit.vhd" into library xil_defaultlib
INFO: [VRFC 10-3107] analyzing entity 'Mux_2way_4bit'
INFO: [VRFC 10-163] Analyzing VHDL file "C:/Users/User/Desktop/normal_process/normal_process/normal_process.srcs/sources_1/new/Mux_8way_4bit.vhd" into library xil_defaultlib
INFO: [VRFC 10-3107] analyzing entity 'Mux_8way_4bit'
INFO: [VRFC 10-163] Analyzing VHDL file "C:/Users/User/Desktop/normal_process/normal_process/normal_process.srcs/sources_1/new/NanoProcessor.vhd" into library xil_defaultlib
INFO: [VRFC 10-3107] analyzing entity 'NanoProcessor'
INFO: [VRFC 10-163] Analyzing VHDL file "C:/Users/User/Desktop/normal_process/normal_process/normal_process.srcs/sources_1/new/PC_Adder.vhd" into library xil_defaultlib
INFO: [VRFC 10-3107] analyzing entity 'PC_Adder'
INFO: [VRFC 10-163] Analyzing VHDL file "C:/Users/User/Desktop/normal_process/normal_process/normal_process.srcs/sources_1/new/Program_Counter.vhd" into library xil_defaultlib
INFO: [VRFC 10-3107] analyzing entity 'Program_Counter'
INFO: [VRFC 10-163] Analyzing VHDL file "C:/Users/User/Desktop/normal_process/normal_process/normal_process.srcs/sources_1/new/Program_ROM.vhd" into library xil_defaultlib
INFO: [VRFC 10-3107] analyzing entity 'Program_ROM'
INFO: [VRFC 10-163] Analyzing VHDL file "C:/Users/User/Desktop/normal_process/normal_process/normal_process.srcs/sources_1/new/RCA_3.vhd" into library xil_defaultlib
INFO: [VRFC 10-3107] analyzing entity 'RCA_3'
INFO: [VRFC 10-163] Analyzing VHDL file "C:/Users/User/Desktop/normal_process/normal_process/normal_process.srcs/sources_1/new/RCA_4.vhd" into library xil_defaultlib
INFO: [VRFC 10-3107] analyzing entity 'RCA_4'
INFO: [VRFC 10-163] Analyzing VHDL file "C:/Users/User/Desktop/normal_process/normal_process/normal_process.srcs/sources_1/new/Reg.vhd" into library xil_defaultlib
INFO: [VRFC 10-3107] analyzing entity 'Reg'
INFO: [VRFC 10-163] Analyzing VHDL file "C:/Users/User/Desktop/normal_process/normal_process/normal_process.srcs/sources_1/new/RegisterData_Multiplexer.vhd" into library xil_defaultlib
INFO: [VRFC 10-3107] analyzing entity 'RegisterData_Multiplexer'
INFO: [VRFC 10-163] Analyzing VHDL file "C:/Users/User/Desktop/normal_process/normal_process/normal_process.srcs/sources_1/new/Register_Bank.vhd" into library xil_defaultlib
INFO: [VRFC 10-3107] analyzing entity 'Register_Bank'
INFO: [VRFC 10-163] Analyzing VHDL file "C:/Users/User/Desktop/normal_process/normal_process/normal_process.srcs/sources_1/new/Slow_Clk.vhd" into library xil_defaultlib
INFO: [VRFC 10-3107] analyzing entity 'Slow_Clk'
INFO: [VRFC 10-163] Analyzing VHDL file "C:/Users/User/Desktop/normal_process/normal_process/normal_process.srcs/sources_1/new/reg_3bit.vhd" into library xil_defaultlib
INFO: [VRFC 10-3107] analyzing entity 'reg_3bit'
INFO: [VRFC 10-163] Analyzing VHDL file "C:/Users/User/Desktop/normal_process/normal_process/normal_process.srcs/sim_1/new/NanoProcessor_TB.vhd" into library xil_defaultlib
INFO: [VRFC 10-3107] analyzing entity 'NanoProcessor_TB'
run_program: Time (s): cpu = 00:00:00 ; elapsed = 00:00:05 . Memory (MB): peak = 1735.816 ; gain = 0.000
INFO: [USF-XSim-69] 'compile' step finished in '5' seconds
INFO: [USF-XSim-3] XSim::Elaborate design
INFO: [USF-XSim-61] Executing 'ELABORATE' step in 'C:/Users/User/Desktop/codd/normal_nano/normal_nano.sim/sim_1/behav/xsim'
"xelab --incr --debug typical --relax --mt 2 -L xil_defaultlib -L secureip --snapshot NanoProcessor_TB_behav xil_defaultlib.NanoProcessor_TB -log elaborate.log"
Vivado Simulator v2025.2
Copyright 1986-2022 Xilinx, Inc. All Rights Reserved.
Copyright 2022-2025 Advanced Micro Devices, Inc. All Rights Reserved.
Running: C:/AMDDesignTools/2025.2/Vivado/bin/unwrapped/win64.o/xelab.exe --incr --debug typical --relax --mt 2 -L xil_defaultlib -L secureip --snapshot NanoProcessor_TB_behav xil_defaultlib.NanoProcessor_TB -log elaborate.log 
Using 2 slave threads.
Starting static elaboration
Completed static elaboration
Starting simulation data flow analysis
Completed simulation data flow analysis
Time Resolution for simulation is 1ps
Compiling package std.standard
Compiling package std.textio
Compiling package ieee.std_logic_1164
Compiling package xil_defaultlib.busdefinitions
Compiling package ieee.numeric_std
Compiling package xil_defaultlib.constants
Compiling architecture behavioral of entity xil_defaultlib.Slow_Clk [slow_clk_default]
Compiling architecture behavioral of entity xil_defaultlib.reg_3bit [reg_3bit_default]
Compiling architecture behavioral of entity xil_defaultlib.Program_Counter [program_counter_default]
Compiling architecture behavioral of entity xil_defaultlib.HA [ha_default]
Compiling architecture behavioral of entity xil_defaultlib.FA [fa_default]
Compiling architecture behavioral of entity xil_defaultlib.RCA_3 [rca_3_default]
Compiling architecture behavioral of entity xil_defaultlib.PC_Adder [pc_adder_default]
Compiling architecture behavioral of entity xil_defaultlib.Mux_2way_3bit [mux_2way_3bit_default]
Compiling architecture behavioral of entity xil_defaultlib.Address_Selector [address_selector_default]
Compiling architecture behavioral of entity xil_defaultlib.Program_ROM [program_rom_default]
Compiling architecture behavioral of entity xil_defaultlib.Instruction_Decoder [instruction_decoder_default]
Compiling architecture behavioral of entity xil_defaultlib.Mux_2way_4bit [mux_2way_4bit_default]
Compiling architecture behavioral of entity xil_defaultlib.Load_Selector [load_selector_default]
Compiling architecture behavioral of entity xil_defaultlib.Decoder_2_to_4 [decoder_2_to_4_default]
Compiling architecture behavioral of entity xil_defaultlib.Decoder_3_to_8 [decoder_3_to_8_default]
Compiling architecture behavioral of entity xil_defaultlib.Reg [reg_default]
Compiling architecture behavioral of entity xil_defaultlib.Register_Bank [register_bank_default]
Compiling architecture behavioral of entity xil_defaultlib.Mux_8way_4bit [mux_8way_4bit_default]
Compiling architecture behavioral of entity xil_defaultlib.RegisterData_Multiplexer [registerdata_multiplexer_default]
Compiling architecture behavioral of entity xil_defaultlib.RCA_4 [rca_4_default]
Compiling architecture behavioral of entity xil_defaultlib.Add_Sub_4_bit [add_sub_4_bit_default]
Compiling architecture behavioral of entity xil_defaultlib.LUT_16_7 [lut_16_7_default]
Compiling architecture behavioral of entity xil_defaultlib.NanoProcessor [nanoprocessor_default]
Compiling architecture behavioral of entity xil_defaultlib.nanoprocessor_tb
Built simulation snapshot NanoProcessor_TB_behav
run_program: Time (s): cpu = 00:00:00 ; elapsed = 00:00:07 . Memory (MB): peak = 1735.816 ; gain = 0.000
INFO: [USF-XSim-69] 'elaborate' step finished in '8' seconds
INFO: [USF-XSim-4] XSim::Simulate design
INFO: [USF-XSim-61] Executing 'SIMULATE' step in 'C:/Users/User/Desktop/codd/normal_nano/normal_nano.sim/sim_1/behav/xsim'
INFO: [USF-XSim-98] *** Running xsim
   with args "NanoProcessor_TB_behav -key {Behavioral:sim_1:Functional:NanoProcessor_TB} -tclbatch {NanoProcessor_TB.tcl} -log {simulate.log}"
INFO: [USF-XSim-8] Loading simulator feature
Time resolution is 1 ps
source NanoProcessor_TB.tcl
# set curr_wave [current_wave_config]
# if { [string length $curr_wave] == 0 } {
#   if { [llength [get_objects]] > 0} {
#     add_wave /
#     set_property needs_save false [current_wave_config]
#   } else {
#      send_msg_id Add_Wave-1 WARNING "No top level signals found. Simulator will start without a wave window. If you want to open a wave window go to 'File->New Waveform Configuration' or type 'create_wave_config' in the TCL console."
#   }
# }
# run 1000ns
INFO: [USF-XSim-96] XSim completed. Design snapshot 'NanoProcessor_TB_behav' loaded.
INFO: [USF-XSim-97] XSim simulation ran for 1000ns
launch_simulation: Time (s): cpu = 00:00:05 ; elapsed = 00:00:16 . Memory (MB): peak = 1735.816 ; gain = 0.000
run 10 us
run all
relaunch_sim
Command: launch_simulation -step compile -simset sim_1 -mode behavioral
INFO: [Vivado 12-25911] Executing simulation for 'XSim' simulator
INFO: [Vivado 12-28535] Process started - Fri May  8 20:47:05 2026

INFO: [Vivado 12-12493] Simulation top is 'NanoProcessor_TB'
INFO: [Vivado 12-5682] Launching behavioral simulation in 'C:/Users/User/Desktop/codd/normal_nano/normal_nano.sim/sim_1/behav/xsim'
INFO: [SIM-utils-51] Simulation object is 'sim_1'
INFO: [SIM-utils-72] Using boost library from 'C:/AMDDesignTools/2025.2/Vivado/tps/boost_1_72_0'
INFO: [SIM-utils-54] Inspecting design source files for 'NanoProcessor_TB' in fileset 'sim_1'...
INFO: [USF-XSim-97] Finding global include files...
INFO: [USF-XSim-98] Fetching design files from 'sim_1'...
INFO: [USF-XSim-2] XSim::Compile design
INFO: [USF-XSim-61] Executing 'COMPILE and ANALYZE' step in 'C:/Users/User/Desktop/codd/normal_nano/normal_nano.sim/sim_1/behav/xsim'
"xvhdl --incr --relax -prj NanoProcessor_TB_vhdl.prj"
INFO: [USF-XSim-69] 'compile' step finished in '3' seconds
Command: launch_simulation -step elaborate -simset sim_1 -mode behavioral
INFO: [Vivado 12-25911] Executing simulation for 'XSim' simulator
INFO: [Vivado 12-28535] Process started - Fri May  8 20:47:08 2026

INFO: [Vivado 12-12493] Simulation top is 'NanoProcessor_TB'
INFO: [Vivado 12-5682] Launching behavioral simulation in 'C:/Users/User/Desktop/codd/normal_nano/normal_nano.sim/sim_1/behav/xsim'
INFO: [SIM-utils-51] Simulation object is 'sim_1'
INFO: [USF-XSim-3] XSim::Elaborate design
INFO: [USF-XSim-61] Executing 'ELABORATE' step in 'C:/Users/User/Desktop/codd/normal_nano/normal_nano.sim/sim_1/behav/xsim'
"xelab --incr --debug typical --relax --mt 2 -L xil_defaultlib -L secureip --snapshot NanoProcessor_TB_behav xil_defaultlib.NanoProcessor_TB -log elaborate.log"
Vivado Simulator v2025.2
Copyright 1986-2022 Xilinx, Inc. All Rights Reserved.
Copyright 2022-2025 Advanced Micro Devices, Inc. All Rights Reserved.
Running: C:/AMDDesignTools/2025.2/Vivado/bin/unwrapped/win64.o/xelab.exe --incr --debug typical --relax --mt 2 -L xil_defaultlib -L secureip --snapshot NanoProcessor_TB_behav xil_defaultlib.NanoProcessor_TB -log elaborate.log 
Using 2 slave threads.
Starting static elaboration
Completed static elaboration
INFO: [XSIM 43-4323] No Change in HDL. Linking previously generated obj files to create kernel
INFO: [USF-XSim-69] 'elaborate' step finished in '3' seconds
Time resolution is 1 ps
relaunch_sim: Time (s): cpu = 00:00:02 ; elapsed = 00:00:08 . Memory (MB): peak = 1735.816 ; gain = 0.000
relaunch_sim
Command: launch_simulation -step compile -simset sim_1 -mode behavioral
INFO: [Vivado 12-25911] Executing simulation for 'XSim' simulator
INFO: [Vivado 12-28535] Process started - Fri May  8 20:47:40 2026

INFO: [Vivado 12-12493] Simulation top is 'NanoProcessor_TB'
INFO: [Vivado 12-5682] Launching behavioral simulation in 'C:/Users/User/Desktop/codd/normal_nano/normal_nano.sim/sim_1/behav/xsim'
INFO: [SIM-utils-51] Simulation object is 'sim_1'
INFO: [USF-XSim-2] XSim::Compile design
INFO: [USF-XSim-61] Executing 'COMPILE and ANALYZE' step in 'C:/Users/User/Desktop/codd/normal_nano/normal_nano.sim/sim_1/behav/xsim'
"xvhdl --incr --relax -prj NanoProcessor_TB_vhdl.prj"
INFO: [VRFC 10-163] Analyzing VHDL file "C:/Users/User/Desktop/normal_process/normal_process/normal_process.srcs/sources_1/new/Slow_Clk.vhd" into library xil_defaultlib
INFO: [VRFC 10-3107] analyzing entity 'Slow_Clk'
INFO: [USF-XSim-69] 'compile' step finished in '4' seconds
Command: launch_simulation -step elaborate -simset sim_1 -mode behavioral
INFO: [Vivado 12-25911] Executing simulation for 'XSim' simulator
INFO: [Vivado 12-28535] Process started - Fri May  8 20:47:44 2026

INFO: [Vivado 12-12493] Simulation top is 'NanoProcessor_TB'
INFO: [Vivado 12-5682] Launching behavioral simulation in 'C:/Users/User/Desktop/codd/normal_nano/normal_nano.sim/sim_1/behav/xsim'
INFO: [SIM-utils-51] Simulation object is 'sim_1'
INFO: [USF-XSim-3] XSim::Elaborate design
INFO: [USF-XSim-61] Executing 'ELABORATE' step in 'C:/Users/User/Desktop/codd/normal_nano/normal_nano.sim/sim_1/behav/xsim'
"xelab --incr --debug typical --relax --mt 2 -L xil_defaultlib -L secureip --snapshot NanoProcessor_TB_behav xil_defaultlib.NanoProcessor_TB -log elaborate.log"
Vivado Simulator v2025.2
Copyright 1986-2022 Xilinx, Inc. All Rights Reserved.
Copyright 2022-2025 Advanced Micro Devices, Inc. All Rights Reserved.
Running: C:/AMDDesignTools/2025.2/Vivado/bin/unwrapped/win64.o/xelab.exe --incr --debug typical --relax --mt 2 -L xil_defaultlib -L secureip --snapshot NanoProcessor_TB_behav xil_defaultlib.NanoProcessor_TB -log elaborate.log 
Using 2 slave threads.
Starting static elaboration
Completed static elaboration
Starting simulation data flow analysis
Completed simulation data flow analysis
Time Resolution for simulation is 1ps
Compiling package std.standard
Compiling package std.textio
Compiling package ieee.std_logic_1164
Compiling package xil_defaultlib.busdefinitions
Compiling package ieee.numeric_std
Compiling package xil_defaultlib.constants
Compiling architecture behavioral of entity xil_defaultlib.Slow_Clk [slow_clk_default]
Compiling architecture behavioral of entity xil_defaultlib.reg_3bit [reg_3bit_default]
Compiling architecture behavioral of entity xil_defaultlib.Program_Counter [program_counter_default]
Compiling architecture behavioral of entity xil_defaultlib.HA [ha_default]
Compiling architecture behavioral of entity xil_defaultlib.FA [fa_default]
Compiling architecture behavioral of entity xil_defaultlib.RCA_3 [rca_3_default]
Compiling architecture behavioral of entity xil_defaultlib.PC_Adder [pc_adder_default]
Compiling architecture behavioral of entity xil_defaultlib.Mux_2way_3bit [mux_2way_3bit_default]
Compiling architecture behavioral of entity xil_defaultlib.Address_Selector [address_selector_default]
Compiling architecture behavioral of entity xil_defaultlib.Program_ROM [program_rom_default]
Compiling architecture behavioral of entity xil_defaultlib.Instruction_Decoder [instruction_decoder_default]
Compiling architecture behavioral of entity xil_defaultlib.Mux_2way_4bit [mux_2way_4bit_default]
Compiling architecture behavioral of entity xil_defaultlib.Load_Selector [load_selector_default]
Compiling architecture behavioral of entity xil_defaultlib.Decoder_2_to_4 [decoder_2_to_4_default]
Compiling architecture behavioral of entity xil_defaultlib.Decoder_3_to_8 [decoder_3_to_8_default]
Compiling architecture behavioral of entity xil_defaultlib.Reg [reg_default]
Compiling architecture behavioral of entity xil_defaultlib.Register_Bank [register_bank_default]
Compiling architecture behavioral of entity xil_defaultlib.Mux_8way_4bit [mux_8way_4bit_default]
Compiling architecture behavioral of entity xil_defaultlib.RegisterData_Multiplexer [registerdata_multiplexer_default]
Compiling architecture behavioral of entity xil_defaultlib.RCA_4 [rca_4_default]
Compiling architecture behavioral of entity xil_defaultlib.Add_Sub_4_bit [add_sub_4_bit_default]
Compiling architecture behavioral of entity xil_defaultlib.LUT_16_7 [lut_16_7_default]
Compiling architecture behavioral of entity xil_defaultlib.NanoProcessor [nanoprocessor_default]
Compiling architecture behavioral of entity xil_defaultlib.nanoprocessor_tb
Built simulation snapshot NanoProcessor_TB_behav
INFO: [USF-XSim-69] 'elaborate' step finished in '3' seconds
Time resolution is 1 ps
relaunch_sim: Time (s): cpu = 00:00:01 ; elapsed = 00:00:10 . Memory (MB): peak = 1736.418 ; gain = 0.000
run all
relaunch_sim
Command: launch_simulation -step compile -simset sim_1 -mode behavioral
INFO: [Vivado 12-25911] Executing simulation for 'XSim' simulator
INFO: [Vivado 12-28535] Process started - Fri May  8 20:48:02 2026

INFO: [Vivado 12-12493] Simulation top is 'NanoProcessor_TB'
INFO: [Vivado 12-5682] Launching behavioral simulation in 'C:/Users/User/Desktop/codd/normal_nano/normal_nano.sim/sim_1/behav/xsim'
INFO: [SIM-utils-51] Simulation object is 'sim_1'
INFO: [USF-XSim-2] XSim::Compile design
INFO: [USF-XSim-61] Executing 'COMPILE and ANALYZE' step in 'C:/Users/User/Desktop/codd/normal_nano/normal_nano.sim/sim_1/behav/xsim'
"xvhdl --incr --relax -prj NanoProcessor_TB_vhdl.prj"
INFO: [USF-XSim-69] 'compile' step finished in '3' seconds
Command: launch_simulation -step elaborate -simset sim_1 -mode behavioral
INFO: [Vivado 12-25911] Executing simulation for 'XSim' simulator
INFO: [Vivado 12-28535] Process started - Fri May  8 20:48:05 2026

INFO: [Vivado 12-12493] Simulation top is 'NanoProcessor_TB'
INFO: [Vivado 12-5682] Launching behavioral simulation in 'C:/Users/User/Desktop/codd/normal_nano/normal_nano.sim/sim_1/behav/xsim'
INFO: [SIM-utils-51] Simulation object is 'sim_1'
INFO: [USF-XSim-3] XSim::Elaborate design
INFO: [USF-XSim-61] Executing 'ELABORATE' step in 'C:/Users/User/Desktop/codd/normal_nano/normal_nano.sim/sim_1/behav/xsim'
"xelab --incr --debug typical --relax --mt 2 -L xil_defaultlib -L secureip --snapshot NanoProcessor_TB_behav xil_defaultlib.NanoProcessor_TB -log elaborate.log"
Vivado Simulator v2025.2
Copyright 1986-2022 Xilinx, Inc. All Rights Reserved.
Copyright 2022-2025 Advanced Micro Devices, Inc. All Rights Reserved.
Running: C:/AMDDesignTools/2025.2/Vivado/bin/unwrapped/win64.o/xelab.exe --incr --debug typical --relax --mt 2 -L xil_defaultlib -L secureip --snapshot NanoProcessor_TB_behav xil_defaultlib.NanoProcessor_TB -log elaborate.log 
Using 2 slave threads.
Starting static elaboration
Completed static elaboration
INFO: [XSIM 43-4323] No Change in HDL. Linking previously generated obj files to create kernel
INFO: [USF-XSim-69] 'elaborate' step finished in '2' seconds
Time resolution is 1 ps
relaunch_sim: Time (s): cpu = 00:00:01 ; elapsed = 00:00:07 . Memory (MB): peak = 1736.418 ; gain = 0.000
run 10 us
WARNING: [filemgmt 56-199] Attempt to get parsing info during refresh. "On-the-fly" syntax checking information may be incorrect. [C:\Users\User\Desktop\normal_process\normal_process\normal_process.srcs\sources_1\new\Slow_Clk.vhd:]
WARNING: [filemgmt 56-199] Attempt to get parsing info during refresh. "On-the-fly" syntax checking information may be incorrect. [C:\Users\User\Desktop\normal_process\normal_process\normal_process.srcs\sources_1\new\NanoProcessor.vhd:]
WARNING: [filemgmt 56-199] Attempt to get parsing info during refresh. "On-the-fly" syntax checking information may be incorrect. [C:\Users\User\Desktop\normal_process\normal_process\normal_process.srcs\sources_1\new\NanoProcessor.vhd:]
WARNING: [filemgmt 56-199] Attempt to get parsing info during refresh. "On-the-fly" syntax checking information may be incorrect. [C:\Users\User\Desktop\normal_process\normal_process\normal_process.srcs\sources_1\new\NanoProcessor.vhd:]
ERROR: [Common 17-180] Spawn failed: The operation completed successfully.

relaunch_sim
Command: launch_simulation -step compile -simset sim_1 -mode behavioral
INFO: [Vivado 12-25911] Executing simulation for 'XSim' simulator
INFO: [Vivado 12-28535] Process started - Fri May  8 20:48:53 2026

INFO: [Vivado 12-12493] Simulation top is 'NanoProcessor_TB'
INFO: [Vivado 12-5682] Launching behavioral simulation in 'C:/Users/User/Desktop/codd/normal_nano/normal_nano.sim/sim_1/behav/xsim'
INFO: [SIM-utils-51] Simulation object is 'sim_1'
INFO: [USF-XSim-2] XSim::Compile design
INFO: [USF-XSim-61] Executing 'COMPILE and ANALYZE' step in 'C:/Users/User/Desktop/codd/normal_nano/normal_nano.sim/sim_1/behav/xsim'
"xvhdl --incr --relax -prj NanoProcessor_TB_vhdl.prj"
INFO: [VRFC 10-163] Analyzing VHDL file "C:/Users/User/Desktop/normal_process/normal_process/normal_process.srcs/sources_1/new/Slow_Clk.vhd" into library xil_defaultlib
INFO: [VRFC 10-3107] analyzing entity 'Slow_Clk'
INFO: [USF-XSim-69] 'compile' step finished in '4' seconds
Command: launch_simulation -step elaborate -simset sim_1 -mode behavioral
INFO: [Vivado 12-25911] Executing simulation for 'XSim' simulator
INFO: [Vivado 12-28535] Process started - Fri May  8 20:48:57 2026

INFO: [Vivado 12-12493] Simulation top is 'NanoProcessor_TB'
INFO: [Vivado 12-5682] Launching behavioral simulation in 'C:/Users/User/Desktop/codd/normal_nano/normal_nano.sim/sim_1/behav/xsim'
INFO: [SIM-utils-51] Simulation object is 'sim_1'
INFO: [USF-XSim-3] XSim::Elaborate design
INFO: [USF-XSim-61] Executing 'ELABORATE' step in 'C:/Users/User/Desktop/codd/normal_nano/normal_nano.sim/sim_1/behav/xsim'
"xelab --incr --debug typical --relax --mt 2 -L xil_defaultlib -L secureip --snapshot NanoProcessor_TB_behav xil_defaultlib.NanoProcessor_TB -log elaborate.log"
Vivado Simulator v2025.2
Copyright 1986-2022 Xilinx, Inc. All Rights Reserved.
Copyright 2022-2025 Advanced Micro Devices, Inc. All Rights Reserved.
Running: C:/AMDDesignTools/2025.2/Vivado/bin/unwrapped/win64.o/xelab.exe --incr --debug typical --relax --mt 2 -L xil_defaultlib -L secureip --snapshot NanoProcessor_TB_behav xil_defaultlib.NanoProcessor_TB -log elaborate.log 
Using 2 slave threads.
Starting static elaboration
Completed static elaboration
Starting simulation data flow analysis
Completed simulation data flow analysis
Time Resolution for simulation is 1ps
Compiling package std.standard
Compiling package std.textio
Compiling package ieee.std_logic_1164
Compiling package xil_defaultlib.busdefinitions
Compiling package ieee.numeric_std
Compiling package xil_defaultlib.constants
Compiling architecture behavioral of entity xil_defaultlib.Slow_Clk [slow_clk_default]
Compiling architecture behavioral of entity xil_defaultlib.reg_3bit [reg_3bit_default]
Compiling architecture behavioral of entity xil_defaultlib.Program_Counter [program_counter_default]
Compiling architecture behavioral of entity xil_defaultlib.HA [ha_default]
Compiling architecture behavioral of entity xil_defaultlib.FA [fa_default]
Compiling architecture behavioral of entity xil_defaultlib.RCA_3 [rca_3_default]
Compiling architecture behavioral of entity xil_defaultlib.PC_Adder [pc_adder_default]
Compiling architecture behavioral of entity xil_defaultlib.Mux_2way_3bit [mux_2way_3bit_default]
Compiling architecture behavioral of entity xil_defaultlib.Address_Selector [address_selector_default]
Compiling architecture behavioral of entity xil_defaultlib.Program_ROM [program_rom_default]
Compiling architecture behavioral of entity xil_defaultlib.Instruction_Decoder [instruction_decoder_default]
Compiling architecture behavioral of entity xil_defaultlib.Mux_2way_4bit [mux_2way_4bit_default]
Compiling architecture behavioral of entity xil_defaultlib.Load_Selector [load_selector_default]
Compiling architecture behavioral of entity xil_defaultlib.Decoder_2_to_4 [decoder_2_to_4_default]
Compiling architecture behavioral of entity xil_defaultlib.Decoder_3_to_8 [decoder_3_to_8_default]
Compiling architecture behavioral of entity xil_defaultlib.Reg [reg_default]
Compiling architecture behavioral of entity xil_defaultlib.Register_Bank [register_bank_default]
Compiling architecture behavioral of entity xil_defaultlib.Mux_8way_4bit [mux_8way_4bit_default]
Compiling architecture behavioral of entity xil_defaultlib.RegisterData_Multiplexer [registerdata_multiplexer_default]
Compiling architecture behavioral of entity xil_defaultlib.RCA_4 [rca_4_default]
Compiling architecture behavioral of entity xil_defaultlib.Add_Sub_4_bit [add_sub_4_bit_default]
Compiling architecture behavioral of entity xil_defaultlib.LUT_16_7 [lut_16_7_default]
Compiling architecture behavioral of entity xil_defaultlib.NanoProcessor [nanoprocessor_default]
Compiling architecture behavioral of entity xil_defaultlib.nanoprocessor_tb
Built simulation snapshot NanoProcessor_TB_behav
INFO: [USF-XSim-69] 'elaborate' step finished in '4' seconds
Time resolution is 1 ps
relaunch_sim: Time (s): cpu = 00:00:01 ; elapsed = 00:00:10 . Memory (MB): peak = 1736.418 ; gain = 0.000
run 10 us
relaunch_sim
Command: launch_simulation -step compile -simset sim_1 -mode behavioral
INFO: [Vivado 12-25911] Executing simulation for 'XSim' simulator
INFO: [Vivado 12-28535] Process started - Fri May  8 20:49:45 2026

INFO: [Vivado 12-12493] Simulation top is 'NanoProcessor_TB'
INFO: [Vivado 12-5682] Launching behavioral simulation in 'C:/Users/User/Desktop/codd/normal_nano/normal_nano.sim/sim_1/behav/xsim'
INFO: [SIM-utils-51] Simulation object is 'sim_1'
INFO: [USF-XSim-2] XSim::Compile design
INFO: [USF-XSim-61] Executing 'COMPILE and ANALYZE' step in 'C:/Users/User/Desktop/codd/normal_nano/normal_nano.sim/sim_1/behav/xsim'
"xvhdl --incr --relax -prj NanoProcessor_TB_vhdl.prj"
INFO: [VRFC 10-163] Analyzing VHDL file "C:/Users/User/Desktop/normal_process/normal_process/normal_process.srcs/sources_1/new/Slow_Clk.vhd" into library xil_defaultlib
INFO: [VRFC 10-3107] analyzing entity 'Slow_Clk'
INFO: [USF-XSim-69] 'compile' step finished in '3' seconds
Command: launch_simulation -step elaborate -simset sim_1 -mode behavioral
INFO: [Vivado 12-25911] Executing simulation for 'XSim' simulator
INFO: [Vivado 12-28535] Process started - Fri May  8 20:49:48 2026

INFO: [Vivado 12-12493] Simulation top is 'NanoProcessor_TB'
INFO: [Vivado 12-5682] Launching behavioral simulation in 'C:/Users/User/Desktop/codd/normal_nano/normal_nano.sim/sim_1/behav/xsim'
INFO: [SIM-utils-51] Simulation object is 'sim_1'
INFO: [USF-XSim-3] XSim::Elaborate design
INFO: [USF-XSim-61] Executing 'ELABORATE' step in 'C:/Users/User/Desktop/codd/normal_nano/normal_nano.sim/sim_1/behav/xsim'
"xelab --incr --debug typical --relax --mt 2 -L xil_defaultlib -L secureip --snapshot NanoProcessor_TB_behav xil_defaultlib.NanoProcessor_TB -log elaborate.log"
Vivado Simulator v2025.2
Copyright 1986-2022 Xilinx, Inc. All Rights Reserved.
Copyright 2022-2025 Advanced Micro Devices, Inc. All Rights Reserved.
Running: C:/AMDDesignTools/2025.2/Vivado/bin/unwrapped/win64.o/xelab.exe --incr --debug typical --relax --mt 2 -L xil_defaultlib -L secureip --snapshot NanoProcessor_TB_behav xil_defaultlib.NanoProcessor_TB -log elaborate.log 
Using 2 slave threads.
Starting static elaboration
Completed static elaboration
Starting simulation data flow analysis
Completed simulation data flow analysis
Time Resolution for simulation is 1ps
Compiling package std.standard
Compiling package std.textio
Compiling package ieee.std_logic_1164
Compiling package xil_defaultlib.busdefinitions
Compiling package ieee.numeric_std
Compiling package xil_defaultlib.constants
Compiling architecture behavioral of entity xil_defaultlib.Slow_Clk [slow_clk_default]
Compiling architecture behavioral of entity xil_defaultlib.reg_3bit [reg_3bit_default]
Compiling architecture behavioral of entity xil_defaultlib.Program_Counter [program_counter_default]
Compiling architecture behavioral of entity xil_defaultlib.HA [ha_default]
Compiling architecture behavioral of entity xil_defaultlib.FA [fa_default]
Compiling architecture behavioral of entity xil_defaultlib.RCA_3 [rca_3_default]
Compiling architecture behavioral of entity xil_defaultlib.PC_Adder [pc_adder_default]
Compiling architecture behavioral of entity xil_defaultlib.Mux_2way_3bit [mux_2way_3bit_default]
Compiling architecture behavioral of entity xil_defaultlib.Address_Selector [address_selector_default]
Compiling architecture behavioral of entity xil_defaultlib.Program_ROM [program_rom_default]
Compiling architecture behavioral of entity xil_defaultlib.Instruction_Decoder [instruction_decoder_default]
Compiling architecture behavioral of entity xil_defaultlib.Mux_2way_4bit [mux_2way_4bit_default]
Compiling architecture behavioral of entity xil_defaultlib.Load_Selector [load_selector_default]
Compiling architecture behavioral of entity xil_defaultlib.Decoder_2_to_4 [decoder_2_to_4_default]
Compiling architecture behavioral of entity xil_defaultlib.Decoder_3_to_8 [decoder_3_to_8_default]
Compiling architecture behavioral of entity xil_defaultlib.Reg [reg_default]
Compiling architecture behavioral of entity xil_defaultlib.Register_Bank [register_bank_default]
Compiling architecture behavioral of entity xil_defaultlib.Mux_8way_4bit [mux_8way_4bit_default]
Compiling architecture behavioral of entity xil_defaultlib.RegisterData_Multiplexer [registerdata_multiplexer_default]
Compiling architecture behavioral of entity xil_defaultlib.RCA_4 [rca_4_default]
Compiling architecture behavioral of entity xil_defaultlib.Add_Sub_4_bit [add_sub_4_bit_default]
Compiling architecture behavioral of entity xil_defaultlib.LUT_16_7 [lut_16_7_default]
Compiling architecture behavioral of entity xil_defaultlib.NanoProcessor [nanoprocessor_default]
Compiling architecture behavioral of entity xil_defaultlib.nanoprocessor_tb
Built simulation snapshot NanoProcessor_TB_behav
INFO: [USF-XSim-69] 'elaborate' step finished in '3' seconds
Time resolution is 1 ps
relaunch_sim: Time (s): cpu = 00:00:01 ; elapsed = 00:00:08 . Memory (MB): peak = 1736.766 ; gain = 0.000
run 10 us
run 10 us
WARNING: [filemgmt 56-199] Attempt to get parsing info during refresh. "On-the-fly" syntax checking information may be incorrect. [C:\Users\User\Desktop\normal_process\normal_process\normal_process.srcs\sources_1\new\Slow_Clk.vhd:]
WARNING: [filemgmt 56-199] Attempt to get parsing info during refresh. "On-the-fly" syntax checking information may be incorrect. [C:\Users\User\Desktop\normal_process\normal_process\normal_process.srcs\sources_1\new\NanoProcessor.vhd:]
WARNING: [filemgmt 56-199] Attempt to get parsing info during refresh. "On-the-fly" syntax checking information may be incorrect. [C:\Users\User\Desktop\normal_process\normal_process\normal_process.srcs\sources_1\new\NanoProcessor.vhd:]
WARNING: [filemgmt 56-199] Attempt to get parsing info during refresh. "On-the-fly" syntax checking information may be incorrect. [C:\Users\User\Desktop\normal_process\normal_process\normal_process.srcs\sources_1\new\NanoProcessor.vhd:]
ERROR: [Common 17-180] Spawn failed: The operation completed successfully.

relaunch_sim
Command: launch_simulation -step compile -simset sim_1 -mode behavioral
INFO: [Vivado 12-25911] Executing simulation for 'XSim' simulator
INFO: [Vivado 12-28535] Process started - Fri May  8 20:50:17 2026

INFO: [Vivado 12-12493] Simulation top is 'NanoProcessor_TB'
INFO: [Vivado 12-5682] Launching behavioral simulation in 'C:/Users/User/Desktop/codd/normal_nano/normal_nano.sim/sim_1/behav/xsim'
INFO: [SIM-utils-51] Simulation object is 'sim_1'
INFO: [USF-XSim-2] XSim::Compile design
INFO: [USF-XSim-61] Executing 'COMPILE and ANALYZE' step in 'C:/Users/User/Desktop/codd/normal_nano/normal_nano.sim/sim_1/behav/xsim'
"xvhdl --incr --relax -prj NanoProcessor_TB_vhdl.prj"
INFO: [VRFC 10-163] Analyzing VHDL file "C:/Users/User/Desktop/normal_process/normal_process/normal_process.srcs/sources_1/new/Slow_Clk.vhd" into library xil_defaultlib
INFO: [VRFC 10-3107] analyzing entity 'Slow_Clk'
INFO: [USF-XSim-69] 'compile' step finished in '3' seconds
Command: launch_simulation -step elaborate -simset sim_1 -mode behavioral
INFO: [Vivado 12-25911] Executing simulation for 'XSim' simulator
INFO: [Vivado 12-28535] Process started - Fri May  8 20:50:20 2026

INFO: [Vivado 12-12493] Simulation top is 'NanoProcessor_TB'
INFO: [Vivado 12-5682] Launching behavioral simulation in 'C:/Users/User/Desktop/codd/normal_nano/normal_nano.sim/sim_1/behav/xsim'
INFO: [SIM-utils-51] Simulation object is 'sim_1'
INFO: [USF-XSim-3] XSim::Elaborate design
INFO: [USF-XSim-61] Executing 'ELABORATE' step in 'C:/Users/User/Desktop/codd/normal_nano/normal_nano.sim/sim_1/behav/xsim'
"xelab --incr --debug typical --relax --mt 2 -L xil_defaultlib -L secureip --snapshot NanoProcessor_TB_behav xil_defaultlib.NanoProcessor_TB -log elaborate.log"
Vivado Simulator v2025.2
Copyright 1986-2022 Xilinx, Inc. All Rights Reserved.
Copyright 2022-2025 Advanced Micro Devices, Inc. All Rights Reserved.
Running: C:/AMDDesignTools/2025.2/Vivado/bin/unwrapped/win64.o/xelab.exe --incr --debug typical --relax --mt 2 -L xil_defaultlib -L secureip --snapshot NanoProcessor_TB_behav xil_defaultlib.NanoProcessor_TB -log elaborate.log 
Using 2 slave threads.
Starting static elaboration
Completed static elaboration
Starting simulation data flow analysis
Completed simulation data flow analysis
Time Resolution for simulation is 1ps
Compiling package std.standard
Compiling package std.textio
Compiling package ieee.std_logic_1164
Compiling package xil_defaultlib.busdefinitions
Compiling package ieee.numeric_std
Compiling package xil_defaultlib.constants
Compiling architecture behavioral of entity xil_defaultlib.Slow_Clk [slow_clk_default]
Compiling architecture behavioral of entity xil_defaultlib.reg_3bit [reg_3bit_default]
Compiling architecture behavioral of entity xil_defaultlib.Program_Counter [program_counter_default]
Compiling architecture behavioral of entity xil_defaultlib.HA [ha_default]
Compiling architecture behavioral of entity xil_defaultlib.FA [fa_default]
Compiling architecture behavioral of entity xil_defaultlib.RCA_3 [rca_3_default]
Compiling architecture behavioral of entity xil_defaultlib.PC_Adder [pc_adder_default]
Compiling architecture behavioral of entity xil_defaultlib.Mux_2way_3bit [mux_2way_3bit_default]
Compiling architecture behavioral of entity xil_defaultlib.Address_Selector [address_selector_default]
Compiling architecture behavioral of entity xil_defaultlib.Program_ROM [program_rom_default]
Compiling architecture behavioral of entity xil_defaultlib.Instruction_Decoder [instruction_decoder_default]
Compiling architecture behavioral of entity xil_defaultlib.Mux_2way_4bit [mux_2way_4bit_default]
Compiling architecture behavioral of entity xil_defaultlib.Load_Selector [load_selector_default]
Compiling architecture behavioral of entity xil_defaultlib.Decoder_2_to_4 [decoder_2_to_4_default]
Compiling architecture behavioral of entity xil_defaultlib.Decoder_3_to_8 [decoder_3_to_8_default]
Compiling architecture behavioral of entity xil_defaultlib.Reg [reg_default]
Compiling architecture behavioral of entity xil_defaultlib.Register_Bank [register_bank_default]
Compiling architecture behavioral of entity xil_defaultlib.Mux_8way_4bit [mux_8way_4bit_default]
Compiling architecture behavioral of entity xil_defaultlib.RegisterData_Multiplexer [registerdata_multiplexer_default]
Compiling architecture behavioral of entity xil_defaultlib.RCA_4 [rca_4_default]
Compiling architecture behavioral of entity xil_defaultlib.Add_Sub_4_bit [add_sub_4_bit_default]
Compiling architecture behavioral of entity xil_defaultlib.LUT_16_7 [lut_16_7_default]
Compiling architecture behavioral of entity xil_defaultlib.NanoProcessor [nanoprocessor_default]
Compiling architecture behavioral of entity xil_defaultlib.nanoprocessor_tb
Built simulation snapshot NanoProcessor_TB_behav
INFO: [USF-XSim-69] 'elaborate' step finished in '4' seconds
Time resolution is 1 ps
relaunch_sim: Time (s): cpu = 00:00:01 ; elapsed = 00:00:10 . Memory (MB): peak = 1737.820 ; gain = 0.332
run 10 us
relaunch_sim
Command: launch_simulation -step compile -simset sim_1 -mode behavioral
INFO: [Vivado 12-25911] Executing simulation for 'XSim' simulator
INFO: [Vivado 12-28535] Process started - Fri May  8 20:54:25 2026

INFO: [Vivado 12-12493] Simulation top is 'NanoProcessor_TB'
INFO: [Vivado 12-5682] Launching behavioral simulation in 'C:/Users/User/Desktop/codd/normal_nano/normal_nano.sim/sim_1/behav/xsim'
INFO: [SIM-utils-51] Simulation object is 'sim_1'
INFO: [USF-XSim-2] XSim::Compile design
INFO: [USF-XSim-61] Executing 'COMPILE and ANALYZE' step in 'C:/Users/User/Desktop/codd/normal_nano/normal_nano.sim/sim_1/behav/xsim'
"xvhdl --incr --relax -prj NanoProcessor_TB_vhdl.prj"
INFO: [USF-XSim-69] 'compile' step finished in '3' seconds
Command: launch_simulation -step elaborate -simset sim_1 -mode behavioral
INFO: [Vivado 12-25911] Executing simulation for 'XSim' simulator
INFO: [Vivado 12-28535] Process started - Fri May  8 20:54:28 2026

INFO: [Vivado 12-12493] Simulation top is 'NanoProcessor_TB'
INFO: [Vivado 12-5682] Launching behavioral simulation in 'C:/Users/User/Desktop/codd/normal_nano/normal_nano.sim/sim_1/behav/xsim'
INFO: [SIM-utils-51] Simulation object is 'sim_1'
INFO: [USF-XSim-3] XSim::Elaborate design
INFO: [USF-XSim-61] Executing 'ELABORATE' step in 'C:/Users/User/Desktop/codd/normal_nano/normal_nano.sim/sim_1/behav/xsim'
"xelab --incr --debug typical --relax --mt 2 -L xil_defaultlib -L secureip --snapshot NanoProcessor_TB_behav xil_defaultlib.NanoProcessor_TB -log elaborate.log"
Vivado Simulator v2025.2
Copyright 1986-2022 Xilinx, Inc. All Rights Reserved.
Copyright 2022-2025 Advanced Micro Devices, Inc. All Rights Reserved.
Running: C:/AMDDesignTools/2025.2/Vivado/bin/unwrapped/win64.o/xelab.exe --incr --debug typical --relax --mt 2 -L xil_defaultlib -L secureip --snapshot NanoProcessor_TB_behav xil_defaultlib.NanoProcessor_TB -log elaborate.log 
Using 2 slave threads.
Starting static elaboration
Completed static elaboration
INFO: [XSIM 43-4323] No Change in HDL. Linking previously generated obj files to create kernel
INFO: [USF-XSim-69] 'elaborate' step finished in '4' seconds
Time resolution is 1 ps
relaunch_sim: Time (s): cpu = 00:00:01 ; elapsed = 00:00:10 . Memory (MB): peak = 1738.191 ; gain = 0.000
run 1000 ns
WARNING: [filemgmt 56-199] Attempt to get parsing info during refresh. "On-the-fly" syntax checking information may be incorrect. [C:\Users\User\Desktop\normal_process\normal_process\normal_process.srcs\sources_1\new\Slow_Clk.vhd:]
WARNING: [filemgmt 56-199] Attempt to get parsing info during refresh. "On-the-fly" syntax checking information may be incorrect. [C:\Users\User\Desktop\normal_process\normal_process\normal_process.srcs\sources_1\new\NanoProcessor.vhd:]
WARNING: [filemgmt 56-199] Attempt to get parsing info during refresh. "On-the-fly" syntax checking information may be incorrect. [C:\Users\User\Desktop\normal_process\normal_process\normal_process.srcs\sources_1\new\NanoProcessor.vhd:]
WARNING: [filemgmt 56-199] Attempt to get parsing info during refresh. "On-the-fly" syntax checking information may be incorrect. [C:\Users\User\Desktop\normal_process\normal_process\normal_process.srcs\sources_1\new\NanoProcessor.vhd:]
ERROR: [Common 17-180] Spawn failed: The operation completed successfully.

relaunch_sim
Command: launch_simulation -step compile -simset sim_1 -mode behavioral
INFO: [Vivado 12-25911] Executing simulation for 'XSim' simulator
INFO: [Vivado 12-28535] Process started - Fri May  8 20:54:55 2026

INFO: [Vivado 12-12493] Simulation top is 'NanoProcessor_TB'
INFO: [Vivado 12-5682] Launching behavioral simulation in 'C:/Users/User/Desktop/codd/normal_nano/normal_nano.sim/sim_1/behav/xsim'
INFO: [SIM-utils-51] Simulation object is 'sim_1'
INFO: [USF-XSim-2] XSim::Compile design
INFO: [USF-XSim-61] Executing 'COMPILE and ANALYZE' step in 'C:/Users/User/Desktop/codd/normal_nano/normal_nano.sim/sim_1/behav/xsim'
"xvhdl --incr --relax -prj NanoProcessor_TB_vhdl.prj"
INFO: [VRFC 10-163] Analyzing VHDL file "C:/Users/User/Desktop/normal_process/normal_process/normal_process.srcs/sources_1/new/Slow_Clk.vhd" into library xil_defaultlib
INFO: [VRFC 10-3107] analyzing entity 'Slow_Clk'
INFO: [USF-XSim-69] 'compile' step finished in '3' seconds
Command: launch_simulation -step elaborate -simset sim_1 -mode behavioral
INFO: [Vivado 12-25911] Executing simulation for 'XSim' simulator
INFO: [Vivado 12-28535] Process started - Fri May  8 20:54:59 2026

INFO: [Vivado 12-12493] Simulation top is 'NanoProcessor_TB'
INFO: [Vivado 12-5682] Launching behavioral simulation in 'C:/Users/User/Desktop/codd/normal_nano/normal_nano.sim/sim_1/behav/xsim'
INFO: [SIM-utils-51] Simulation object is 'sim_1'
INFO: [USF-XSim-3] XSim::Elaborate design
INFO: [USF-XSim-61] Executing 'ELABORATE' step in 'C:/Users/User/Desktop/codd/normal_nano/normal_nano.sim/sim_1/behav/xsim'
"xelab --incr --debug typical --relax --mt 2 -L xil_defaultlib -L secureip --snapshot NanoProcessor_TB_behav xil_defaultlib.NanoProcessor_TB -log elaborate.log"
Vivado Simulator v2025.2
Copyright 1986-2022 Xilinx, Inc. All Rights Reserved.
Copyright 2022-2025 Advanced Micro Devices, Inc. All Rights Reserved.
Running: C:/AMDDesignTools/2025.2/Vivado/bin/unwrapped/win64.o/xelab.exe --incr --debug typical --relax --mt 2 -L xil_defaultlib -L secureip --snapshot NanoProcessor_TB_behav xil_defaultlib.NanoProcessor_TB -log elaborate.log 
Using 2 slave threads.
Starting static elaboration
Completed static elaboration
Starting simulation data flow analysis
Completed simulation data flow analysis
Time Resolution for simulation is 1ps
Compiling package std.standard
Compiling package std.textio
Compiling package ieee.std_logic_1164
Compiling package xil_defaultlib.busdefinitions
Compiling package ieee.numeric_std
Compiling package xil_defaultlib.constants
Compiling architecture behavioral of entity xil_defaultlib.Slow_Clk [slow_clk_default]
Compiling architecture behavioral of entity xil_defaultlib.reg_3bit [reg_3bit_default]
Compiling architecture behavioral of entity xil_defaultlib.Program_Counter [program_counter_default]
Compiling architecture behavioral of entity xil_defaultlib.HA [ha_default]
Compiling architecture behavioral of entity xil_defaultlib.FA [fa_default]
Compiling architecture behavioral of entity xil_defaultlib.RCA_3 [rca_3_default]
Compiling architecture behavioral of entity xil_defaultlib.PC_Adder [pc_adder_default]
Compiling architecture behavioral of entity xil_defaultlib.Mux_2way_3bit [mux_2way_3bit_default]
Compiling architecture behavioral of entity xil_defaultlib.Address_Selector [address_selector_default]
Compiling architecture behavioral of entity xil_defaultlib.Program_ROM [program_rom_default]
Compiling architecture behavioral of entity xil_defaultlib.Instruction_Decoder [instruction_decoder_default]
Compiling architecture behavioral of entity xil_defaultlib.Mux_2way_4bit [mux_2way_4bit_default]
Compiling architecture behavioral of entity xil_defaultlib.Load_Selector [load_selector_default]
Compiling architecture behavioral of entity xil_defaultlib.Decoder_2_to_4 [decoder_2_to_4_default]
Compiling architecture behavioral of entity xil_defaultlib.Decoder_3_to_8 [decoder_3_to_8_default]
Compiling architecture behavioral of entity xil_defaultlib.Reg [reg_default]
Compiling architecture behavioral of entity xil_defaultlib.Register_Bank [register_bank_default]
Compiling architecture behavioral of entity xil_defaultlib.Mux_8way_4bit [mux_8way_4bit_default]
Compiling architecture behavioral of entity xil_defaultlib.RegisterData_Multiplexer [registerdata_multiplexer_default]
Compiling architecture behavioral of entity xil_defaultlib.RCA_4 [rca_4_default]
Compiling architecture behavioral of entity xil_defaultlib.Add_Sub_4_bit [add_sub_4_bit_default]
Compiling architecture behavioral of entity xil_defaultlib.LUT_16_7 [lut_16_7_default]
Compiling architecture behavioral of entity xil_defaultlib.NanoProcessor [nanoprocessor_default]
Compiling architecture behavioral of entity xil_defaultlib.nanoprocessor_tb
Built simulation snapshot NanoProcessor_TB_behav
INFO: [USF-XSim-69] 'elaborate' step finished in '4' seconds
Time resolution is 1 ps
relaunch_sim: Time (s): cpu = 00:00:01 ; elapsed = 00:00:11 . Memory (MB): peak = 2038.621 ; gain = 299.844
WARNING: [filemgmt 56-199] Attempt to get parsing info during refresh. "On-the-fly" syntax checking information may be incorrect. [C:\Users\User\Desktop\normal_process\normal_process\normal_process.srcs\sources_1\new\Slow_Clk.vhd:]
WARNING: [filemgmt 56-199] Attempt to get parsing info during refresh. "On-the-fly" syntax checking information may be incorrect. [C:\Users\User\Desktop\normal_process\normal_process\normal_process.srcs\sources_1\new\NanoProcessor.vhd:]
WARNING: [filemgmt 56-199] Attempt to get parsing info during refresh. "On-the-fly" syntax checking information may be incorrect. [C:\Users\User\Desktop\normal_process\normal_process\normal_process.srcs\sources_1\new\NanoProcessor.vhd:]
WARNING: [filemgmt 56-199] Attempt to get parsing info during refresh. "On-the-fly" syntax checking information may be incorrect. [C:\Users\User\Desktop\normal_process\normal_process\normal_process.srcs\sources_1\new\NanoProcessor.vhd:]
ERROR: [Common 17-180] Spawn failed: The operation completed successfully.

relaunch_sim
Command: launch_simulation -step compile -simset sim_1 -mode behavioral
INFO: [Vivado 12-25911] Executing simulation for 'XSim' simulator
INFO: [Vivado 12-28535] Process started - Fri May  8 20:55:33 2026

INFO: [Vivado 12-12493] Simulation top is 'NanoProcessor_TB'
INFO: [Vivado 12-5682] Launching behavioral simulation in 'C:/Users/User/Desktop/codd/normal_nano/normal_nano.sim/sim_1/behav/xsim'
INFO: [SIM-utils-51] Simulation object is 'sim_1'
INFO: [USF-XSim-2] XSim::Compile design
INFO: [USF-XSim-61] Executing 'COMPILE and ANALYZE' step in 'C:/Users/User/Desktop/codd/normal_nano/normal_nano.sim/sim_1/behav/xsim'
"xvhdl --incr --relax -prj NanoProcessor_TB_vhdl.prj"
INFO: [VRFC 10-163] Analyzing VHDL file "C:/Users/User/Desktop/normal_process/normal_process/normal_process.srcs/sources_1/new/Slow_Clk.vhd" into library xil_defaultlib
INFO: [VRFC 10-3107] analyzing entity 'Slow_Clk'
INFO: [USF-XSim-69] 'compile' step finished in '4' seconds
Command: launch_simulation -step elaborate -simset sim_1 -mode behavioral
INFO: [Vivado 12-25911] Executing simulation for 'XSim' simulator
INFO: [Vivado 12-28535] Process started - Fri May  8 20:55:38 2026

INFO: [Vivado 12-12493] Simulation top is 'NanoProcessor_TB'
INFO: [Vivado 12-5682] Launching behavioral simulation in 'C:/Users/User/Desktop/codd/normal_nano/normal_nano.sim/sim_1/behav/xsim'
INFO: [SIM-utils-51] Simulation object is 'sim_1'
INFO: [USF-XSim-3] XSim::Elaborate design
INFO: [USF-XSim-61] Executing 'ELABORATE' step in 'C:/Users/User/Desktop/codd/normal_nano/normal_nano.sim/sim_1/behav/xsim'
"xelab --incr --debug typical --relax --mt 2 -L xil_defaultlib -L secureip --snapshot NanoProcessor_TB_behav xil_defaultlib.NanoProcessor_TB -log elaborate.log"
Vivado Simulator v2025.2
Copyright 1986-2022 Xilinx, Inc. All Rights Reserved.
Copyright 2022-2025 Advanced Micro Devices, Inc. All Rights Reserved.
Running: C:/AMDDesignTools/2025.2/Vivado/bin/unwrapped/win64.o/xelab.exe --incr --debug typical --relax --mt 2 -L xil_defaultlib -L secureip --snapshot NanoProcessor_TB_behav xil_defaultlib.NanoProcessor_TB -log elaborate.log 
Using 2 slave threads.
Starting static elaboration
Completed static elaboration
Starting simulation data flow analysis
Completed simulation data flow analysis
Time Resolution for simulation is 1ps
Compiling package std.standard
Compiling package std.textio
Compiling package ieee.std_logic_1164
Compiling package xil_defaultlib.busdefinitions
Compiling package ieee.numeric_std
Compiling package xil_defaultlib.constants
Compiling architecture behavioral of entity xil_defaultlib.Slow_Clk [slow_clk_default]
Compiling architecture behavioral of entity xil_defaultlib.reg_3bit [reg_3bit_default]
Compiling architecture behavioral of entity xil_defaultlib.Program_Counter [program_counter_default]
Compiling architecture behavioral of entity xil_defaultlib.HA [ha_default]
Compiling architecture behavioral of entity xil_defaultlib.FA [fa_default]
Compiling architecture behavioral of entity xil_defaultlib.RCA_3 [rca_3_default]
Compiling architecture behavioral of entity xil_defaultlib.PC_Adder [pc_adder_default]
Compiling architecture behavioral of entity xil_defaultlib.Mux_2way_3bit [mux_2way_3bit_default]
Compiling architecture behavioral of entity xil_defaultlib.Address_Selector [address_selector_default]
Compiling architecture behavioral of entity xil_defaultlib.Program_ROM [program_rom_default]
Compiling architecture behavioral of entity xil_defaultlib.Instruction_Decoder [instruction_decoder_default]
Compiling architecture behavioral of entity xil_defaultlib.Mux_2way_4bit [mux_2way_4bit_default]
Compiling architecture behavioral of entity xil_defaultlib.Load_Selector [load_selector_default]
Compiling architecture behavioral of entity xil_defaultlib.Decoder_2_to_4 [decoder_2_to_4_default]
Compiling architecture behavioral of entity xil_defaultlib.Decoder_3_to_8 [decoder_3_to_8_default]
Compiling architecture behavioral of entity xil_defaultlib.Reg [reg_default]
Compiling architecture behavioral of entity xil_defaultlib.Register_Bank [register_bank_default]
Compiling architecture behavioral of entity xil_defaultlib.Mux_8way_4bit [mux_8way_4bit_default]
Compiling architecture behavioral of entity xil_defaultlib.RegisterData_Multiplexer [registerdata_multiplexer_default]
Compiling architecture behavioral of entity xil_defaultlib.RCA_4 [rca_4_default]
Compiling architecture behavioral of entity xil_defaultlib.Add_Sub_4_bit [add_sub_4_bit_default]
Compiling architecture behavioral of entity xil_defaultlib.LUT_16_7 [lut_16_7_default]
Compiling architecture behavioral of entity xil_defaultlib.NanoProcessor [nanoprocessor_default]
Compiling architecture behavioral of entity xil_defaultlib.nanoprocessor_tb
Built simulation snapshot NanoProcessor_TB_behav
INFO: [USF-XSim-69] 'elaborate' step finished in '4' seconds
Time resolution is 1 ps
relaunch_sim: Time (s): cpu = 00:00:01 ; elapsed = 00:00:12 . Memory (MB): peak = 2050.926 ; gain = 0.000
close_sim
INFO: [Simtcl 6-16] Simulation closed
launch_simulation
Command: launch_simulation 
INFO: [Vivado 12-25911] Executing simulation for 'XSim' simulator
INFO: [Vivado 12-28535] Process started - Fri May  8 20:55:59 2026

INFO: [Vivado 12-12493] Simulation top is 'NanoProcessor_TB'
INFO: [Vivado 12-5682] Launching behavioral simulation in 'C:/Users/User/Desktop/codd/normal_nano/normal_nano.sim/sim_1/behav/xsim'
INFO: [SIM-utils-51] Simulation object is 'sim_1'
INFO: [SIM-utils-72] Using boost library from 'C:/AMDDesignTools/2025.2/Vivado/tps/boost_1_72_0'
INFO: [SIM-utils-54] Inspecting design source files for 'NanoProcessor_TB' in fileset 'sim_1'...
INFO: [USF-XSim-97] Finding global include files...
INFO: [USF-XSim-98] Fetching design files from 'sim_1'...
INFO: [USF-XSim-2] XSim::Compile design
INFO: [USF-XSim-61] Executing 'COMPILE and ANALYZE' step in 'C:/Users/User/Desktop/codd/normal_nano/normal_nano.sim/sim_1/behav/xsim'
"xvhdl --incr --relax -prj NanoProcessor_TB_vhdl.prj"
INFO: [USF-XSim-69] 'compile' step finished in '4' seconds
INFO: [USF-XSim-3] XSim::Elaborate design
INFO: [USF-XSim-61] Executing 'ELABORATE' step in 'C:/Users/User/Desktop/codd/normal_nano/normal_nano.sim/sim_1/behav/xsim'
"xelab --incr --debug typical --relax --mt 2 -L xil_defaultlib -L secureip --snapshot NanoProcessor_TB_behav xil_defaultlib.NanoProcessor_TB -log elaborate.log"
Vivado Simulator v2025.2
Copyright 1986-2022 Xilinx, Inc. All Rights Reserved.
Copyright 2022-2025 Advanced Micro Devices, Inc. All Rights Reserved.
Running: C:/AMDDesignTools/2025.2/Vivado/bin/unwrapped/win64.o/xelab.exe --incr --debug typical --relax --mt 2 -L xil_defaultlib -L secureip --snapshot NanoProcessor_TB_behav xil_defaultlib.NanoProcessor_TB -log elaborate.log 
Using 2 slave threads.
Starting static elaboration
Completed static elaboration
INFO: [XSIM 43-4323] No Change in HDL. Linking previously generated obj files to create kernel
INFO: [USF-XSim-69] 'elaborate' step finished in '3' seconds
INFO: [USF-XSim-4] XSim::Simulate design
INFO: [USF-XSim-61] Executing 'SIMULATE' step in 'C:/Users/User/Desktop/codd/normal_nano/normal_nano.sim/sim_1/behav/xsim'
INFO: [USF-XSim-98] *** Running xsim
   with args "NanoProcessor_TB_behav -key {Behavioral:sim_1:Functional:NanoProcessor_TB} -tclbatch {NanoProcessor_TB.tcl} -log {simulate.log}"
INFO: [USF-XSim-8] Loading simulator feature
Time resolution is 1 ps
source NanoProcessor_TB.tcl
# set curr_wave [current_wave_config]
# if { [string length $curr_wave] == 0 } {
#   if { [llength [get_objects]] > 0} {
#     add_wave /
#     set_property needs_save false [current_wave_config]
#   } else {
#      send_msg_id Add_Wave-1 WARNING "No top level signals found. Simulator will start without a wave window. If you want to open a wave window go to 'File->New Waveform Configuration' or type 'create_wave_config' in the TCL console."
#   }
# }
# run 1000ns
INFO: [USF-XSim-96] XSim completed. Design snapshot 'NanoProcessor_TB_behav' loaded.
INFO: [USF-XSim-97] XSim simulation ran for 1000ns
launch_simulation: Time (s): cpu = 00:00:02 ; elapsed = 00:00:10 . Memory (MB): peak = 2050.926 ; gain = 0.000
run 1000 ns
WARNING: [filemgmt 56-199] Attempt to get parsing info during refresh. "On-the-fly" syntax checking information may be incorrect. [C:\Users\User\Desktop\normal_process\normal_process\normal_process.srcs\sources_1\new\Slow_Clk.vhd:]
WARNING: [filemgmt 56-199] Attempt to get parsing info during refresh. "On-the-fly" syntax checking information may be incorrect. [C:\Users\User\Desktop\normal_process\normal_process\normal_process.srcs\sources_1\new\NanoProcessor.vhd:]
WARNING: [filemgmt 56-199] Attempt to get parsing info during refresh. "On-the-fly" syntax checking information may be incorrect. [C:\Users\User\Desktop\normal_process\normal_process\normal_process.srcs\sources_1\new\NanoProcessor.vhd:]
WARNING: [filemgmt 56-199] Attempt to get parsing info during refresh. "On-the-fly" syntax checking information may be incorrect. [C:\Users\User\Desktop\normal_process\normal_process\normal_process.srcs\sources_1\new\NanoProcessor.vhd:]
relaunch_sim
ERROR: [Common 17-180] Spawn failed: The operation completed successfully.

ERROR: [Common 17-39] 'suspend_sim' failed due to earlier errors.
INFO: [Common 17-17] undo 'relaunch_sim'
INFO: [Common 17-17] undo 'relaunch_sim'
ERROR: [Common 17-69] Command failed: ERROR: [Common 17-39] 'suspend_sim' failed due to earlier errors.

relaunch_sim
Command: launch_simulation -step compile -simset sim_1 -mode behavioral
INFO: [Vivado 12-25911] Executing simulation for 'XSim' simulator
INFO: [Vivado 12-28535] Process started - Fri May  8 20:56:40 2026

INFO: [Vivado 12-12493] Simulation top is 'NanoProcessor_TB'
INFO: [Vivado 12-5682] Launching behavioral simulation in 'C:/Users/User/Desktop/codd/normal_nano/normal_nano.sim/sim_1/behav/xsim'
INFO: [SIM-utils-51] Simulation object is 'sim_1'
INFO: [USF-XSim-2] XSim::Compile design
INFO: [USF-XSim-61] Executing 'COMPILE and ANALYZE' step in 'C:/Users/User/Desktop/codd/normal_nano/normal_nano.sim/sim_1/behav/xsim'
"xvhdl --incr --relax -prj NanoProcessor_TB_vhdl.prj"
INFO: [VRFC 10-163] Analyzing VHDL file "C:/Users/User/Desktop/normal_process/normal_process/normal_process.srcs/sources_1/new/Slow_Clk.vhd" into library xil_defaultlib
INFO: [VRFC 10-3107] analyzing entity 'Slow_Clk'
INFO: [USF-XSim-69] 'compile' step finished in '4' seconds
Command: launch_simulation -step elaborate -simset sim_1 -mode behavioral
INFO: [Vivado 12-25911] Executing simulation for 'XSim' simulator
INFO: [Vivado 12-28535] Process started - Fri May  8 20:56:44 2026

INFO: [Vivado 12-12493] Simulation top is 'NanoProcessor_TB'
INFO: [Vivado 12-5682] Launching behavioral simulation in 'C:/Users/User/Desktop/codd/normal_nano/normal_nano.sim/sim_1/behav/xsim'
INFO: [SIM-utils-51] Simulation object is 'sim_1'
INFO: [USF-XSim-3] XSim::Elaborate design
INFO: [USF-XSim-61] Executing 'ELABORATE' step in 'C:/Users/User/Desktop/codd/normal_nano/normal_nano.sim/sim_1/behav/xsim'
"xelab --incr --debug typical --relax --mt 2 -L xil_defaultlib -L secureip --snapshot NanoProcessor_TB_behav xil_defaultlib.NanoProcessor_TB -log elaborate.log"
Vivado Simulator v2025.2
Copyright 1986-2022 Xilinx, Inc. All Rights Reserved.
Copyright 2022-2025 Advanced Micro Devices, Inc. All Rights Reserved.
Running: C:/AMDDesignTools/2025.2/Vivado/bin/unwrapped/win64.o/xelab.exe --incr --debug typical --relax --mt 2 -L xil_defaultlib -L secureip --snapshot NanoProcessor_TB_behav xil_defaultlib.NanoProcessor_TB -log elaborate.log 
Using 2 slave threads.
Starting static elaboration
Completed static elaboration
Starting simulation data flow analysis
Completed simulation data flow analysis
Time Resolution for simulation is 1ps
Compiling package std.standard
Compiling package std.textio
Compiling package ieee.std_logic_1164
Compiling package xil_defaultlib.busdefinitions
Compiling package ieee.numeric_std
Compiling package xil_defaultlib.constants
Compiling architecture behavioral of entity xil_defaultlib.Slow_Clk [slow_clk_default]
Compiling architecture behavioral of entity xil_defaultlib.reg_3bit [reg_3bit_default]
Compiling architecture behavioral of entity xil_defaultlib.Program_Counter [program_counter_default]
Compiling architecture behavioral of entity xil_defaultlib.HA [ha_default]
Compiling architecture behavioral of entity xil_defaultlib.FA [fa_default]
Compiling architecture behavioral of entity xil_defaultlib.RCA_3 [rca_3_default]
Compiling architecture behavioral of entity xil_defaultlib.PC_Adder [pc_adder_default]
Compiling architecture behavioral of entity xil_defaultlib.Mux_2way_3bit [mux_2way_3bit_default]
Compiling architecture behavioral of entity xil_defaultlib.Address_Selector [address_selector_default]
Compiling architecture behavioral of entity xil_defaultlib.Program_ROM [program_rom_default]
Compiling architecture behavioral of entity xil_defaultlib.Instruction_Decoder [instruction_decoder_default]
Compiling architecture behavioral of entity xil_defaultlib.Mux_2way_4bit [mux_2way_4bit_default]
Compiling architecture behavioral of entity xil_defaultlib.Load_Selector [load_selector_default]
Compiling architecture behavioral of entity xil_defaultlib.Decoder_2_to_4 [decoder_2_to_4_default]
Compiling architecture behavioral of entity xil_defaultlib.Decoder_3_to_8 [decoder_3_to_8_default]
Compiling architecture behavioral of entity xil_defaultlib.Reg [reg_default]
Compiling architecture behavioral of entity xil_defaultlib.Register_Bank [register_bank_default]
Compiling architecture behavioral of entity xil_defaultlib.Mux_8way_4bit [mux_8way_4bit_default]
Compiling architecture behavioral of entity xil_defaultlib.RegisterData_Multiplexer [registerdata_multiplexer_default]
Compiling architecture behavioral of entity xil_defaultlib.RCA_4 [rca_4_default]
Compiling architecture behavioral of entity xil_defaultlib.Add_Sub_4_bit [add_sub_4_bit_default]
Compiling architecture behavioral of entity xil_defaultlib.LUT_16_7 [lut_16_7_default]
Compiling architecture behavioral of entity xil_defaultlib.NanoProcessor [nanoprocessor_default]
Compiling architecture behavioral of entity xil_defaultlib.nanoprocessor_tb
Built simulation snapshot NanoProcessor_TB_behav
INFO: [USF-XSim-69] 'elaborate' step finished in '5' seconds
Time resolution is 1 ps
relaunch_sim: Time (s): cpu = 00:00:01 ; elapsed = 00:00:10 . Memory (MB): peak = 2050.926 ; gain = 0.000
WARNING: [filemgmt 56-199] Attempt to get parsing info during refresh. "On-the-fly" syntax checking information may be incorrect. [C:\Users\User\Desktop\normal_process\normal_process\normal_process.srcs\sources_1\new\Slow_Clk.vhd:]
WARNING: [filemgmt 56-199] Attempt to get parsing info during refresh. "On-the-fly" syntax checking information may be incorrect. [C:\Users\User\Desktop\normal_process\normal_process\normal_process.srcs\sim_1\new\Program_ROM_TB.vhd:]
WARNING: [filemgmt 56-199] Attempt to get parsing info during refresh. "On-the-fly" syntax checking information may be incorrect. [C:\Users\User\Desktop\normal_process\normal_process\normal_process.srcs\sources_1\new\NanoProcessor.vhd:]
WARNING: [filemgmt 56-199] Attempt to get parsing info during refresh. "On-the-fly" syntax checking information may be incorrect. [C:\Users\User\Desktop\normal_process\normal_process\normal_process.srcs\sources_1\new\Program_ROM.vhd:]
WARNING: [filemgmt 56-199] Attempt to get parsing info during refresh. "On-the-fly" syntax checking information may be incorrect. [C:\Users\User\Desktop\normal_process\normal_process\normal_process.srcs\sources_1\new\Slow_Clk.vhd:]
WARNING: [filemgmt 56-199] Attempt to get parsing info during refresh. "On-the-fly" syntax checking information may be incorrect. [C:\Users\User\Desktop\normal_process\normal_process\normal_process.srcs\sources_1\new\Slow_Clk.vhd:]
WARNING: [filemgmt 56-199] Attempt to get parsing info during refresh. "On-the-fly" syntax checking information may be incorrect. [C:\Users\User\Desktop\normal_process\normal_process\normal_process.srcs\sources_1\new\Slow_Clk.vhd:]
WARNING: [filemgmt 56-199] Attempt to get parsing info during refresh. "On-the-fly" syntax checking information may be incorrect. [C:\Users\User\Desktop\normal_process\normal_process\normal_process.srcs\sim_1\new\Program_ROM_TB.vhd:]
WARNING: [filemgmt 56-199] Attempt to get parsing info during refresh. "On-the-fly" syntax checking information may be incorrect. [C:\Users\User\Desktop\normal_process\normal_process\normal_process.srcs\sources_1\new\NanoProcessor.vhd:]
WARNING: [filemgmt 56-199] Attempt to get parsing info during refresh. "On-the-fly" syntax checking information may be incorrect. [C:\Users\User\Desktop\normal_process\normal_process\normal_process.srcs\sources_1\new\Program_ROM.vhd:]
WARNING: [filemgmt 56-199] Attempt to get parsing info during refresh. "On-the-fly" syntax checking information may be incorrect. [C:\Users\User\Desktop\normal_process\normal_process\normal_process.srcs\sources_1\new\NanoProcessor.vhd:]
WARNING: [filemgmt 56-199] Attempt to get parsing info during refresh. "On-the-fly" syntax checking information may be incorrect. [C:\Users\User\Desktop\normal_process\normal_process\normal_process.srcs\sources_1\new\NanoProcessor.vhd:]
WARNING: [filemgmt 56-199] Attempt to get parsing info during refresh. "On-the-fly" syntax checking information may be incorrect. [C:\Users\User\Desktop\normal_process\normal_process\normal_process.srcs\sources_1\new\Slow_Clk.vhd:]
WARNING: [filemgmt 56-199] Attempt to get parsing info during refresh. "On-the-fly" syntax checking information may be incorrect. [C:\Users\User\Desktop\normal_process\normal_process\normal_process.srcs\sim_1\new\Program_ROM_TB.vhd:]
WARNING: [filemgmt 56-199] Attempt to get parsing info during refresh. "On-the-fly" syntax checking information may be incorrect. [C:\Users\User\Desktop\normal_process\normal_process\normal_process.srcs\sources_1\new\NanoProcessor.vhd:]
WARNING: [filemgmt 56-199] Attempt to get parsing info during refresh. "On-the-fly" syntax checking information may be incorrect. [C:\Users\User\Desktop\normal_process\normal_process\normal_process.srcs\sources_1\new\Program_ROM.vhd:]
WARNING: [filemgmt 56-199] Attempt to get parsing info during refresh. "On-the-fly" syntax checking information may be incorrect. [C:\Users\User\Desktop\normal_process\normal_process\normal_process.srcs\sim_1\new\Program_ROM_TB.vhd:]
WARNING: [filemgmt 56-199] Attempt to get parsing info during refresh. "On-the-fly" syntax checking information may be incorrect. [C:\Users\User\Desktop\normal_process\normal_process\normal_process.srcs\sim_1\new\Program_ROM_TB.vhd:]
relaunch_sim
Command: launch_simulation -step compile -simset sim_1 -mode behavioral
INFO: [Vivado 12-25911] Executing simulation for 'XSim' simulator
INFO: [Vivado 12-28535] Process started - Fri May  8 21:06:37 2026

INFO: [Vivado 12-12493] Simulation top is 'NanoProcessor_TB'
INFO: [Vivado 12-5682] Launching behavioral simulation in 'C:/Users/User/Desktop/codd/normal_nano/normal_nano.sim/sim_1/behav/xsim'
INFO: [SIM-utils-51] Simulation object is 'sim_1'
INFO: [USF-XSim-2] XSim::Compile design
INFO: [USF-XSim-61] Executing 'COMPILE and ANALYZE' step in 'C:/Users/User/Desktop/codd/normal_nano/normal_nano.sim/sim_1/behav/xsim'
"xvhdl --incr --relax -prj NanoProcessor_TB_vhdl.prj"
INFO: [VRFC 10-163] Analyzing VHDL file "C:/Users/User/Desktop/normal_process/normal_process/normal_process.srcs/sources_1/new/Program_ROM.vhd" into library xil_defaultlib
INFO: [VRFC 10-3107] analyzing entity 'Program_ROM'
INFO: [USF-XSim-69] 'compile' step finished in '4' seconds
Command: launch_simulation -step elaborate -simset sim_1 -mode behavioral
INFO: [Vivado 12-25911] Executing simulation for 'XSim' simulator
INFO: [Vivado 12-28535] Process started - Fri May  8 21:06:41 2026

INFO: [Vivado 12-12493] Simulation top is 'NanoProcessor_TB'
INFO: [Vivado 12-5682] Launching behavioral simulation in 'C:/Users/User/Desktop/codd/normal_nano/normal_nano.sim/sim_1/behav/xsim'
INFO: [SIM-utils-51] Simulation object is 'sim_1'
INFO: [USF-XSim-3] XSim::Elaborate design
INFO: [USF-XSim-61] Executing 'ELABORATE' step in 'C:/Users/User/Desktop/codd/normal_nano/normal_nano.sim/sim_1/behav/xsim'
"xelab --incr --debug typical --relax --mt 2 -L xil_defaultlib -L secureip --snapshot NanoProcessor_TB_behav xil_defaultlib.NanoProcessor_TB -log elaborate.log"
Vivado Simulator v2025.2
Copyright 1986-2022 Xilinx, Inc. All Rights Reserved.
Copyright 2022-2025 Advanced Micro Devices, Inc. All Rights Reserved.
Running: C:/AMDDesignTools/2025.2/Vivado/bin/unwrapped/win64.o/xelab.exe --incr --debug typical --relax --mt 2 -L xil_defaultlib -L secureip --snapshot NanoProcessor_TB_behav xil_defaultlib.NanoProcessor_TB -log elaborate.log 
Using 2 slave threads.
Starting static elaboration
Completed static elaboration
Starting simulation data flow analysis
Completed simulation data flow analysis
Time Resolution for simulation is 1ps
Compiling package std.standard
Compiling package std.textio
Compiling package ieee.std_logic_1164
Compiling package xil_defaultlib.busdefinitions
Compiling package ieee.numeric_std
Compiling package xil_defaultlib.constants
Compiling architecture behavioral of entity xil_defaultlib.Slow_Clk [slow_clk_default]
Compiling architecture behavioral of entity xil_defaultlib.reg_3bit [reg_3bit_default]
Compiling architecture behavioral of entity xil_defaultlib.Program_Counter [program_counter_default]
Compiling architecture behavioral of entity xil_defaultlib.HA [ha_default]
Compiling architecture behavioral of entity xil_defaultlib.FA [fa_default]
Compiling architecture behavioral of entity xil_defaultlib.RCA_3 [rca_3_default]
Compiling architecture behavioral of entity xil_defaultlib.PC_Adder [pc_adder_default]
Compiling architecture behavioral of entity xil_defaultlib.Mux_2way_3bit [mux_2way_3bit_default]
Compiling architecture behavioral of entity xil_defaultlib.Address_Selector [address_selector_default]
Compiling architecture behavioral of entity xil_defaultlib.Program_ROM [program_rom_default]
Compiling architecture behavioral of entity xil_defaultlib.Instruction_Decoder [instruction_decoder_default]
Compiling architecture behavioral of entity xil_defaultlib.Mux_2way_4bit [mux_2way_4bit_default]
Compiling architecture behavioral of entity xil_defaultlib.Load_Selector [load_selector_default]
Compiling architecture behavioral of entity xil_defaultlib.Decoder_2_to_4 [decoder_2_to_4_default]
Compiling architecture behavioral of entity xil_defaultlib.Decoder_3_to_8 [decoder_3_to_8_default]
Compiling architecture behavioral of entity xil_defaultlib.Reg [reg_default]
Compiling architecture behavioral of entity xil_defaultlib.Register_Bank [register_bank_default]
Compiling architecture behavioral of entity xil_defaultlib.Mux_8way_4bit [mux_8way_4bit_default]
Compiling architecture behavioral of entity xil_defaultlib.RegisterData_Multiplexer [registerdata_multiplexer_default]
Compiling architecture behavioral of entity xil_defaultlib.RCA_4 [rca_4_default]
Compiling architecture behavioral of entity xil_defaultlib.Add_Sub_4_bit [add_sub_4_bit_default]
Compiling architecture behavioral of entity xil_defaultlib.LUT_16_7 [lut_16_7_default]
Compiling architecture behavioral of entity xil_defaultlib.NanoProcessor [nanoprocessor_default]
Compiling architecture behavioral of entity xil_defaultlib.nanoprocessor_tb
Built simulation snapshot NanoProcessor_TB_behav
INFO: [USF-XSim-69] 'elaborate' step finished in '4' seconds
Time resolution is 1 ps
relaunch_sim: Time (s): cpu = 00:00:02 ; elapsed = 00:00:10 . Memory (MB): peak = 2050.926 ; gain = 0.000
WARNING: [filemgmt 56-199] Attempt to get parsing info during refresh. "On-the-fly" syntax checking information may be incorrect. [C:\Users\User\Desktop\normal_process\normal_process\normal_process.srcs\sources_1\new\Slow_Clk.vhd:]
WARNING: [filemgmt 56-199] Attempt to get parsing info during refresh. "On-the-fly" syntax checking information may be incorrect. [C:\Users\User\Desktop\normal_process\normal_process\normal_process.srcs\sim_1\new\Program_ROM_TB.vhd:]
WARNING: [filemgmt 56-199] Attempt to get parsing info during refresh. "On-the-fly" syntax checking information may be incorrect. [C:\Users\User\Desktop\normal_process\normal_process\normal_process.srcs\sources_1\new\NanoProcessor.vhd:]
WARNING: [filemgmt 56-199] Attempt to get parsing info during refresh. "On-the-fly" syntax checking information may be incorrect. [C:\Users\User\Desktop\normal_process\normal_process\normal_process.srcs\sources_1\new\Program_ROM.vhd:]
WARNING: [filemgmt 56-199] Attempt to get parsing info during refresh. "On-the-fly" syntax checking information may be incorrect. [C:\Users\User\Desktop\normal_process\normal_process\normal_process.srcs\sources_1\new\Slow_Clk.vhd:]
WARNING: [filemgmt 56-199] Attempt to get parsing info during refresh. "On-the-fly" syntax checking information may be incorrect. [C:\Users\User\Desktop\normal_process\normal_process\normal_process.srcs\sources_1\new\Slow_Clk.vhd:]
WARNING: [filemgmt 56-199] Attempt to get parsing info during refresh. "On-the-fly" syntax checking information may be incorrect. [C:\Users\User\Desktop\normal_process\normal_process\normal_process.srcs\sources_1\new\Slow_Clk.vhd:]
WARNING: [filemgmt 56-199] Attempt to get parsing info during refresh. "On-the-fly" syntax checking information may be incorrect. [C:\Users\User\Desktop\normal_process\normal_process\normal_process.srcs\sim_1\new\Program_ROM_TB.vhd:]
WARNING: [filemgmt 56-199] Attempt to get parsing info during refresh. "On-the-fly" syntax checking information may be incorrect. [C:\Users\User\Desktop\normal_process\normal_process\normal_process.srcs\sources_1\new\NanoProcessor.vhd:]
WARNING: [filemgmt 56-199] Attempt to get parsing info during refresh. "On-the-fly" syntax checking information may be incorrect. [C:\Users\User\Desktop\normal_process\normal_process\normal_process.srcs\sources_1\new\Program_ROM.vhd:]
WARNING: [filemgmt 56-199] Attempt to get parsing info during refresh. "On-the-fly" syntax checking information may be incorrect. [C:\Users\User\Desktop\normal_process\normal_process\normal_process.srcs\sim_1\new\Program_ROM_TB.vhd:]
WARNING: [filemgmt 56-199] Attempt to get parsing info during refresh. "On-the-fly" syntax checking information may be incorrect. [C:\Users\User\Desktop\normal_process\normal_process\normal_process.srcs\sim_1\new\Program_ROM_TB.vhd:]
WARNING: [filemgmt 56-199] Attempt to get parsing info during refresh. "On-the-fly" syntax checking information may be incorrect. [C:\Users\User\Desktop\normal_process\normal_process\normal_process.srcs\sources_1\new\Slow_Clk.vhd:]
WARNING: [filemgmt 56-199] Attempt to get parsing info during refresh. "On-the-fly" syntax checking information may be incorrect. [C:\Users\User\Desktop\normal_process\normal_process\normal_process.srcs\sim_1\new\Program_ROM_TB.vhd:]
WARNING: [filemgmt 56-199] Attempt to get parsing info during refresh. "On-the-fly" syntax checking information may be incorrect. [C:\Users\User\Desktop\normal_process\normal_process\normal_process.srcs\sources_1\new\NanoProcessor.vhd:]
WARNING: [filemgmt 56-199] Attempt to get parsing info during refresh. "On-the-fly" syntax checking information may be incorrect. [C:\Users\User\Desktop\normal_process\normal_process\normal_process.srcs\sources_1\new\Program_ROM.vhd:]
WARNING: [filemgmt 56-199] Attempt to get parsing info during refresh. "On-the-fly" syntax checking information may be incorrect. [C:\Users\User\Desktop\normal_process\normal_process\normal_process.srcs\sources_1\new\NanoProcessor.vhd:]
WARNING: [filemgmt 56-199] Attempt to get parsing info during refresh. "On-the-fly" syntax checking information may be incorrect. [C:\Users\User\Desktop\normal_process\normal_process\normal_process.srcs\sources_1\new\NanoProcessor.vhd:]
relaunch_sim
Command: launch_simulation -step compile -simset sim_1 -mode behavioral
INFO: [Vivado 12-25911] Executing simulation for 'XSim' simulator
INFO: [Vivado 12-28535] Process started - Fri May  8 21:07:15 2026

INFO: [Vivado 12-12493] Simulation top is 'NanoProcessor_TB'
INFO: [Vivado 12-5682] Launching behavioral simulation in 'C:/Users/User/Desktop/codd/normal_nano/normal_nano.sim/sim_1/behav/xsim'
INFO: [SIM-utils-51] Simulation object is 'sim_1'
INFO: [USF-XSim-2] XSim::Compile design
INFO: [USF-XSim-61] Executing 'COMPILE and ANALYZE' step in 'C:/Users/User/Desktop/codd/normal_nano/normal_nano.sim/sim_1/behav/xsim'
"xvhdl --incr --relax -prj NanoProcessor_TB_vhdl.prj"
INFO: [VRFC 10-163] Analyzing VHDL file "C:/Users/User/Desktop/normal_process/normal_process/normal_process.srcs/sources_1/new/Slow_Clk.vhd" into library xil_defaultlib
INFO: [VRFC 10-3107] analyzing entity 'Slow_Clk'
INFO: [USF-XSim-69] 'compile' step finished in '3' seconds
Command: launch_simulation -step elaborate -simset sim_1 -mode behavioral
INFO: [Vivado 12-25911] Executing simulation for 'XSim' simulator
INFO: [Vivado 12-28535] Process started - Fri May  8 21:07:18 2026

INFO: [Vivado 12-12493] Simulation top is 'NanoProcessor_TB'
INFO: [Vivado 12-5682] Launching behavioral simulation in 'C:/Users/User/Desktop/codd/normal_nano/normal_nano.sim/sim_1/behav/xsim'
INFO: [SIM-utils-51] Simulation object is 'sim_1'
INFO: [USF-XSim-3] XSim::Elaborate design
INFO: [USF-XSim-61] Executing 'ELABORATE' step in 'C:/Users/User/Desktop/codd/normal_nano/normal_nano.sim/sim_1/behav/xsim'
"xelab --incr --debug typical --relax --mt 2 -L xil_defaultlib -L secureip --snapshot NanoProcessor_TB_behav xil_defaultlib.NanoProcessor_TB -log elaborate.log"
Vivado Simulator v2025.2
Copyright 1986-2022 Xilinx, Inc. All Rights Reserved.
Copyright 2022-2025 Advanced Micro Devices, Inc. All Rights Reserved.
Running: C:/AMDDesignTools/2025.2/Vivado/bin/unwrapped/win64.o/xelab.exe --incr --debug typical --relax --mt 2 -L xil_defaultlib -L secureip --snapshot NanoProcessor_TB_behav xil_defaultlib.NanoProcessor_TB -log elaborate.log 
Using 2 slave threads.
Starting static elaboration
Completed static elaboration
Starting simulation data flow analysis
Completed simulation data flow analysis
Time Resolution for simulation is 1ps
Compiling package std.standard
Compiling package std.textio
Compiling package ieee.std_logic_1164
Compiling package xil_defaultlib.busdefinitions
Compiling package ieee.numeric_std
Compiling package xil_defaultlib.constants
Compiling architecture behavioral of entity xil_defaultlib.Slow_Clk [slow_clk_default]
Compiling architecture behavioral of entity xil_defaultlib.reg_3bit [reg_3bit_default]
Compiling architecture behavioral of entity xil_defaultlib.Program_Counter [program_counter_default]
Compiling architecture behavioral of entity xil_defaultlib.HA [ha_default]
Compiling architecture behavioral of entity xil_defaultlib.FA [fa_default]
Compiling architecture behavioral of entity xil_defaultlib.RCA_3 [rca_3_default]
Compiling architecture behavioral of entity xil_defaultlib.PC_Adder [pc_adder_default]
Compiling architecture behavioral of entity xil_defaultlib.Mux_2way_3bit [mux_2way_3bit_default]
Compiling architecture behavioral of entity xil_defaultlib.Address_Selector [address_selector_default]
Compiling architecture behavioral of entity xil_defaultlib.Program_ROM [program_rom_default]
Compiling architecture behavioral of entity xil_defaultlib.Instruction_Decoder [instruction_decoder_default]
Compiling architecture behavioral of entity xil_defaultlib.Mux_2way_4bit [mux_2way_4bit_default]
Compiling architecture behavioral of entity xil_defaultlib.Load_Selector [load_selector_default]
Compiling architecture behavioral of entity xil_defaultlib.Decoder_2_to_4 [decoder_2_to_4_default]
Compiling architecture behavioral of entity xil_defaultlib.Decoder_3_to_8 [decoder_3_to_8_default]
Compiling architecture behavioral of entity xil_defaultlib.Reg [reg_default]
Compiling architecture behavioral of entity xil_defaultlib.Register_Bank [register_bank_default]
Compiling architecture behavioral of entity xil_defaultlib.Mux_8way_4bit [mux_8way_4bit_default]
Compiling architecture behavioral of entity xil_defaultlib.RegisterData_Multiplexer [registerdata_multiplexer_default]
Compiling architecture behavioral of entity xil_defaultlib.RCA_4 [rca_4_default]
Compiling architecture behavioral of entity xil_defaultlib.Add_Sub_4_bit [add_sub_4_bit_default]
Compiling architecture behavioral of entity xil_defaultlib.LUT_16_7 [lut_16_7_default]
Compiling architecture behavioral of entity xil_defaultlib.NanoProcessor [nanoprocessor_default]
Compiling architecture behavioral of entity xil_defaultlib.nanoprocessor_tb
Built simulation snapshot NanoProcessor_TB_behav
INFO: [USF-XSim-69] 'elaborate' step finished in '4' seconds
Time resolution is 1 ps
relaunch_sim: Time (s): cpu = 00:00:01 ; elapsed = 00:00:08 . Memory (MB): peak = 2050.926 ; gain = 0.000
WARNING: [filemgmt 56-199] Attempt to get parsing info during refresh. "On-the-fly" syntax checking information may be incorrect. [C:\Users\User\Desktop\normal_process\normal_process\normal_process.srcs\sources_1\new\Slow_Clk.vhd:]
WARNING: [filemgmt 56-199] Attempt to get parsing info during refresh. "On-the-fly" syntax checking information may be incorrect. [C:\Users\User\Desktop\normal_process\normal_process\normal_process.srcs\sim_1\new\Program_ROM_TB.vhd:]
WARNING: [filemgmt 56-199] Attempt to get parsing info during refresh. "On-the-fly" syntax checking information may be incorrect. [C:\Users\User\Desktop\normal_process\normal_process\normal_process.srcs\sources_1\new\NanoProcessor.vhd:]
WARNING: [filemgmt 56-199] Attempt to get parsing info during refresh. "On-the-fly" syntax checking information may be incorrect. [C:\Users\User\Desktop\normal_process\normal_process\normal_process.srcs\sources_1\new\Program_ROM.vhd:]
WARNING: [filemgmt 56-199] Attempt to get parsing info during refresh. "On-the-fly" syntax checking information may be incorrect. [C:\Users\User\Desktop\normal_process\normal_process\normal_process.srcs\sources_1\new\NanoProcessor.vhd:]
WARNING: [filemgmt 56-199] Attempt to get parsing info during refresh. "On-the-fly" syntax checking information may be incorrect. [C:\Users\User\Desktop\normal_process\normal_process\normal_process.srcs\sources_1\new\NanoProcessor.vhd:]
WARNING: [filemgmt 56-199] Attempt to get parsing info during refresh. "On-the-fly" syntax checking information may be incorrect. [C:\Users\User\Desktop\normal_process\normal_process\normal_process.srcs\sources_1\new\Slow_Clk.vhd:]
WARNING: [filemgmt 56-199] Attempt to get parsing info during refresh. "On-the-fly" syntax checking information may be incorrect. [C:\Users\User\Desktop\normal_process\normal_process\normal_process.srcs\sim_1\new\Program_ROM_TB.vhd:]
WARNING: [filemgmt 56-199] Attempt to get parsing info during refresh. "On-the-fly" syntax checking information may be incorrect. [C:\Users\User\Desktop\normal_process\normal_process\normal_process.srcs\sources_1\new\NanoProcessor.vhd:]
WARNING: [filemgmt 56-199] Attempt to get parsing info during refresh. "On-the-fly" syntax checking information may be incorrect. [C:\Users\User\Desktop\normal_process\normal_process\normal_process.srcs\sources_1\new\Program_ROM.vhd:]
WARNING: [filemgmt 56-199] Attempt to get parsing info during refresh. "On-the-fly" syntax checking information may be incorrect. [C:\Users\User\Desktop\normal_process\normal_process\normal_process.srcs\sim_1\new\Program_ROM_TB.vhd:]
WARNING: [filemgmt 56-199] Attempt to get parsing info during refresh. "On-the-fly" syntax checking information may be incorrect. [C:\Users\User\Desktop\normal_process\normal_process\normal_process.srcs\sim_1\new\Program_ROM_TB.vhd:]
ERROR: [Common 17-180] Spawn failed: The operation completed successfully.

WARNING: [filemgmt 56-199] Attempt to get parsing info during refresh. "On-the-fly" syntax checking information may be incorrect. [C:\Users\User\Desktop\normal_process\normal_process\normal_process.srcs\sources_1\new\Slow_Clk.vhd:]
WARNING: [filemgmt 56-199] Attempt to get parsing info during refresh. "On-the-fly" syntax checking information may be incorrect. [C:\Users\User\Desktop\normal_process\normal_process\normal_process.srcs\sim_1\new\Program_ROM_TB.vhd:]
WARNING: [filemgmt 56-199] Attempt to get parsing info during refresh. "On-the-fly" syntax checking information may be incorrect. [C:\Users\User\Desktop\normal_process\normal_process\normal_process.srcs\sources_1\new\NanoProcessor.vhd:]
WARNING: [filemgmt 56-199] Attempt to get parsing info during refresh. "On-the-fly" syntax checking information may be incorrect. [C:\Users\User\Desktop\normal_process\normal_process\normal_process.srcs\sources_1\new\Program_ROM.vhd:]
WARNING: [filemgmt 56-199] Attempt to get parsing info during refresh. "On-the-fly" syntax checking information may be incorrect. [C:\Users\User\Desktop\normal_process\normal_process\normal_process.srcs\sources_1\new\Slow_Clk.vhd:]
WARNING: [filemgmt 56-199] Attempt to get parsing info during refresh. "On-the-fly" syntax checking information may be incorrect. [C:\Users\User\Desktop\normal_process\normal_process\normal_process.srcs\sources_1\new\Slow_Clk.vhd:]
relaunch_sim
Command: launch_simulation -step compile -simset sim_1 -mode behavioral
INFO: [Vivado 12-25911] Executing simulation for 'XSim' simulator
INFO: [Vivado 12-28535] Process started - Fri May  8 21:08:37 2026

INFO: [Vivado 12-12493] Simulation top is 'NanoProcessor_TB'
INFO: [Vivado 12-5682] Launching behavioral simulation in 'C:/Users/User/Desktop/codd/normal_nano/normal_nano.sim/sim_1/behav/xsim'
INFO: [SIM-utils-51] Simulation object is 'sim_1'
INFO: [USF-XSim-2] XSim::Compile design
INFO: [USF-XSim-61] Executing 'COMPILE and ANALYZE' step in 'C:/Users/User/Desktop/codd/normal_nano/normal_nano.sim/sim_1/behav/xsim'
"xvhdl --incr --relax -prj NanoProcessor_TB_vhdl.prj"
INFO: [VRFC 10-163] Analyzing VHDL file "C:/Users/User/Desktop/normal_process/normal_process/normal_process.srcs/sources_1/new/Slow_Clk.vhd" into library xil_defaultlib
INFO: [VRFC 10-3107] analyzing entity 'Slow_Clk'
INFO: [USF-XSim-69] 'compile' step finished in '2' seconds
Command: launch_simulation -step elaborate -simset sim_1 -mode behavioral
INFO: [Vivado 12-25911] Executing simulation for 'XSim' simulator
INFO: [Vivado 12-28535] Process started - Fri May  8 21:08:39 2026

INFO: [Vivado 12-12493] Simulation top is 'NanoProcessor_TB'
INFO: [Vivado 12-5682] Launching behavioral simulation in 'C:/Users/User/Desktop/codd/normal_nano/normal_nano.sim/sim_1/behav/xsim'
INFO: [SIM-utils-51] Simulation object is 'sim_1'
INFO: [USF-XSim-3] XSim::Elaborate design
INFO: [USF-XSim-61] Executing 'ELABORATE' step in 'C:/Users/User/Desktop/codd/normal_nano/normal_nano.sim/sim_1/behav/xsim'
"xelab --incr --debug typical --relax --mt 2 -L xil_defaultlib -L secureip --snapshot NanoProcessor_TB_behav xil_defaultlib.NanoProcessor_TB -log elaborate.log"
Vivado Simulator v2025.2
Copyright 1986-2022 Xilinx, Inc. All Rights Reserved.
Copyright 2022-2025 Advanced Micro Devices, Inc. All Rights Reserved.
Running: C:/AMDDesignTools/2025.2/Vivado/bin/unwrapped/win64.o/xelab.exe --incr --debug typical --relax --mt 2 -L xil_defaultlib -L secureip --snapshot NanoProcessor_TB_behav xil_defaultlib.NanoProcessor_TB -log elaborate.log 
Using 2 slave threads.
Starting static elaboration
Completed static elaboration
Starting simulation data flow analysis
Completed simulation data flow analysis
Time Resolution for simulation is 1ps
Compiling package std.standard
Compiling package std.textio
Compiling package ieee.std_logic_1164
Compiling package xil_defaultlib.busdefinitions
Compiling package ieee.numeric_std
Compiling package xil_defaultlib.constants
Compiling architecture behavioral of entity xil_defaultlib.Slow_Clk [slow_clk_default]
Compiling architecture behavioral of entity xil_defaultlib.reg_3bit [reg_3bit_default]
Compiling architecture behavioral of entity xil_defaultlib.Program_Counter [program_counter_default]
Compiling architecture behavioral of entity xil_defaultlib.HA [ha_default]
Compiling architecture behavioral of entity xil_defaultlib.FA [fa_default]
Compiling architecture behavioral of entity xil_defaultlib.RCA_3 [rca_3_default]
Compiling architecture behavioral of entity xil_defaultlib.PC_Adder [pc_adder_default]
Compiling architecture behavioral of entity xil_defaultlib.Mux_2way_3bit [mux_2way_3bit_default]
Compiling architecture behavioral of entity xil_defaultlib.Address_Selector [address_selector_default]
Compiling architecture behavioral of entity xil_defaultlib.Program_ROM [program_rom_default]
Compiling architecture behavioral of entity xil_defaultlib.Instruction_Decoder [instruction_decoder_default]
Compiling architecture behavioral of entity xil_defaultlib.Mux_2way_4bit [mux_2way_4bit_default]
Compiling architecture behavioral of entity xil_defaultlib.Load_Selector [load_selector_default]
Compiling architecture behavioral of entity xil_defaultlib.Decoder_2_to_4 [decoder_2_to_4_default]
Compiling architecture behavioral of entity xil_defaultlib.Decoder_3_to_8 [decoder_3_to_8_default]
Compiling architecture behavioral of entity xil_defaultlib.Reg [reg_default]
Compiling architecture behavioral of entity xil_defaultlib.Register_Bank [register_bank_default]
Compiling architecture behavioral of entity xil_defaultlib.Mux_8way_4bit [mux_8way_4bit_default]
Compiling architecture behavioral of entity xil_defaultlib.RegisterData_Multiplexer [registerdata_multiplexer_default]
Compiling architecture behavioral of entity xil_defaultlib.RCA_4 [rca_4_default]
Compiling architecture behavioral of entity xil_defaultlib.Add_Sub_4_bit [add_sub_4_bit_default]
Compiling architecture behavioral of entity xil_defaultlib.LUT_16_7 [lut_16_7_default]
Compiling architecture behavioral of entity xil_defaultlib.NanoProcessor [nanoprocessor_default]
Compiling architecture behavioral of entity xil_defaultlib.nanoprocessor_tb
Built simulation snapshot NanoProcessor_TB_behav
INFO: [USF-XSim-69] 'elaborate' step finished in '4' seconds
Time resolution is 1 ps
relaunch_sim: Time (s): cpu = 00:00:01 ; elapsed = 00:00:08 . Memory (MB): peak = 2050.926 ; gain = 0.000
run 1000 ns
WARNING: [filemgmt 56-199] Attempt to get parsing info during refresh. "On-the-fly" syntax checking information may be incorrect. [C:\Users\User\Desktop\normal_process\normal_process\normal_process.srcs\sources_1\new\Slow_Clk.vhd:]
WARNING: [filemgmt 56-199] Attempt to get parsing info during refresh. "On-the-fly" syntax checking information may be incorrect. [C:\Users\User\Desktop\normal_process\normal_process\normal_process.srcs\sim_1\new\Program_ROM_TB.vhd:]
WARNING: [filemgmt 56-199] Attempt to get parsing info during refresh. "On-the-fly" syntax checking information may be incorrect. [C:\Users\User\Desktop\normal_process\normal_process\normal_process.srcs\sources_1\new\NanoProcessor.vhd:]
WARNING: [filemgmt 56-199] Attempt to get parsing info during refresh. "On-the-fly" syntax checking information may be incorrect. [C:\Users\User\Desktop\normal_process\normal_process\normal_process.srcs\sources_1\new\Program_ROM.vhd:]
WARNING: [filemgmt 56-199] Attempt to get parsing info during refresh. "On-the-fly" syntax checking information may be incorrect. [C:\Users\User\Desktop\normal_process\normal_process\normal_process.srcs\sources_1\new\Slow_Clk.vhd:]
WARNING: [filemgmt 56-199] Attempt to get parsing info during refresh. "On-the-fly" syntax checking information may be incorrect. [C:\Users\User\Desktop\normal_process\normal_process\normal_process.srcs\sources_1\new\Slow_Clk.vhd:]
WARNING: [filemgmt 56-199] Attempt to get parsing info during refresh. "On-the-fly" syntax checking information may be incorrect. [C:\Users\User\Desktop\normal_process\normal_process\normal_process.srcs\sources_1\new\Slow_Clk.vhd:]
WARNING: [filemgmt 56-199] Attempt to get parsing info during refresh. "On-the-fly" syntax checking information may be incorrect. [C:\Users\User\Desktop\normal_process\normal_process\normal_process.srcs\sim_1\new\Program_ROM_TB.vhd:]
WARNING: [filemgmt 56-199] Attempt to get parsing info during refresh. "On-the-fly" syntax checking information may be incorrect. [C:\Users\User\Desktop\normal_process\normal_process\normal_process.srcs\sources_1\new\NanoProcessor.vhd:]
WARNING: [filemgmt 56-199] Attempt to get parsing info during refresh. "On-the-fly" syntax checking information may be incorrect. [C:\Users\User\Desktop\normal_process\normal_process\normal_process.srcs\sources_1\new\Program_ROM.vhd:]
WARNING: [filemgmt 56-199] Attempt to get parsing info during refresh. "On-the-fly" syntax checking information may be incorrect. [C:\Users\User\Desktop\normal_process\normal_process\normal_process.srcs\sim_1\new\Program_ROM_TB.vhd:]
WARNING: [filemgmt 56-199] Attempt to get parsing info during refresh. "On-the-fly" syntax checking information may be incorrect. [C:\Users\User\Desktop\normal_process\normal_process\normal_process.srcs\sim_1\new\Program_ROM_TB.vhd:]
WARNING: [filemgmt 56-199] Attempt to get parsing info during refresh. "On-the-fly" syntax checking information may be incorrect. [C:\Users\User\Desktop\normal_process\normal_process\normal_process.srcs\sources_1\new\Slow_Clk.vhd:]
WARNING: [filemgmt 56-199] Attempt to get parsing info during refresh. "On-the-fly" syntax checking information may be incorrect. [C:\Users\User\Desktop\normal_process\normal_process\normal_process.srcs\sim_1\new\Program_ROM_TB.vhd:]
WARNING: [filemgmt 56-199] Attempt to get parsing info during refresh. "On-the-fly" syntax checking information may be incorrect. [C:\Users\User\Desktop\normal_process\normal_process\normal_process.srcs\sources_1\new\NanoProcessor.vhd:]
WARNING: [filemgmt 56-199] Attempt to get parsing info during refresh. "On-the-fly" syntax checking information may be incorrect. [C:\Users\User\Desktop\normal_process\normal_process\normal_process.srcs\sources_1\new\Program_ROM.vhd:]
WARNING: [filemgmt 56-199] Attempt to get parsing info during refresh. "On-the-fly" syntax checking information may be incorrect. [C:\Users\User\Desktop\normal_process\normal_process\normal_process.srcs\sources_1\new\Program_ROM.vhd:]
WARNING: [filemgmt 56-199] Attempt to get parsing info during refresh. "On-the-fly" syntax checking information may be incorrect. [C:\Users\User\Desktop\normal_process\normal_process\normal_process.srcs\sources_1\new\Program_ROM.vhd:]
relaunch_sim
Command: launch_simulation -step compile -simset sim_1 -mode behavioral
INFO: [Vivado 12-25911] Executing simulation for 'XSim' simulator
INFO: [Vivado 12-28535] Process started - Fri May  8 21:09:07 2026

INFO: [Vivado 12-12493] Simulation top is 'NanoProcessor_TB'
INFO: [Vivado 12-5682] Launching behavioral simulation in 'C:/Users/User/Desktop/codd/normal_nano/normal_nano.sim/sim_1/behav/xsim'
INFO: [SIM-utils-51] Simulation object is 'sim_1'
INFO: [USF-XSim-2] XSim::Compile design
INFO: [USF-XSim-61] Executing 'COMPILE and ANALYZE' step in 'C:/Users/User/Desktop/codd/normal_nano/normal_nano.sim/sim_1/behav/xsim'
"xvhdl --incr --relax -prj NanoProcessor_TB_vhdl.prj"
INFO: [VRFC 10-163] Analyzing VHDL file "C:/Users/User/Desktop/normal_process/normal_process/normal_process.srcs/sources_1/new/Slow_Clk.vhd" into library xil_defaultlib
INFO: [VRFC 10-3107] analyzing entity 'Slow_Clk'
INFO: [USF-XSim-69] 'compile' step finished in '4' seconds
Command: launch_simulation -step elaborate -simset sim_1 -mode behavioral
INFO: [Vivado 12-25911] Executing simulation for 'XSim' simulator
INFO: [Vivado 12-28535] Process started - Fri May  8 21:09:11 2026

INFO: [Vivado 12-12493] Simulation top is 'NanoProcessor_TB'
INFO: [Vivado 12-5682] Launching behavioral simulation in 'C:/Users/User/Desktop/codd/normal_nano/normal_nano.sim/sim_1/behav/xsim'
INFO: [SIM-utils-51] Simulation object is 'sim_1'
INFO: [USF-XSim-3] XSim::Elaborate design
INFO: [USF-XSim-61] Executing 'ELABORATE' step in 'C:/Users/User/Desktop/codd/normal_nano/normal_nano.sim/sim_1/behav/xsim'
"xelab --incr --debug typical --relax --mt 2 -L xil_defaultlib -L secureip --snapshot NanoProcessor_TB_behav xil_defaultlib.NanoProcessor_TB -log elaborate.log"
Vivado Simulator v2025.2
Copyright 1986-2022 Xilinx, Inc. All Rights Reserved.
Copyright 2022-2025 Advanced Micro Devices, Inc. All Rights Reserved.
Running: C:/AMDDesignTools/2025.2/Vivado/bin/unwrapped/win64.o/xelab.exe --incr --debug typical --relax --mt 2 -L xil_defaultlib -L secureip --snapshot NanoProcessor_TB_behav xil_defaultlib.NanoProcessor_TB -log elaborate.log 
Using 2 slave threads.
Starting static elaboration
Completed static elaboration
Starting simulation data flow analysis
Completed simulation data flow analysis
Time Resolution for simulation is 1ps
Compiling package std.standard
Compiling package std.textio
Compiling package ieee.std_logic_1164
Compiling package xil_defaultlib.busdefinitions
Compiling package ieee.numeric_std
Compiling package xil_defaultlib.constants
Compiling architecture behavioral of entity xil_defaultlib.Slow_Clk [slow_clk_default]
Compiling architecture behavioral of entity xil_defaultlib.reg_3bit [reg_3bit_default]
Compiling architecture behavioral of entity xil_defaultlib.Program_Counter [program_counter_default]
Compiling architecture behavioral of entity xil_defaultlib.HA [ha_default]
Compiling architecture behavioral of entity xil_defaultlib.FA [fa_default]
Compiling architecture behavioral of entity xil_defaultlib.RCA_3 [rca_3_default]
Compiling architecture behavioral of entity xil_defaultlib.PC_Adder [pc_adder_default]
Compiling architecture behavioral of entity xil_defaultlib.Mux_2way_3bit [mux_2way_3bit_default]
Compiling architecture behavioral of entity xil_defaultlib.Address_Selector [address_selector_default]
Compiling architecture behavioral of entity xil_defaultlib.Program_ROM [program_rom_default]
Compiling architecture behavioral of entity xil_defaultlib.Instruction_Decoder [instruction_decoder_default]
Compiling architecture behavioral of entity xil_defaultlib.Mux_2way_4bit [mux_2way_4bit_default]
Compiling architecture behavioral of entity xil_defaultlib.Load_Selector [load_selector_default]
Compiling architecture behavioral of entity xil_defaultlib.Decoder_2_to_4 [decoder_2_to_4_default]
Compiling architecture behavioral of entity xil_defaultlib.Decoder_3_to_8 [decoder_3_to_8_default]
Compiling architecture behavioral of entity xil_defaultlib.Reg [reg_default]
Compiling architecture behavioral of entity xil_defaultlib.Register_Bank [register_bank_default]
Compiling architecture behavioral of entity xil_defaultlib.Mux_8way_4bit [mux_8way_4bit_default]
Compiling architecture behavioral of entity xil_defaultlib.RegisterData_Multiplexer [registerdata_multiplexer_default]
Compiling architecture behavioral of entity xil_defaultlib.RCA_4 [rca_4_default]
Compiling architecture behavioral of entity xil_defaultlib.Add_Sub_4_bit [add_sub_4_bit_default]
Compiling architecture behavioral of entity xil_defaultlib.LUT_16_7 [lut_16_7_default]
Compiling architecture behavioral of entity xil_defaultlib.NanoProcessor [nanoprocessor_default]
Compiling architecture behavioral of entity xil_defaultlib.nanoprocessor_tb
Built simulation snapshot NanoProcessor_TB_behav
INFO: [USF-XSim-69] 'elaborate' step finished in '5' seconds
Time resolution is 1 ps
relaunch_sim: Time (s): cpu = 00:00:01 ; elapsed = 00:00:10 . Memory (MB): peak = 2050.926 ; gain = 0.000
run 1000 ns
WARNING: [filemgmt 56-199] Attempt to get parsing info during refresh. "On-the-fly" syntax checking information may be incorrect. [C:\Users\User\Desktop\normal_process\normal_process\normal_process.srcs\sources_1\new\Slow_Clk.vhd:]
WARNING: [filemgmt 56-199] Attempt to get parsing info during refresh. "On-the-fly" syntax checking information may be incorrect. [C:\Users\User\Desktop\normal_process\normal_process\normal_process.srcs\sim_1\new\Program_ROM_TB.vhd:]
WARNING: [filemgmt 56-199] Attempt to get parsing info during refresh. "On-the-fly" syntax checking information may be incorrect. [C:\Users\User\Desktop\normal_process\normal_process\normal_process.srcs\sources_1\new\NanoProcessor.vhd:]
WARNING: [filemgmt 56-199] Attempt to get parsing info during refresh. "On-the-fly" syntax checking information may be incorrect. [C:\Users\User\Desktop\normal_process\normal_process\normal_process.srcs\sources_1\new\Program_ROM.vhd:]
WARNING: [filemgmt 56-199] Attempt to get parsing info during refresh. "On-the-fly" syntax checking information may be incorrect. [C:\Users\User\Desktop\normal_process\normal_process\normal_process.srcs\sources_1\new\Slow_Clk.vhd:]
WARNING: [filemgmt 56-199] Attempt to get parsing info during refresh. "On-the-fly" syntax checking information may be incorrect. [C:\Users\User\Desktop\normal_process\normal_process\normal_process.srcs\sources_1\new\Slow_Clk.vhd:]
WARNING: [filemgmt 56-199] Attempt to get parsing info during refresh. "On-the-fly" syntax checking information may be incorrect. [C:\Users\User\Desktop\normal_process\normal_process\normal_process.srcs\sources_1\new\Slow_Clk.vhd:]
WARNING: [filemgmt 56-199] Attempt to get parsing info during refresh. "On-the-fly" syntax checking information may be incorrect. [C:\Users\User\Desktop\normal_process\normal_process\normal_process.srcs\sim_1\new\Program_ROM_TB.vhd:]
WARNING: [filemgmt 56-199] Attempt to get parsing info during refresh. "On-the-fly" syntax checking information may be incorrect. [C:\Users\User\Desktop\normal_process\normal_process\normal_process.srcs\sources_1\new\NanoProcessor.vhd:]
WARNING: [filemgmt 56-199] Attempt to get parsing info during refresh. "On-the-fly" syntax checking information may be incorrect. [C:\Users\User\Desktop\normal_process\normal_process\normal_process.srcs\sources_1\new\Program_ROM.vhd:]
WARNING: [filemgmt 56-199] Attempt to get parsing info during refresh. "On-the-fly" syntax checking information may be incorrect. [C:\Users\User\Desktop\normal_process\normal_process\normal_process.srcs\sim_1\new\Program_ROM_TB.vhd:]
WARNING: [filemgmt 56-199] Attempt to get parsing info during refresh. "On-the-fly" syntax checking information may be incorrect. [C:\Users\User\Desktop\normal_process\normal_process\normal_process.srcs\sim_1\new\Program_ROM_TB.vhd:]
WARNING: [filemgmt 56-199] Attempt to get parsing info during refresh. "On-the-fly" syntax checking information may be incorrect. [C:\Users\User\Desktop\normal_process\normal_process\normal_process.srcs\sources_1\new\Slow_Clk.vhd:]
WARNING: [filemgmt 56-199] Attempt to get parsing info during refresh. "On-the-fly" syntax checking information may be incorrect. [C:\Users\User\Desktop\normal_process\normal_process\normal_process.srcs\sim_1\new\Program_ROM_TB.vhd:]
WARNING: [filemgmt 56-199] Attempt to get parsing info during refresh. "On-the-fly" syntax checking information may be incorrect. [C:\Users\User\Desktop\normal_process\normal_process\normal_process.srcs\sources_1\new\NanoProcessor.vhd:]
WARNING: [filemgmt 56-199] Attempt to get parsing info during refresh. "On-the-fly" syntax checking information may be incorrect. [C:\Users\User\Desktop\normal_process\normal_process\normal_process.srcs\sources_1\new\Program_ROM.vhd:]
WARNING: [filemgmt 56-199] Attempt to get parsing info during refresh. "On-the-fly" syntax checking information may be incorrect. [C:\Users\User\Desktop\normal_process\normal_process\normal_process.srcs\sources_1\new\NanoProcessor.vhd:]
WARNING: [filemgmt 56-199] Attempt to get parsing info during refresh. "On-the-fly" syntax checking information may be incorrect. [C:\Users\User\Desktop\normal_process\normal_process\normal_process.srcs\sources_1\new\NanoProcessor.vhd:]
relaunch_sim
Command: launch_simulation -step compile -simset sim_1 -mode behavioral
INFO: [Vivado 12-25911] Executing simulation for 'XSim' simulator
INFO: [Vivado 12-28535] Process started - Fri May  8 21:10:19 2026

INFO: [Vivado 12-12493] Simulation top is 'NanoProcessor_TB'
INFO: [Vivado 12-5682] Launching behavioral simulation in 'C:/Users/User/Desktop/codd/normal_nano/normal_nano.sim/sim_1/behav/xsim'
INFO: [SIM-utils-51] Simulation object is 'sim_1'
INFO: [USF-XSim-2] XSim::Compile design
INFO: [USF-XSim-61] Executing 'COMPILE and ANALYZE' step in 'C:/Users/User/Desktop/codd/normal_nano/normal_nano.sim/sim_1/behav/xsim'
"xvhdl --incr --relax -prj NanoProcessor_TB_vhdl.prj"
INFO: [USF-XSim-69] 'compile' step finished in '1' seconds
Command: launch_simulation -step elaborate -simset sim_1 -mode behavioral
INFO: [Vivado 12-25911] Executing simulation for 'XSim' simulator
INFO: [Vivado 12-28535] Process started - Fri May  8 21:10:20 2026

INFO: [Vivado 12-12493] Simulation top is 'NanoProcessor_TB'
INFO: [Vivado 12-5682] Launching behavioral simulation in 'C:/Users/User/Desktop/codd/normal_nano/normal_nano.sim/sim_1/behav/xsim'
INFO: [SIM-utils-51] Simulation object is 'sim_1'
INFO: [USF-XSim-3] XSim::Elaborate design
INFO: [USF-XSim-61] Executing 'ELABORATE' step in 'C:/Users/User/Desktop/codd/normal_nano/normal_nano.sim/sim_1/behav/xsim'
"xelab --incr --debug typical --relax --mt 2 -L xil_defaultlib -L secureip --snapshot NanoProcessor_TB_behav xil_defaultlib.NanoProcessor_TB -log elaborate.log"
Vivado Simulator v2025.2
Copyright 1986-2022 Xilinx, Inc. All Rights Reserved.
Copyright 2022-2025 Advanced Micro Devices, Inc. All Rights Reserved.
Running: C:/AMDDesignTools/2025.2/Vivado/bin/unwrapped/win64.o/xelab.exe --incr --debug typical --relax --mt 2 -L xil_defaultlib -L secureip --snapshot NanoProcessor_TB_behav xil_defaultlib.NanoProcessor_TB -log elaborate.log 
Using 2 slave threads.
Starting static elaboration
Completed static elaboration
INFO: [XSIM 43-4323] No Change in HDL. Linking previously generated obj files to create kernel
INFO: [USF-XSim-69] 'elaborate' step finished in '2' seconds
Time resolution is 1 ps
run 1000 ns
WARNING: [filemgmt 56-199] Attempt to get parsing info during refresh. "On-the-fly" syntax checking information may be incorrect. [C:\Users\User\Desktop\normal_process\normal_process\normal_process.srcs\sources_1\new\Slow_Clk.vhd:]
WARNING: [filemgmt 56-199] Attempt to get parsing info during refresh. "On-the-fly" syntax checking information may be incorrect. [C:\Users\User\Desktop\normal_process\normal_process\normal_process.srcs\sim_1\new\Program_ROM_TB.vhd:]
WARNING: [filemgmt 56-199] Attempt to get parsing info during refresh. "On-the-fly" syntax checking information may be incorrect. [C:\Users\User\Desktop\normal_process\normal_process\normal_process.srcs\sources_1\new\NanoProcessor.vhd:]
WARNING: [filemgmt 56-199] Attempt to get parsing info during refresh. "On-the-fly" syntax checking information may be incorrect. [C:\Users\User\Desktop\normal_process\normal_process\normal_process.srcs\sources_1\new\Program_ROM.vhd:]
WARNING: [filemgmt 56-199] Attempt to get parsing info during refresh. "On-the-fly" syntax checking information may be incorrect. [C:\Users\User\Desktop\normal_process\normal_process\normal_process.srcs\sim_1\new\NanoProcessor_TB.vhd:]
WARNING: [filemgmt 56-199] Attempt to get parsing info during refresh. "On-the-fly" syntax checking information may be incorrect. [C:\Users\User\Desktop\normal_process\normal_process\normal_process.srcs\sources_1\new\Slow_Clk.vhd:]
WARNING: [filemgmt 56-199] Attempt to get parsing info during refresh. "On-the-fly" syntax checking information may be incorrect. [C:\Users\User\Desktop\normal_process\normal_process\normal_process.srcs\sources_1\new\Slow_Clk.vhd:]
WARNING: [filemgmt 56-199] Attempt to get parsing info during refresh. "On-the-fly" syntax checking information may be incorrect. [C:\Users\User\Desktop\normal_process\normal_process\normal_process.srcs\sources_1\new\Slow_Clk.vhd:]
WARNING: [filemgmt 56-199] Attempt to get parsing info during refresh. "On-the-fly" syntax checking information may be incorrect. [C:\Users\User\Desktop\normal_process\normal_process\normal_process.srcs\sim_1\new\Program_ROM_TB.vhd:]
WARNING: [filemgmt 56-199] Attempt to get parsing info during refresh. "On-the-fly" syntax checking information may be incorrect. [C:\Users\User\Desktop\normal_process\normal_process\normal_process.srcs\sources_1\new\NanoProcessor.vhd:]
WARNING: [filemgmt 56-199] Attempt to get parsing info during refresh. "On-the-fly" syntax checking information may be incorrect. [C:\Users\User\Desktop\normal_process\normal_process\normal_process.srcs\sources_1\new\Program_ROM.vhd:]
WARNING: [filemgmt 56-199] Attempt to get parsing info during refresh. "On-the-fly" syntax checking information may be incorrect. [C:\Users\User\Desktop\normal_process\normal_process\normal_process.srcs\sim_1\new\NanoProcessor_TB.vhd:]
WARNING: [filemgmt 56-199] Attempt to get parsing info during refresh. "On-the-fly" syntax checking information may be incorrect. [C:\Users\User\Desktop\normal_process\normal_process\normal_process.srcs\sources_1\new\NanoProcessor.vhd:]
WARNING: [filemgmt 56-199] Attempt to get parsing info during refresh. "On-the-fly" syntax checking information may be incorrect. [C:\Users\User\Desktop\normal_process\normal_process\normal_process.srcs\sources_1\new\NanoProcessor.vhd:]
WARNING: [filemgmt 56-199] Attempt to get parsing info during refresh. "On-the-fly" syntax checking information may be incorrect. [C:\Users\User\Desktop\normal_process\normal_process\normal_process.srcs\sources_1\new\Slow_Clk.vhd:]
WARNING: [filemgmt 56-199] Attempt to get parsing info during refresh. "On-the-fly" syntax checking information may be incorrect. [C:\Users\User\Desktop\normal_process\normal_process\normal_process.srcs\sim_1\new\Program_ROM_TB.vhd:]
WARNING: [filemgmt 56-199] Attempt to get parsing info during refresh. "On-the-fly" syntax checking information may be incorrect. [C:\Users\User\Desktop\normal_process\normal_process\normal_process.srcs\sources_1\new\NanoProcessor.vhd:]
WARNING: [filemgmt 56-199] Attempt to get parsing info during refresh. "On-the-fly" syntax checking information may be incorrect. [C:\Users\User\Desktop\normal_process\normal_process\normal_process.srcs\sources_1\new\Program_ROM.vhd:]
WARNING: [filemgmt 56-199] Attempt to get parsing info during refresh. "On-the-fly" syntax checking information may be incorrect. [C:\Users\User\Desktop\normal_process\normal_process\normal_process.srcs\sim_1\new\NanoProcessor_TB.vhd:]
WARNING: [filemgmt 56-199] Attempt to get parsing info during refresh. "On-the-fly" syntax checking information may be incorrect. [C:\Users\User\Desktop\normal_process\normal_process\normal_process.srcs\sim_1\new\Program_ROM_TB.vhd:]
WARNING: [filemgmt 56-199] Attempt to get parsing info during refresh. "On-the-fly" syntax checking information may be incorrect. [C:\Users\User\Desktop\normal_process\normal_process\normal_process.srcs\sim_1\new\Program_ROM_TB.vhd:]
WARNING: [filemgmt 56-199] Attempt to get parsing info during refresh. "On-the-fly" syntax checking information may be incorrect. [C:\Users\User\Desktop\normal_process\normal_process\normal_process.srcs\sources_1\new\Slow_Clk.vhd:]
WARNING: [filemgmt 56-199] Attempt to get parsing info during refresh. "On-the-fly" syntax checking information may be incorrect. [C:\Users\User\Desktop\normal_process\normal_process\normal_process.srcs\sim_1\new\Program_ROM_TB.vhd:]
WARNING: [filemgmt 56-199] Attempt to get parsing info during refresh. "On-the-fly" syntax checking information may be incorrect. [C:\Users\User\Desktop\normal_process\normal_process\normal_process.srcs\sources_1\new\NanoProcessor.vhd:]
WARNING: [filemgmt 56-199] Attempt to get parsing info during refresh. "On-the-fly" syntax checking information may be incorrect. [C:\Users\User\Desktop\normal_process\normal_process\normal_process.srcs\sources_1\new\Program_ROM.vhd:]
WARNING: [filemgmt 56-199] Attempt to get parsing info during refresh. "On-the-fly" syntax checking information may be incorrect. [C:\Users\User\Desktop\normal_process\normal_process\normal_process.srcs\sim_1\new\NanoProcessor_TB.vhd:]
WARNING: [filemgmt 56-199] Attempt to get parsing info during refresh. "On-the-fly" syntax checking information may be incorrect. [C:\Users\User\Desktop\normal_process\normal_process\normal_process.srcs\sources_1\new\Program_ROM.vhd:]
WARNING: [filemgmt 56-199] Attempt to get parsing info during refresh. "On-the-fly" syntax checking information may be incorrect. [C:\Users\User\Desktop\normal_process\normal_process\normal_process.srcs\sources_1\new\Program_ROM.vhd:]
WARNING: [filemgmt 56-199] Attempt to get parsing info during refresh. "On-the-fly" syntax checking information may be incorrect. [C:\Users\User\Desktop\normal_process\normal_process\normal_process.srcs\sources_1\new\Slow_Clk.vhd:]
WARNING: [filemgmt 56-199] Attempt to get parsing info during refresh. "On-the-fly" syntax checking information may be incorrect. [C:\Users\User\Desktop\normal_process\normal_process\normal_process.srcs\sim_1\new\Program_ROM_TB.vhd:]
WARNING: [filemgmt 56-199] Attempt to get parsing info during refresh. "On-the-fly" syntax checking information may be incorrect. [C:\Users\User\Desktop\normal_process\normal_process\normal_process.srcs\sources_1\new\NanoProcessor.vhd:]
WARNING: [filemgmt 56-199] Attempt to get parsing info during refresh. "On-the-fly" syntax checking information may be incorrect. [C:\Users\User\Desktop\normal_process\normal_process\normal_process.srcs\sources_1\new\Program_ROM.vhd:]
WARNING: [filemgmt 56-199] Attempt to get parsing info during refresh. "On-the-fly" syntax checking information may be incorrect. [C:\Users\User\Desktop\normal_process\normal_process\normal_process.srcs\sim_1\new\NanoProcessor_TB.vhd:]
WARNING: [filemgmt 56-199] Attempt to get parsing info during refresh. "On-the-fly" syntax checking information may be incorrect. [C:\Users\User\Desktop\normal_process\normal_process\normal_process.srcs\sources_1\new\Slow_Clk.vhd:]
WARNING: [filemgmt 56-199] Attempt to get parsing info during refresh. "On-the-fly" syntax checking information may be incorrect. [C:\Users\User\Desktop\normal_process\normal_process\normal_process.srcs\sources_1\new\Slow_Clk.vhd:]
WARNING: [filemgmt 56-199] Attempt to get parsing info during refresh. "On-the-fly" syntax checking information may be incorrect. [C:\Users\User\Desktop\normal_process\normal_process\normal_process.srcs\sources_1\new\Slow_Clk.vhd:]
WARNING: [filemgmt 56-199] Attempt to get parsing info during refresh. "On-the-fly" syntax checking information may be incorrect. [C:\Users\User\Desktop\normal_process\normal_process\normal_process.srcs\sim_1\new\Program_ROM_TB.vhd:]
WARNING: [filemgmt 56-199] Attempt to get parsing info during refresh. "On-the-fly" syntax checking information may be incorrect. [C:\Users\User\Desktop\normal_process\normal_process\normal_process.srcs\sources_1\new\NanoProcessor.vhd:]
WARNING: [filemgmt 56-199] Attempt to get parsing info during refresh. "On-the-fly" syntax checking information may be incorrect. [C:\Users\User\Desktop\normal_process\normal_process\normal_process.srcs\sources_1\new\Program_ROM.vhd:]
WARNING: [filemgmt 56-199] Attempt to get parsing info during refresh. "On-the-fly" syntax checking information may be incorrect. [C:\Users\User\Desktop\normal_process\normal_process\normal_process.srcs\sim_1\new\NanoProcessor_TB.vhd:]
WARNING: [filemgmt 56-199] Attempt to get parsing info during refresh. "On-the-fly" syntax checking information may be incorrect. [C:\Users\User\Desktop\normal_process\normal_process\normal_process.srcs\sources_1\new\NanoProcessor.vhd:]
WARNING: [filemgmt 56-199] Attempt to get parsing info during refresh. "On-the-fly" syntax checking information may be incorrect. [C:\Users\User\Desktop\normal_process\normal_process\normal_process.srcs\sources_1\new\NanoProcessor.vhd:]
WARNING: [filemgmt 56-199] Attempt to get parsing info during refresh. "On-the-fly" syntax checking information may be incorrect. [C:\Users\User\Desktop\normal_process\normal_process\normal_process.srcs\sources_1\new\Slow_Clk.vhd:]
WARNING: [filemgmt 56-199] Attempt to get parsing info during refresh. "On-the-fly" syntax checking information may be incorrect. [C:\Users\User\Desktop\normal_process\normal_process\normal_process.srcs\sim_1\new\Program_ROM_TB.vhd:]
WARNING: [filemgmt 56-199] Attempt to get parsing info during refresh. "On-the-fly" syntax checking information may be incorrect. [C:\Users\User\Desktop\normal_process\normal_process\normal_process.srcs\sources_1\new\NanoProcessor.vhd:]
WARNING: [filemgmt 56-199] Attempt to get parsing info during refresh. "On-the-fly" syntax checking information may be incorrect. [C:\Users\User\Desktop\normal_process\normal_process\normal_process.srcs\sources_1\new\Program_ROM.vhd:]
WARNING: [filemgmt 56-199] Attempt to get parsing info during refresh. "On-the-fly" syntax checking information may be incorrect. [C:\Users\User\Desktop\normal_process\normal_process\normal_process.srcs\sim_1\new\NanoProcessor_TB.vhd:]
WARNING: [filemgmt 56-199] Attempt to get parsing info during refresh. "On-the-fly" syntax checking information may be incorrect. [C:\Users\User\Desktop\normal_process\normal_process\normal_process.srcs\sources_1\new\Program_ROM.vhd:]
WARNING: [filemgmt 56-199] Attempt to get parsing info during refresh. "On-the-fly" syntax checking information may be incorrect. [C:\Users\User\Desktop\normal_process\normal_process\normal_process.srcs\sources_1\new\Program_ROM.vhd:]
WARNING: [filemgmt 56-199] Attempt to get parsing info during refresh. "On-the-fly" syntax checking information may be incorrect. [C:\Users\User\Desktop\normal_process\normal_process\normal_process.srcs\sources_1\new\Slow_Clk.vhd:]
WARNING: [filemgmt 56-199] Attempt to get parsing info during refresh. "On-the-fly" syntax checking information may be incorrect. [C:\Users\User\Desktop\normal_process\normal_process\normal_process.srcs\sim_1\new\Program_ROM_TB.vhd:]
WARNING: [filemgmt 56-199] Attempt to get parsing info during refresh. "On-the-fly" syntax checking information may be incorrect. [C:\Users\User\Desktop\normal_process\normal_process\normal_process.srcs\sources_1\new\NanoProcessor.vhd:]
WARNING: [filemgmt 56-199] Attempt to get parsing info during refresh. "On-the-fly" syntax checking information may be incorrect. [C:\Users\User\Desktop\normal_process\normal_process\normal_process.srcs\sources_1\new\Program_ROM.vhd:]
WARNING: [filemgmt 56-199] Attempt to get parsing info during refresh. "On-the-fly" syntax checking information may be incorrect. [C:\Users\User\Desktop\normal_process\normal_process\normal_process.srcs\sim_1\new\NanoProcessor_TB.vhd:]
WARNING: [filemgmt 56-199] Attempt to get parsing info during refresh. "On-the-fly" syntax checking information may be incorrect. [C:\Users\User\Desktop\normal_process\normal_process\normal_process.srcs\sim_1\new\NanoProcessor_TB.vhd:]
WARNING: [filemgmt 56-199] Attempt to get parsing info during refresh. "On-the-fly" syntax checking information may be incorrect. [C:\Users\User\Desktop\normal_process\normal_process\normal_process.srcs\sim_1\new\NanoProcessor_TB.vhd:]
ERROR: [Common 17-180] Spawn failed: The operation completed successfully.

update_compile_order -fileset sources_1
WARNING: [filemgmt 56-199] Attempt to get parsing info during refresh. "On-the-fly" syntax checking information may be incorrect. [C:\Users\User\Desktop\normal_process\normal_process\normal_process.srcs\sources_1\new\Slow_Clk.vhd:]
WARNING: [filemgmt 56-199] Attempt to get parsing info during refresh. "On-the-fly" syntax checking information may be incorrect. [C:\Users\User\Desktop\normal_process\normal_process\normal_process.srcs\sim_1\new\Program_ROM_TB.vhd:]
WARNING: [filemgmt 56-199] Attempt to get parsing info during refresh. "On-the-fly" syntax checking information may be incorrect. [C:\Users\User\Desktop\normal_process\normal_process\normal_process.srcs\sources_1\new\NanoProcessor.vhd:]
WARNING: [filemgmt 56-199] Attempt to get parsing info during refresh. "On-the-fly" syntax checking information may be incorrect. [C:\Users\User\Desktop\normal_process\normal_process\normal_process.srcs\sources_1\new\Program_ROM.vhd:]
WARNING: [filemgmt 56-199] Attempt to get parsing info during refresh. "On-the-fly" syntax checking information may be incorrect. [C:\Users\User\Desktop\normal_process\normal_process\normal_process.srcs\sim_1\new\NanoProcessor_TB.vhd:]
WARNING: [filemgmt 56-199] Attempt to get parsing info during refresh. "On-the-fly" syntax checking information may be incorrect. [C:\Users\User\Desktop\normal_process\normal_process\normal_process.srcs\sources_1\new\Slow_Clk.vhd:]
WARNING: [filemgmt 56-199] Attempt to get parsing info during refresh. "On-the-fly" syntax checking information may be incorrect. [C:\Users\User\Desktop\normal_process\normal_process\normal_process.srcs\sources_1\new\Slow_Clk.vhd:]
WARNING: [filemgmt 56-199] Attempt to get parsing info during refresh. "On-the-fly" syntax checking information may be incorrect. [C:\Users\User\Desktop\normal_process\normal_process\normal_process.srcs\sources_1\new\Slow_Clk.vhd:]
WARNING: [filemgmt 56-199] Attempt to get parsing info during refresh. "On-the-fly" syntax checking information may be incorrect. [C:\Users\User\Desktop\normal_process\normal_process\normal_process.srcs\sim_1\new\Program_ROM_TB.vhd:]
WARNING: [filemgmt 56-199] Attempt to get parsing info during refresh. "On-the-fly" syntax checking information may be incorrect. [C:\Users\User\Desktop\normal_process\normal_process\normal_process.srcs\sources_1\new\NanoProcessor.vhd:]
WARNING: [filemgmt 56-199] Attempt to get parsing info during refresh. "On-the-fly" syntax checking information may be incorrect. [C:\Users\User\Desktop\normal_process\normal_process\normal_process.srcs\sources_1\new\Program_ROM.vhd:]
WARNING: [filemgmt 56-199] Attempt to get parsing info during refresh. "On-the-fly" syntax checking information may be incorrect. [C:\Users\User\Desktop\normal_process\normal_process\normal_process.srcs\sim_1\new\NanoProcessor_TB.vhd:]
WARNING: [filemgmt 56-199] Attempt to get parsing info during refresh. "On-the-fly" syntax checking information may be incorrect. [C:\Users\User\Desktop\normal_process\normal_process\normal_process.srcs\sources_1\new\NanoProcessor.vhd:]
WARNING: [filemgmt 56-199] Attempt to get parsing info during refresh. "On-the-fly" syntax checking information may be incorrect. [C:\Users\User\Desktop\normal_process\normal_process\normal_process.srcs\sources_1\new\NanoProcessor.vhd:]
WARNING: [filemgmt 56-199] Attempt to get parsing info during refresh. "On-the-fly" syntax checking information may be incorrect. [C:\Users\User\Desktop\normal_process\normal_process\normal_process.srcs\sources_1\new\Slow_Clk.vhd:]
WARNING: [filemgmt 56-199] Attempt to get parsing info during refresh. "On-the-fly" syntax checking information may be incorrect. [C:\Users\User\Desktop\normal_process\normal_process\normal_process.srcs\sim_1\new\Program_ROM_TB.vhd:]
WARNING: [filemgmt 56-199] Attempt to get parsing info during refresh. "On-the-fly" syntax checking information may be incorrect. [C:\Users\User\Desktop\normal_process\normal_process\normal_process.srcs\sources_1\new\NanoProcessor.vhd:]
WARNING: [filemgmt 56-199] Attempt to get parsing info during refresh. "On-the-fly" syntax checking information may be incorrect. [C:\Users\User\Desktop\normal_process\normal_process\normal_process.srcs\sources_1\new\Program_ROM.vhd:]
WARNING: [filemgmt 56-199] Attempt to get parsing info during refresh. "On-the-fly" syntax checking information may be incorrect. [C:\Users\User\Desktop\normal_process\normal_process\normal_process.srcs\sim_1\new\NanoProcessor_TB.vhd:]
WARNING: [filemgmt 56-199] Attempt to get parsing info during refresh. "On-the-fly" syntax checking information may be incorrect. [C:\Users\User\Desktop\normal_process\normal_process\normal_process.srcs\sim_1\new\Program_ROM_TB.vhd:]
WARNING: [filemgmt 56-199] Attempt to get parsing info during refresh. "On-the-fly" syntax checking information may be incorrect. [C:\Users\User\Desktop\normal_process\normal_process\normal_process.srcs\sim_1\new\Program_ROM_TB.vhd:]
WARNING: [filemgmt 56-199] Attempt to get parsing info during refresh. "On-the-fly" syntax checking information may be incorrect. [C:\Users\User\Desktop\normal_process\normal_process\normal_process.srcs\sources_1\new\Slow_Clk.vhd:]
WARNING: [filemgmt 56-199] Attempt to get parsing info during refresh. "On-the-fly" syntax checking information may be incorrect. [C:\Users\User\Desktop\normal_process\normal_process\normal_process.srcs\sim_1\new\Program_ROM_TB.vhd:]
WARNING: [filemgmt 56-199] Attempt to get parsing info during refresh. "On-the-fly" syntax checking information may be incorrect. [C:\Users\User\Desktop\normal_process\normal_process\normal_process.srcs\sources_1\new\NanoProcessor.vhd:]
WARNING: [filemgmt 56-199] Attempt to get parsing info during refresh. "On-the-fly" syntax checking information may be incorrect. [C:\Users\User\Desktop\normal_process\normal_process\normal_process.srcs\sources_1\new\Program_ROM.vhd:]
WARNING: [filemgmt 56-199] Attempt to get parsing info during refresh. "On-the-fly" syntax checking information may be incorrect. [C:\Users\User\Desktop\normal_process\normal_process\normal_process.srcs\sim_1\new\NanoProcessor_TB.vhd:]
WARNING: [filemgmt 56-199] Attempt to get parsing info during refresh. "On-the-fly" syntax checking information may be incorrect. [C:\Users\User\Desktop\normal_process\normal_process\normal_process.srcs\sources_1\new\Program_ROM.vhd:]
WARNING: [filemgmt 56-199] Attempt to get parsing info during refresh. "On-the-fly" syntax checking information may be incorrect. [C:\Users\User\Desktop\normal_process\normal_process\normal_process.srcs\sources_1\new\Program_ROM.vhd:]
relaunch_sim
WARNING: [filemgmt 56-199] Attempt to get parsing info during refresh. "On-the-fly" syntax checking information may be incorrect. [C:\Users\User\Desktop\normal_process\normal_process\normal_process.srcs\sources_1\new\Slow_Clk.vhd:]
WARNING: [filemgmt 56-199] Attempt to get parsing info during refresh. "On-the-fly" syntax checking information may be incorrect. [C:\Users\User\Desktop\normal_process\normal_process\normal_process.srcs\sim_1\new\Program_ROM_TB.vhd:]
WARNING: [filemgmt 56-199] Attempt to get parsing info during refresh. "On-the-fly" syntax checking information may be incorrect. [C:\Users\User\Desktop\normal_process\normal_process\normal_process.srcs\sources_1\new\NanoProcessor.vhd:]
WARNING: [filemgmt 56-199] Attempt to get parsing info during refresh. "On-the-fly" syntax checking information may be incorrect. [C:\Users\User\Desktop\normal_process\normal_process\normal_process.srcs\sources_1\new\Program_ROM.vhd:]
WARNING: [filemgmt 56-199] Attempt to get parsing info during refresh. "On-the-fly" syntax checking information may be incorrect. [C:\Users\User\Desktop\normal_process\normal_process\normal_process.srcs\sim_1\new\NanoProcessor_TB.vhd:]
WARNING: [filemgmt 56-199] Attempt to get parsing info during refresh. "On-the-fly" syntax checking information may be incorrect. [C:\Users\User\Desktop\normal_process\normal_process\normal_process.srcs\sources_1\new\Slow_Clk.vhd:]
WARNING: [filemgmt 56-199] Attempt to get parsing info during refresh. "On-the-fly" syntax checking information may be incorrect. [C:\Users\User\Desktop\normal_process\normal_process\normal_process.srcs\sources_1\new\Slow_Clk.vhd:]
WARNING: [filemgmt 56-199] Attempt to get parsing info during refresh. "On-the-fly" syntax checking information may be incorrect. [C:\Users\User\Desktop\normal_process\normal_process\normal_process.srcs\sources_1\new\Slow_Clk.vhd:]
WARNING: [filemgmt 56-199] Attempt to get parsing info during refresh. "On-the-fly" syntax checking information may be incorrect. [C:\Users\User\Desktop\normal_process\normal_process\normal_process.srcs\sim_1\new\Program_ROM_TB.vhd:]
WARNING: [filemgmt 56-199] Attempt to get parsing info during refresh. "On-the-fly" syntax checking information may be incorrect. [C:\Users\User\Desktop\normal_process\normal_process\normal_process.srcs\sources_1\new\NanoProcessor.vhd:]
WARNING: [filemgmt 56-199] Attempt to get parsing info during refresh. "On-the-fly" syntax checking information may be incorrect. [C:\Users\User\Desktop\normal_process\normal_process\normal_process.srcs\sources_1\new\Program_ROM.vhd:]
WARNING: [filemgmt 56-199] Attempt to get parsing info during refresh. "On-the-fly" syntax checking information may be incorrect. [C:\Users\User\Desktop\normal_process\normal_process\normal_process.srcs\sim_1\new\NanoProcessor_TB.vhd:]
WARNING: [filemgmt 56-199] Attempt to get parsing info during refresh. "On-the-fly" syntax checking information may be incorrect. [C:\Users\User\Desktop\normal_process\normal_process\normal_process.srcs\sources_1\new\NanoProcessor.vhd:]
WARNING: [filemgmt 56-199] Attempt to get parsing info during refresh. "On-the-fly" syntax checking information may be incorrect. [C:\Users\User\Desktop\normal_process\normal_process\normal_process.srcs\sources_1\new\NanoProcessor.vhd:]
WARNING: [filemgmt 56-199] Attempt to get parsing info during refresh. "On-the-fly" syntax checking information may be incorrect. [C:\Users\User\Desktop\normal_process\normal_process\normal_process.srcs\sources_1\new\Slow_Clk.vhd:]
WARNING: [filemgmt 56-199] Attempt to get parsing info during refresh. "On-the-fly" syntax checking information may be incorrect. [C:\Users\User\Desktop\normal_process\normal_process\normal_process.srcs\sim_1\new\Program_ROM_TB.vhd:]
WARNING: [filemgmt 56-199] Attempt to get parsing info during refresh. "On-the-fly" syntax checking information may be incorrect. [C:\Users\User\Desktop\normal_process\normal_process\normal_process.srcs\sources_1\new\NanoProcessor.vhd:]
WARNING: [filemgmt 56-199] Attempt to get parsing info during refresh. "On-the-fly" syntax checking information may be incorrect. [C:\Users\User\Desktop\normal_process\normal_process\normal_process.srcs\sources_1\new\Program_ROM.vhd:]
WARNING: [filemgmt 56-199] Attempt to get parsing info during refresh. "On-the-fly" syntax checking information may be incorrect. [C:\Users\User\Desktop\normal_process\normal_process\normal_process.srcs\sim_1\new\NanoProcessor_TB.vhd:]
WARNING: [filemgmt 56-199] Attempt to get parsing info during refresh. "On-the-fly" syntax checking information may be incorrect. [C:\Users\User\Desktop\normal_process\normal_process\normal_process.srcs\sources_1\new\Program_ROM.vhd:]
WARNING: [filemgmt 56-199] Attempt to get parsing info during refresh. "On-the-fly" syntax checking information may be incorrect. [C:\Users\User\Desktop\normal_process\normal_process\normal_process.srcs\sources_1\new\Program_ROM.vhd:]
WARNING: [filemgmt 56-199] Attempt to get parsing info during refresh. "On-the-fly" syntax checking information may be incorrect. [C:\Users\User\Desktop\normal_process\normal_process\normal_process.srcs\sources_1\new\Slow_Clk.vhd:]
WARNING: [filemgmt 56-199] Attempt to get parsing info during refresh. "On-the-fly" syntax checking information may be incorrect. [C:\Users\User\Desktop\normal_process\normal_process\normal_process.srcs\sim_1\new\Program_ROM_TB.vhd:]
WARNING: [filemgmt 56-199] Attempt to get parsing info during refresh. "On-the-fly" syntax checking information may be incorrect. [C:\Users\User\Desktop\normal_process\normal_process\normal_process.srcs\sources_1\new\NanoProcessor.vhd:]
WARNING: [filemgmt 56-199] Attempt to get parsing info during refresh. "On-the-fly" syntax checking information may be incorrect. [C:\Users\User\Desktop\normal_process\normal_process\normal_process.srcs\sources_1\new\Program_ROM.vhd:]
WARNING: [filemgmt 56-199] Attempt to get parsing info during refresh. "On-the-fly" syntax checking information may be incorrect. [C:\Users\User\Desktop\normal_process\normal_process\normal_process.srcs\sim_1\new\NanoProcessor_TB.vhd:]
WARNING: [filemgmt 56-199] Attempt to get parsing info during refresh. "On-the-fly" syntax checking information may be incorrect. [C:\Users\User\Desktop\normal_process\normal_process\normal_process.srcs\sim_1\new\NanoProcessor_TB.vhd:]
WARNING: [filemgmt 56-199] Attempt to get parsing info during refresh. "On-the-fly" syntax checking information may be incorrect. [C:\Users\User\Desktop\normal_process\normal_process\normal_process.srcs\sim_1\new\NanoProcessor_TB.vhd:]
Command: launch_simulation -step compile -simset sim_1 -mode behavioral
INFO: [Vivado 12-25911] Executing simulation for 'XSim' simulator
INFO: [Vivado 12-28535] Process started - Fri May  8 21:21:25 2026

INFO: [Vivado 12-12493] Simulation top is 'NanoProcessor_TB'
INFO: [Vivado 12-5682] Launching behavioral simulation in 'C:/Users/User/Desktop/codd/normal_nano/normal_nano.sim/sim_1/behav/xsim'
INFO: [SIM-utils-51] Simulation object is 'sim_1'
INFO: [USF-XSim-2] XSim::Compile design
INFO: [USF-XSim-61] Executing 'COMPILE and ANALYZE' step in 'C:/Users/User/Desktop/codd/normal_nano/normal_nano.sim/sim_1/behav/xsim'
"xvhdl --incr --relax -prj NanoProcessor_TB_vhdl.prj"
INFO: [VRFC 10-163] Analyzing VHDL file "C:/Users/User/Desktop/normal_process/normal_process/normal_process.srcs/sources_1/new/NanoProcessor.vhd" into library xil_defaultlib
INFO: [VRFC 10-3107] analyzing entity 'NanoProcessor'
INFO: [VRFC 10-163] Analyzing VHDL file "C:/Users/User/Desktop/normal_process/normal_process/normal_process.srcs/sources_1/new/Program_ROM.vhd" into library xil_defaultlib
INFO: [VRFC 10-3107] analyzing entity 'Program_ROM'
INFO: [VRFC 10-163] Analyzing VHDL file "C:/Users/User/Desktop/normal_process/normal_process/normal_process.srcs/sources_1/new/Slow_Clk.vhd" into library xil_defaultlib
INFO: [VRFC 10-3107] analyzing entity 'Slow_Clk'
INFO: [USF-XSim-69] 'compile' step finished in '1' seconds
Command: launch_simulation -step elaborate -simset sim_1 -mode behavioral
INFO: [Vivado 12-25911] Executing simulation for 'XSim' simulator
INFO: [Vivado 12-28535] Process started - Fri May  8 21:21:27 2026

INFO: [Vivado 12-12493] Simulation top is 'NanoProcessor_TB'
INFO: [Vivado 12-5682] Launching behavioral simulation in 'C:/Users/User/Desktop/codd/normal_nano/normal_nano.sim/sim_1/behav/xsim'
INFO: [SIM-utils-51] Simulation object is 'sim_1'
INFO: [USF-XSim-3] XSim::Elaborate design
INFO: [USF-XSim-61] Executing 'ELABORATE' step in 'C:/Users/User/Desktop/codd/normal_nano/normal_nano.sim/sim_1/behav/xsim'
"xelab --incr --debug typical --relax --mt 2 -L xil_defaultlib -L secureip --snapshot NanoProcessor_TB_behav xil_defaultlib.NanoProcessor_TB -log elaborate.log"
Vivado Simulator v2025.2
Copyright 1986-2022 Xilinx, Inc. All Rights Reserved.
Copyright 2022-2025 Advanced Micro Devices, Inc. All Rights Reserved.
Running: C:/AMDDesignTools/2025.2/Vivado/bin/unwrapped/win64.o/xelab.exe --incr --debug typical --relax --mt 2 -L xil_defaultlib -L secureip --snapshot NanoProcessor_TB_behav xil_defaultlib.NanoProcessor_TB -log elaborate.log 
Using 2 slave threads.
Starting static elaboration
Completed static elaboration
Starting simulation data flow analysis
Completed simulation data flow analysis
Time Resolution for simulation is 1ps
Compiling package std.standard
Compiling package std.textio
Compiling package ieee.std_logic_1164
Compiling package xil_defaultlib.busdefinitions
Compiling package ieee.numeric_std
Compiling package xil_defaultlib.constants
Compiling architecture behavioral of entity xil_defaultlib.Slow_Clk [slow_clk_default]
Compiling architecture behavioral of entity xil_defaultlib.reg_3bit [reg_3bit_default]
Compiling architecture behavioral of entity xil_defaultlib.Program_Counter [program_counter_default]
Compiling architecture behavioral of entity xil_defaultlib.HA [ha_default]
Compiling architecture behavioral of entity xil_defaultlib.FA [fa_default]
Compiling architecture behavioral of entity xil_defaultlib.RCA_3 [rca_3_default]
Compiling architecture behavioral of entity xil_defaultlib.PC_Adder [pc_adder_default]
Compiling architecture behavioral of entity xil_defaultlib.Mux_2way_3bit [mux_2way_3bit_default]
Compiling architecture behavioral of entity xil_defaultlib.Address_Selector [address_selector_default]
Compiling architecture behavioral of entity xil_defaultlib.Program_ROM [program_rom_default]
Compiling architecture behavioral of entity xil_defaultlib.Instruction_Decoder [instruction_decoder_default]
Compiling architecture behavioral of entity xil_defaultlib.Mux_2way_4bit [mux_2way_4bit_default]
Compiling architecture behavioral of entity xil_defaultlib.Load_Selector [load_selector_default]
Compiling architecture behavioral of entity xil_defaultlib.Decoder_2_to_4 [decoder_2_to_4_default]
Compiling architecture behavioral of entity xil_defaultlib.Decoder_3_to_8 [decoder_3_to_8_default]
Compiling architecture behavioral of entity xil_defaultlib.Reg [reg_default]
Compiling architecture behavioral of entity xil_defaultlib.Register_Bank [register_bank_default]
Compiling architecture behavioral of entity xil_defaultlib.Mux_8way_4bit [mux_8way_4bit_default]
Compiling architecture behavioral of entity xil_defaultlib.RegisterData_Multiplexer [registerdata_multiplexer_default]
Compiling architecture behavioral of entity xil_defaultlib.RCA_4 [rca_4_default]
Compiling architecture behavioral of entity xil_defaultlib.Add_Sub_4_bit [add_sub_4_bit_default]
Compiling architecture behavioral of entity xil_defaultlib.LUT_16_7 [lut_16_7_default]
Compiling architecture behavioral of entity xil_defaultlib.NanoProcessor [nanoprocessor_default]
Compiling architecture behavioral of entity xil_defaultlib.nanoprocessor_tb
Built simulation snapshot NanoProcessor_TB_behav
INFO: [USF-XSim-69] 'elaborate' step finished in '2' seconds
Time resolution is 1 ps
relaunch_sim: Time (s): cpu = 00:00:01 ; elapsed = 00:00:07 . Memory (MB): peak = 2050.926 ; gain = 0.000
update_compile_order -fileset sources_1
WARNING: [filemgmt 56-199] Attempt to get parsing info during refresh. "On-the-fly" syntax checking information may be incorrect. [C:\Users\User\Desktop\normal_process\normal_process\normal_process.srcs\sources_1\new\Slow_Clk.vhd:]
WARNING: [filemgmt 56-199] Attempt to get parsing info during refresh. "On-the-fly" syntax checking information may be incorrect. [C:\Users\User\Desktop\normal_process\normal_process\normal_process.srcs\sim_1\new\Program_ROM_TB.vhd:]
WARNING: [filemgmt 56-199] Attempt to get parsing info during refresh. "On-the-fly" syntax checking information may be incorrect. [C:\Users\User\Desktop\normal_process\normal_process\normal_process.srcs\sources_1\new\NanoProcessor.vhd:]
WARNING: [filemgmt 56-199] Attempt to get parsing info during refresh. "On-the-fly" syntax checking information may be incorrect. [C:\Users\User\Desktop\normal_process\normal_process\normal_process.srcs\sources_1\new\Program_ROM.vhd:]
WARNING: [filemgmt 56-199] Attempt to get parsing info during refresh. "On-the-fly" syntax checking information may be incorrect. [C:\Users\User\Desktop\normal_process\normal_process\normal_process.srcs\sim_1\new\NanoProcessor_TB.vhd:]
WARNING: [filemgmt 56-199] Attempt to get parsing info during refresh. "On-the-fly" syntax checking information may be incorrect. [C:\Users\User\Desktop\normal_process\normal_process\normal_process.srcs\sources_1\new\Slow_Clk.vhd:]
WARNING: [filemgmt 56-199] Attempt to get parsing info during refresh. "On-the-fly" syntax checking information may be incorrect. [C:\Users\User\Desktop\normal_process\normal_process\normal_process.srcs\sources_1\new\Slow_Clk.vhd:]
WARNING: [filemgmt 56-199] Attempt to get parsing info during refresh. "On-the-fly" syntax checking information may be incorrect. [C:\Users\User\Desktop\normal_process\normal_process\normal_process.srcs\sources_1\new\Slow_Clk.vhd:]
WARNING: [filemgmt 56-199] Attempt to get parsing info during refresh. "On-the-fly" syntax checking information may be incorrect. [C:\Users\User\Desktop\normal_process\normal_process\normal_process.srcs\sim_1\new\Program_ROM_TB.vhd:]
WARNING: [filemgmt 56-199] Attempt to get parsing info during refresh. "On-the-fly" syntax checking information may be incorrect. [C:\Users\User\Desktop\normal_process\normal_process\normal_process.srcs\sources_1\new\NanoProcessor.vhd:]
WARNING: [filemgmt 56-199] Attempt to get parsing info during refresh. "On-the-fly" syntax checking information may be incorrect. [C:\Users\User\Desktop\normal_process\normal_process\normal_process.srcs\sources_1\new\Program_ROM.vhd:]
WARNING: [filemgmt 56-199] Attempt to get parsing info during refresh. "On-the-fly" syntax checking information may be incorrect. [C:\Users\User\Desktop\normal_process\normal_process\normal_process.srcs\sim_1\new\NanoProcessor_TB.vhd:]
WARNING: [filemgmt 56-199] Attempt to get parsing info during refresh. "On-the-fly" syntax checking information may be incorrect. [C:\Users\User\Desktop\normal_process\normal_process\normal_process.srcs\sources_1\new\NanoProcessor.vhd:]
WARNING: [filemgmt 56-199] Attempt to get parsing info during refresh. "On-the-fly" syntax checking information may be incorrect. [C:\Users\User\Desktop\normal_process\normal_process\normal_process.srcs\sources_1\new\NanoProcessor.vhd:]
WARNING: [filemgmt 56-199] Attempt to get parsing info during refresh. "On-the-fly" syntax checking information may be incorrect. [C:\Users\User\Desktop\normal_process\normal_process\normal_process.srcs\sources_1\new\Slow_Clk.vhd:]
WARNING: [filemgmt 56-199] Attempt to get parsing info during refresh. "On-the-fly" syntax checking information may be incorrect. [C:\Users\User\Desktop\normal_process\normal_process\normal_process.srcs\sim_1\new\Program_ROM_TB.vhd:]
WARNING: [filemgmt 56-199] Attempt to get parsing info during refresh. "On-the-fly" syntax checking information may be incorrect. [C:\Users\User\Desktop\normal_process\normal_process\normal_process.srcs\sources_1\new\NanoProcessor.vhd:]
WARNING: [filemgmt 56-199] Attempt to get parsing info during refresh. "On-the-fly" syntax checking information may be incorrect. [C:\Users\User\Desktop\normal_process\normal_process\normal_process.srcs\sources_1\new\Program_ROM.vhd:]
WARNING: [filemgmt 56-199] Attempt to get parsing info during refresh. "On-the-fly" syntax checking information may be incorrect. [C:\Users\User\Desktop\normal_process\normal_process\normal_process.srcs\sim_1\new\NanoProcessor_TB.vhd:]
WARNING: [filemgmt 56-199] Attempt to get parsing info during refresh. "On-the-fly" syntax checking information may be incorrect. [C:\Users\User\Desktop\normal_process\normal_process\normal_process.srcs\sources_1\new\Program_ROM.vhd:]
WARNING: [filemgmt 56-199] Attempt to get parsing info during refresh. "On-the-fly" syntax checking information may be incorrect. [C:\Users\User\Desktop\normal_process\normal_process\normal_process.srcs\sources_1\new\Program_ROM.vhd:]
WARNING: [filemgmt 56-199] Attempt to get parsing info during refresh. "On-the-fly" syntax checking information may be incorrect. [C:\Users\User\Desktop\normal_process\normal_process\normal_process.srcs\sources_1\new\Slow_Clk.vhd:]
WARNING: [filemgmt 56-199] Attempt to get parsing info during refresh. "On-the-fly" syntax checking information may be incorrect. [C:\Users\User\Desktop\normal_process\normal_process\normal_process.srcs\sim_1\new\Program_ROM_TB.vhd:]
WARNING: [filemgmt 56-199] Attempt to get parsing info during refresh. "On-the-fly" syntax checking information may be incorrect. [C:\Users\User\Desktop\normal_process\normal_process\normal_process.srcs\sources_1\new\NanoProcessor.vhd:]
WARNING: [filemgmt 56-199] Attempt to get parsing info during refresh. "On-the-fly" syntax checking information may be incorrect. [C:\Users\User\Desktop\normal_process\normal_process\normal_process.srcs\sources_1\new\Program_ROM.vhd:]
WARNING: [filemgmt 56-199] Attempt to get parsing info during refresh. "On-the-fly" syntax checking information may be incorrect. [C:\Users\User\Desktop\normal_process\normal_process\normal_process.srcs\sim_1\new\NanoProcessor_TB.vhd:]
WARNING: [filemgmt 56-199] Attempt to get parsing info during refresh. "On-the-fly" syntax checking information may be incorrect. [C:\Users\User\Desktop\normal_process\normal_process\normal_process.srcs\sim_1\new\Program_ROM_TB.vhd:]
WARNING: [filemgmt 56-199] Attempt to get parsing info during refresh. "On-the-fly" syntax checking information may be incorrect. [C:\Users\User\Desktop\normal_process\normal_process\normal_process.srcs\sim_1\new\Program_ROM_TB.vhd:]
run 1000 ns
WARNING: [filemgmt 56-199] Attempt to get parsing info during refresh. "On-the-fly" syntax checking information may be incorrect. [C:\Users\User\Desktop\normal_process\normal_process\normal_process.srcs\sources_1\new\Slow_Clk.vhd:]
WARNING: [filemgmt 56-199] Attempt to get parsing info during refresh. "On-the-fly" syntax checking information may be incorrect. [C:\Users\User\Desktop\normal_process\normal_process\normal_process.srcs\sim_1\new\Program_ROM_TB.vhd:]
WARNING: [filemgmt 56-199] Attempt to get parsing info during refresh. "On-the-fly" syntax checking information may be incorrect. [C:\Users\User\Desktop\normal_process\normal_process\normal_process.srcs\sources_1\new\NanoProcessor.vhd:]
WARNING: [filemgmt 56-199] Attempt to get parsing info during refresh. "On-the-fly" syntax checking information may be incorrect. [C:\Users\User\Desktop\normal_process\normal_process\normal_process.srcs\sources_1\new\Program_ROM.vhd:]
WARNING: [filemgmt 56-199] Attempt to get parsing info during refresh. "On-the-fly" syntax checking information may be incorrect. [C:\Users\User\Desktop\normal_process\normal_process\normal_process.srcs\sim_1\new\NanoProcessor_TB.vhd:]
WARNING: [filemgmt 56-199] Attempt to get parsing info during refresh. "On-the-fly" syntax checking information may be incorrect. [C:\Users\User\Desktop\normal_process\normal_process\normal_process.srcs\sources_1\new\Slow_Clk.vhd:]
WARNING: [filemgmt 56-199] Attempt to get parsing info during refresh. "On-the-fly" syntax checking information may be incorrect. [C:\Users\User\Desktop\normal_process\normal_process\normal_process.srcs\sources_1\new\Slow_Clk.vhd:]
WARNING: [filemgmt 56-199] Attempt to get parsing info during refresh. "On-the-fly" syntax checking information may be incorrect. [C:\Users\User\Desktop\normal_process\normal_process\normal_process.srcs\sources_1\new\Slow_Clk.vhd:]
WARNING: [filemgmt 56-199] Attempt to get parsing info during refresh. "On-the-fly" syntax checking information may be incorrect. [C:\Users\User\Desktop\normal_process\normal_process\normal_process.srcs\sim_1\new\Program_ROM_TB.vhd:]
WARNING: [filemgmt 56-199] Attempt to get parsing info during refresh. "On-the-fly" syntax checking information may be incorrect. [C:\Users\User\Desktop\normal_process\normal_process\normal_process.srcs\sources_1\new\NanoProcessor.vhd:]
WARNING: [filemgmt 56-199] Attempt to get parsing info during refresh. "On-the-fly" syntax checking information may be incorrect. [C:\Users\User\Desktop\normal_process\normal_process\normal_process.srcs\sources_1\new\Program_ROM.vhd:]
WARNING: [filemgmt 56-199] Attempt to get parsing info during refresh. "On-the-fly" syntax checking information may be incorrect. [C:\Users\User\Desktop\normal_process\normal_process\normal_process.srcs\sim_1\new\NanoProcessor_TB.vhd:]
WARNING: [filemgmt 56-199] Attempt to get parsing info during refresh. "On-the-fly" syntax checking information may be incorrect. [C:\Users\User\Desktop\normal_process\normal_process\normal_process.srcs\sources_1\new\NanoProcessor.vhd:]
WARNING: [filemgmt 56-199] Attempt to get parsing info during refresh. "On-the-fly" syntax checking information may be incorrect. [C:\Users\User\Desktop\normal_process\normal_process\normal_process.srcs\sources_1\new\NanoProcessor.vhd:]
WARNING: [filemgmt 56-199] Attempt to get parsing info during refresh. "On-the-fly" syntax checking information may be incorrect. [C:\Users\User\Desktop\normal_process\normal_process\normal_process.srcs\sources_1\new\Slow_Clk.vhd:]
WARNING: [filemgmt 56-199] Attempt to get parsing info during refresh. "On-the-fly" syntax checking information may be incorrect. [C:\Users\User\Desktop\normal_process\normal_process\normal_process.srcs\sim_1\new\Program_ROM_TB.vhd:]
WARNING: [filemgmt 56-199] Attempt to get parsing info during refresh. "On-the-fly" syntax checking information may be incorrect. [C:\Users\User\Desktop\normal_process\normal_process\normal_process.srcs\sources_1\new\NanoProcessor.vhd:]
WARNING: [filemgmt 56-199] Attempt to get parsing info during refresh. "On-the-fly" syntax checking information may be incorrect. [C:\Users\User\Desktop\normal_process\normal_process\normal_process.srcs\sources_1\new\Program_ROM.vhd:]
WARNING: [filemgmt 56-199] Attempt to get parsing info during refresh. "On-the-fly" syntax checking information may be incorrect. [C:\Users\User\Desktop\normal_process\normal_process\normal_process.srcs\sim_1\new\NanoProcessor_TB.vhd:]
WARNING: [filemgmt 56-199] Attempt to get parsing info during refresh. "On-the-fly" syntax checking information may be incorrect. [C:\Users\User\Desktop\normal_process\normal_process\normal_process.srcs\sim_1\new\Program_ROM_TB.vhd:]
WARNING: [filemgmt 56-199] Attempt to get parsing info during refresh. "On-the-fly" syntax checking information may be incorrect. [C:\Users\User\Desktop\normal_process\normal_process\normal_process.srcs\sim_1\new\Program_ROM_TB.vhd:]
WARNING: [filemgmt 56-199] Attempt to get parsing info during refresh. "On-the-fly" syntax checking information may be incorrect. [C:\Users\User\Desktop\normal_process\normal_process\normal_process.srcs\sources_1\new\Slow_Clk.vhd:]
WARNING: [filemgmt 56-199] Attempt to get parsing info during refresh. "On-the-fly" syntax checking information may be incorrect. [C:\Users\User\Desktop\normal_process\normal_process\normal_process.srcs\sim_1\new\Program_ROM_TB.vhd:]
WARNING: [filemgmt 56-199] Attempt to get parsing info during refresh. "On-the-fly" syntax checking information may be incorrect. [C:\Users\User\Desktop\normal_process\normal_process\normal_process.srcs\sources_1\new\NanoProcessor.vhd:]
WARNING: [filemgmt 56-199] Attempt to get parsing info during refresh. "On-the-fly" syntax checking information may be incorrect. [C:\Users\User\Desktop\normal_process\normal_process\normal_process.srcs\sources_1\new\Program_ROM.vhd:]
WARNING: [filemgmt 56-199] Attempt to get parsing info during refresh. "On-the-fly" syntax checking information may be incorrect. [C:\Users\User\Desktop\normal_process\normal_process\normal_process.srcs\sim_1\new\NanoProcessor_TB.vhd:]
WARNING: [filemgmt 56-199] Attempt to get parsing info during refresh. "On-the-fly" syntax checking information may be incorrect. [C:\Users\User\Desktop\normal_process\normal_process\normal_process.srcs\sim_1\new\NanoProcessor_TB.vhd:]
WARNING: [filemgmt 56-199] Attempt to get parsing info during refresh. "On-the-fly" syntax checking information may be incorrect. [C:\Users\User\Desktop\normal_process\normal_process\normal_process.srcs\sim_1\new\NanoProcessor_TB.vhd:]
relaunch_sim
Command: launch_simulation -step compile -simset sim_1 -mode behavioral
INFO: [Vivado 12-25911] Executing simulation for 'XSim' simulator
INFO: [Vivado 12-28535] Process started - Fri May  8 21:22:03 2026

INFO: [Vivado 12-12493] Simulation top is 'NanoProcessor_TB'
INFO: [Vivado 12-5682] Launching behavioral simulation in 'C:/Users/User/Desktop/codd/normal_nano/normal_nano.sim/sim_1/behav/xsim'
INFO: [SIM-utils-51] Simulation object is 'sim_1'
INFO: [USF-XSim-2] XSim::Compile design
INFO: [USF-XSim-61] Executing 'COMPILE and ANALYZE' step in 'C:/Users/User/Desktop/codd/normal_nano/normal_nano.sim/sim_1/behav/xsim'
"xvhdl --incr --relax -prj NanoProcessor_TB_vhdl.prj"
INFO: [VRFC 10-163] Analyzing VHDL file "C:/Users/User/Desktop/normal_process/normal_process/normal_process.srcs/sources_1/new/Slow_Clk.vhd" into library xil_defaultlib
INFO: [VRFC 10-3107] analyzing entity 'Slow_Clk'
INFO: [USF-XSim-69] 'compile' step finished in '2' seconds
Command: launch_simulation -step elaborate -simset sim_1 -mode behavioral
INFO: [Vivado 12-25911] Executing simulation for 'XSim' simulator
INFO: [Vivado 12-28535] Process started - Fri May  8 21:22:05 2026

INFO: [Vivado 12-12493] Simulation top is 'NanoProcessor_TB'
INFO: [Vivado 12-5682] Launching behavioral simulation in 'C:/Users/User/Desktop/codd/normal_nano/normal_nano.sim/sim_1/behav/xsim'
INFO: [SIM-utils-51] Simulation object is 'sim_1'
INFO: [USF-XSim-3] XSim::Elaborate design
INFO: [USF-XSim-61] Executing 'ELABORATE' step in 'C:/Users/User/Desktop/codd/normal_nano/normal_nano.sim/sim_1/behav/xsim'
"xelab --incr --debug typical --relax --mt 2 -L xil_defaultlib -L secureip --snapshot NanoProcessor_TB_behav xil_defaultlib.NanoProcessor_TB -log elaborate.log"
Vivado Simulator v2025.2
Copyright 1986-2022 Xilinx, Inc. All Rights Reserved.
Copyright 2022-2025 Advanced Micro Devices, Inc. All Rights Reserved.
Running: C:/AMDDesignTools/2025.2/Vivado/bin/unwrapped/win64.o/xelab.exe --incr --debug typical --relax --mt 2 -L xil_defaultlib -L secureip --snapshot NanoProcessor_TB_behav xil_defaultlib.NanoProcessor_TB -log elaborate.log 
Using 2 slave threads.
Starting static elaboration
Completed static elaboration
Starting simulation data flow analysis
Completed simulation data flow analysis
Time Resolution for simulation is 1ps
Compiling package std.standard
Compiling package std.textio
Compiling package ieee.std_logic_1164
Compiling package xil_defaultlib.busdefinitions
Compiling package ieee.numeric_std
Compiling package xil_defaultlib.constants
Compiling architecture behavioral of entity xil_defaultlib.Slow_Clk [slow_clk_default]
Compiling architecture behavioral of entity xil_defaultlib.reg_3bit [reg_3bit_default]
Compiling architecture behavioral of entity xil_defaultlib.Program_Counter [program_counter_default]
Compiling architecture behavioral of entity xil_defaultlib.HA [ha_default]
Compiling architecture behavioral of entity xil_defaultlib.FA [fa_default]
Compiling architecture behavioral of entity xil_defaultlib.RCA_3 [rca_3_default]
Compiling architecture behavioral of entity xil_defaultlib.PC_Adder [pc_adder_default]
Compiling architecture behavioral of entity xil_defaultlib.Mux_2way_3bit [mux_2way_3bit_default]
Compiling architecture behavioral of entity xil_defaultlib.Address_Selector [address_selector_default]
Compiling architecture behavioral of entity xil_defaultlib.Program_ROM [program_rom_default]
Compiling architecture behavioral of entity xil_defaultlib.Instruction_Decoder [instruction_decoder_default]
Compiling architecture behavioral of entity xil_defaultlib.Mux_2way_4bit [mux_2way_4bit_default]
Compiling architecture behavioral of entity xil_defaultlib.Load_Selector [load_selector_default]
Compiling architecture behavioral of entity xil_defaultlib.Decoder_2_to_4 [decoder_2_to_4_default]
Compiling architecture behavioral of entity xil_defaultlib.Decoder_3_to_8 [decoder_3_to_8_default]
Compiling architecture behavioral of entity xil_defaultlib.Reg [reg_default]
Compiling architecture behavioral of entity xil_defaultlib.Register_Bank [register_bank_default]
Compiling architecture behavioral of entity xil_defaultlib.Mux_8way_4bit [mux_8way_4bit_default]
Compiling architecture behavioral of entity xil_defaultlib.RegisterData_Multiplexer [registerdata_multiplexer_default]
Compiling architecture behavioral of entity xil_defaultlib.RCA_4 [rca_4_default]
Compiling architecture behavioral of entity xil_defaultlib.Add_Sub_4_bit [add_sub_4_bit_default]
Compiling architecture behavioral of entity xil_defaultlib.LUT_16_7 [lut_16_7_default]
Compiling architecture behavioral of entity xil_defaultlib.NanoProcessor [nanoprocessor_default]
Compiling architecture behavioral of entity xil_defaultlib.nanoprocessor_tb
Built simulation snapshot NanoProcessor_TB_behav
INFO: [USF-XSim-69] 'elaborate' step finished in '1' seconds
Time resolution is 1 ps
run 1000 ns
close_sim
INFO: [Simtcl 6-16] Simulation closed
WARNING: [filemgmt 56-199] Attempt to get parsing info during refresh. "On-the-fly" syntax checking information may be incorrect. [C:\Users\User\Desktop\normal_process\normal_process\normal_process.srcs\sources_1\new\Slow_Clk.vhd:]
WARNING: [filemgmt 56-199] Attempt to get parsing info during refresh. "On-the-fly" syntax checking information may be incorrect. [C:\Users\User\Desktop\normal_process\normal_process\normal_process.srcs\sources_1\new\NanoProcessor.vhd:]
WARNING: [filemgmt 56-199] Attempt to get parsing info during refresh. "On-the-fly" syntax checking information may be incorrect. [C:\Users\User\Desktop\normal_process\normal_process\normal_process.srcs\sources_1\new\Program_ROM.vhd:]
WARNING: [filemgmt 56-199] Attempt to get parsing info during refresh. "On-the-fly" syntax checking information may be incorrect. [C:\Users\User\Desktop\normal_process\normal_process\normal_process.srcs\sources_1\new\Program_ROM.vhd:]
WARNING: [filemgmt 56-199] Attempt to get parsing info during refresh. "On-the-fly" syntax checking information may be incorrect. [C:\Users\User\Desktop\normal_process\normal_process\normal_process.srcs\sources_1\new\Program_ROM.vhd:]
WARNING: [filemgmt 56-199] Attempt to get parsing info during refresh. "On-the-fly" syntax checking information may be incorrect. [C:\Users\User\Desktop\normal_process\normal_process\normal_process.srcs\sources_1\new\Slow_Clk.vhd:]
WARNING: [filemgmt 56-199] Attempt to get parsing info during refresh. "On-the-fly" syntax checking information may be incorrect. [C:\Users\User\Desktop\normal_process\normal_process\normal_process.srcs\sources_1\new\NanoProcessor.vhd:]
WARNING: [filemgmt 56-199] Attempt to get parsing info during refresh. "On-the-fly" syntax checking information may be incorrect. [C:\Users\User\Desktop\normal_process\normal_process\normal_process.srcs\sources_1\new\Program_ROM.vhd:]
WARNING: [filemgmt 56-199] Attempt to get parsing info during refresh. "On-the-fly" syntax checking information may be incorrect. [C:\Users\User\Desktop\normal_process\normal_process\normal_process.srcs\sources_1\new\Slow_Clk.vhd:]
WARNING: [filemgmt 56-199] Attempt to get parsing info during refresh. "On-the-fly" syntax checking information may be incorrect. [C:\Users\User\Desktop\normal_process\normal_process\normal_process.srcs\sources_1\new\Slow_Clk.vhd:]
ERROR: [Common 17-180] Spawn failed: The operation completed successfully.

launch_runs impl_1 -jobs 8
[Fri May  8 21:51:24 2026] Launched synth_1...
Run output will be captured here: C:/Users/User/Desktop/codd/normal_nano/normal_nano.runs/synth_1/runme.log
[Fri May  8 21:51:24 2026] Launched impl_1...
Run output will be captured here: C:/Users/User/Desktop/codd/normal_nano/normal_nano.runs/impl_1/runme.log
synth_design -rtl -rtl_skip_mlo -name rtl_1
Command: synth_design -rtl -rtl_skip_mlo -name rtl_1
Starting synth_design
Using part: xc7s6ftgb196-1
Top: NanoProcessor
INFO: [Device 21-403] Loading part xc7s6ftgb196-1
INFO: [Synth 8-7079] Multithreading enabled for synth_design using a maximum of 2 processes.
INFO: [Synth 8-7078] Launching helper process for spawning children vivado processes
INFO: [Synth 8-7075] Helper process launched with PID 8744
---------------------------------------------------------------------------------
Starting RTL Elaboration : Time (s): cpu = 00:00:05 ; elapsed = 00:00:04 . Memory (MB): peak = 2457.426 ; gain = 406.500
---------------------------------------------------------------------------------
INFO: [Synth 8-638] synthesizing module 'NanoProcessor' [C:/Users/User/Desktop/normal_process/normal_process/normal_process.srcs/sources_1/new/NanoProcessor.vhd:17]
INFO: [Synth 8-3491] module 'Slow_Clk' declared at 'C:/Users/User/Desktop/normal_process/normal_process/normal_process.srcs/sources_1/new/Slow_Clk.vhd:4' bound to instance 'U_SlowClock' of component 'Slow_Clk' [C:/Users/User/Desktop/normal_process/normal_process/normal_process.srcs/sources_1/new/NanoProcessor.vhd:151]
INFO: [Synth 8-638] synthesizing module 'Slow_Clk' [C:/Users/User/Desktop/normal_process/normal_process/normal_process.srcs/sources_1/new/Slow_Clk.vhd:11]
INFO: [Synth 8-256] done synthesizing module 'Slow_Clk' (0#1) [C:/Users/User/Desktop/normal_process/normal_process/normal_process.srcs/sources_1/new/Slow_Clk.vhd:11]
INFO: [Synth 8-3491] module 'Program_Counter' declared at 'C:/Users/User/Desktop/normal_process/normal_process/normal_process.srcs/sources_1/new/Program_Counter.vhd:5' bound to instance 'U_PC' of component 'Program_Counter' [C:/Users/User/Desktop/normal_process/normal_process/normal_process.srcs/sources_1/new/NanoProcessor.vhd:162]
INFO: [Synth 8-638] synthesizing module 'Program_Counter' [C:/Users/User/Desktop/normal_process/normal_process/normal_process.srcs/sources_1/new/Program_Counter.vhd:14]
INFO: [Synth 8-3491] module 'reg_3bit' declared at 'C:/Users/User/Desktop/normal_process/normal_process/normal_process.srcs/sources_1/new/reg_3bit.vhd:4' bound to instance 'PC_Register' of component 'reg_3bit' [C:/Users/User/Desktop/normal_process/normal_process/normal_process.srcs/sources_1/new/Program_Counter.vhd:25]
INFO: [Synth 8-638] synthesizing module 'reg_3bit' [C:/Users/User/Desktop/normal_process/normal_process/normal_process.srcs/sources_1/new/reg_3bit.vhd:13]
INFO: [Synth 8-256] done synthesizing module 'reg_3bit' (0#1) [C:/Users/User/Desktop/normal_process/normal_process/normal_process.srcs/sources_1/new/reg_3bit.vhd:13]
INFO: [Synth 8-256] done synthesizing module 'Program_Counter' (0#1) [C:/Users/User/Desktop/normal_process/normal_process/normal_process.srcs/sources_1/new/Program_Counter.vhd:14]
INFO: [Synth 8-3491] module 'PC_Adder' declared at 'C:/Users/User/Desktop/normal_process/normal_process/normal_process.srcs/sources_1/new/PC_Adder.vhd:5' bound to instance 'U_PC_Adder' of component 'PC_Adder' [C:/Users/User/Desktop/normal_process/normal_process/normal_process.srcs/sources_1/new/NanoProcessor.vhd:170]
INFO: [Synth 8-638] synthesizing module 'PC_Adder' [C:/Users/User/Desktop/normal_process/normal_process/normal_process.srcs/sources_1/new/PC_Adder.vhd:12]
INFO: [Synth 8-3491] module 'RCA_3' declared at 'C:/Users/User/Desktop/normal_process/normal_process/normal_process.srcs/sources_1/new/RCA_3.vhd:4' bound to instance 'AddressAdder' of component 'RCA_3' [C:/Users/User/Desktop/normal_process/normal_process/normal_process.srcs/sources_1/new/PC_Adder.vhd:25]
INFO: [Synth 8-638] synthesizing module 'RCA_3' [C:/Users/User/Desktop/normal_process/normal_process/normal_process.srcs/sources_1/new/RCA_3.vhd:14]
INFO: [Synth 8-3491] module 'FA' declared at 'C:/Users/User/Desktop/normal_process/normal_process/normal_process.srcs/sources_1/new/FA.vhd:5' bound to instance 'FA_0' of component 'FA' [C:/Users/User/Desktop/normal_process/normal_process/normal_process.srcs/sources_1/new/RCA_3.vhd:31]
INFO: [Synth 8-638] synthesizing module 'FA' [C:/Users/User/Desktop/normal_process/normal_process/normal_process.srcs/sources_1/new/FA.vhd:13]
INFO: [Synth 8-3491] module 'HA' declared at 'C:/Users/User/Desktop/normal_process/normal_process/normal_process.srcs/sources_1/new/HA.vhd:5' bound to instance 'HA_0' of component 'HA' [C:/Users/User/Desktop/normal_process/normal_process/normal_process.srcs/sources_1/new/FA.vhd:25]
INFO: [Synth 8-638] synthesizing module 'HA' [C:/Users/User/Desktop/normal_process/normal_process/normal_process.srcs/sources_1/new/HA.vhd:12]
INFO: [Synth 8-256] done synthesizing module 'HA' (0#1) [C:/Users/User/Desktop/normal_process/normal_process/normal_process.srcs/sources_1/new/HA.vhd:12]
INFO: [Synth 8-3491] module 'HA' declared at 'C:/Users/User/Desktop/normal_process/normal_process/normal_process.srcs/sources_1/new/HA.vhd:5' bound to instance 'HA_1' of component 'HA' [C:/Users/User/Desktop/normal_process/normal_process/normal_process.srcs/sources_1/new/FA.vhd:32]
INFO: [Synth 8-256] done synthesizing module 'FA' (0#1) [C:/Users/User/Desktop/normal_process/normal_process/normal_process.srcs/sources_1/new/FA.vhd:13]
INFO: [Synth 8-3491] module 'FA' declared at 'C:/Users/User/Desktop/normal_process/normal_process/normal_process.srcs/sources_1/new/FA.vhd:5' bound to instance 'FA_1' of component 'FA' [C:/Users/User/Desktop/normal_process/normal_process/normal_process.srcs/sources_1/new/RCA_3.vhd:41]
INFO: [Synth 8-3491] module 'FA' declared at 'C:/Users/User/Desktop/normal_process/normal_process/normal_process.srcs/sources_1/new/FA.vhd:5' bound to instance 'FA_2' of component 'FA' [C:/Users/User/Desktop/normal_process/normal_process/normal_process.srcs/sources_1/new/RCA_3.vhd:51]
INFO: [Synth 8-256] done synthesizing module 'RCA_3' (0#1) [C:/Users/User/Desktop/normal_process/normal_process/normal_process.srcs/sources_1/new/RCA_3.vhd:14]
INFO: [Synth 8-256] done synthesizing module 'PC_Adder' (0#1) [C:/Users/User/Desktop/normal_process/normal_process/normal_process.srcs/sources_1/new/PC_Adder.vhd:12]
INFO: [Synth 8-3491] module 'Address_Selector' declared at 'C:/Users/User/Desktop/normal_process/normal_process/normal_process.srcs/sources_1/new/Address_Selector.vhd:5' bound to instance 'U_AddrSel' of component 'Address_Selector' [C:/Users/User/Desktop/normal_process/normal_process/normal_process.srcs/sources_1/new/NanoProcessor.vhd:176]
INFO: [Synth 8-638] synthesizing module 'Address_Selector' [C:/Users/User/Desktop/normal_process/normal_process/normal_process.srcs/sources_1/new/Address_Selector.vhd:14]
INFO: [Synth 8-3491] module 'Mux_2way_3bit' declared at 'C:/Users/User/Desktop/normal_process/normal_process/normal_process.srcs/sources_1/new/Mux_2way_3bit.vhd:4' bound to instance 'Program_Mux' of component 'Mux_2way_3bit' [C:/Users/User/Desktop/normal_process/normal_process/normal_process.srcs/sources_1/new/Address_Selector.vhd:24]
INFO: [Synth 8-638] synthesizing module 'Mux_2way_3bit' [C:/Users/User/Desktop/normal_process/normal_process/normal_process.srcs/sources_1/new/Mux_2way_3bit.vhd:13]
INFO: [Synth 8-256] done synthesizing module 'Mux_2way_3bit' (0#1) [C:/Users/User/Desktop/normal_process/normal_process/normal_process.srcs/sources_1/new/Mux_2way_3bit.vhd:13]
INFO: [Synth 8-256] done synthesizing module 'Address_Selector' (0#1) [C:/Users/User/Desktop/normal_process/normal_process/normal_process.srcs/sources_1/new/Address_Selector.vhd:14]
INFO: [Synth 8-3491] module 'Program_ROM' declared at 'C:/Users/User/Desktop/normal_process/normal_process/normal_process.srcs/sources_1/new/Program_ROM.vhd:6' bound to instance 'U_ROM' of component 'Program_ROM' [C:/Users/User/Desktop/normal_process/normal_process/normal_process.srcs/sources_1/new/NanoProcessor.vhd:184]
INFO: [Synth 8-638] synthesizing module 'Program_ROM' [C:/Users/User/Desktop/normal_process/normal_process/normal_process.srcs/sources_1/new/Program_ROM.vhd:13]
INFO: [Synth 8-256] done synthesizing module 'Program_ROM' (0#1) [C:/Users/User/Desktop/normal_process/normal_process/normal_process.srcs/sources_1/new/Program_ROM.vhd:13]
INFO: [Synth 8-3491] module 'Instruction_Decoder' declared at 'C:/Users/User/Desktop/normal_process/normal_process/normal_process.srcs/sources_1/new/Instruction_Decoder.vhd:6' bound to instance 'U_ID' of component 'Instruction_Decoder' [C:/Users/User/Desktop/normal_process/normal_process/normal_process.srcs/sources_1/new/NanoProcessor.vhd:191]
INFO: [Synth 8-638] synthesizing module 'Instruction_Decoder' [C:/Users/User/Desktop/normal_process/normal_process/normal_process.srcs/sources_1/new/Instruction_Decoder.vhd:21]
INFO: [Synth 8-226] default block is never used [C:/Users/User/Desktop/normal_process/normal_process/normal_process.srcs/sources_1/new/Instruction_Decoder.vhd:38]
INFO: [Synth 8-256] done synthesizing module 'Instruction_Decoder' (0#1) [C:/Users/User/Desktop/normal_process/normal_process/normal_process.srcs/sources_1/new/Instruction_Decoder.vhd:21]
INFO: [Synth 8-3491] module 'Load_Selector' declared at 'C:/Users/User/Desktop/normal_process/normal_process/normal_process.srcs/sources_1/new/Load_Selector.vhd:5' bound to instance 'U_LoadSel' of component 'Load_Selector' [C:/Users/User/Desktop/normal_process/normal_process/normal_process.srcs/sources_1/new/NanoProcessor.vhd:206]
INFO: [Synth 8-638] synthesizing module 'Load_Selector' [C:/Users/User/Desktop/normal_process/normal_process/normal_process.srcs/sources_1/new/Load_Selector.vhd:14]
INFO: [Synth 8-3491] module 'Mux_2way_4bit' declared at 'C:/Users/User/Desktop/normal_process/normal_process/normal_process.srcs/sources_1/new/Mux_2way_4bit.vhd:4' bound to instance 'DataSourceMux' of component 'Mux_2way_4bit' [C:/Users/User/Desktop/normal_process/normal_process/normal_process.srcs/sources_1/new/Load_Selector.vhd:27]
INFO: [Synth 8-638] synthesizing module 'Mux_2way_4bit' [C:/Users/User/Desktop/normal_process/normal_process/normal_process.srcs/sources_1/new/Mux_2way_4bit.vhd:13]
INFO: [Synth 8-256] done synthesizing module 'Mux_2way_4bit' (0#1) [C:/Users/User/Desktop/normal_process/normal_process/normal_process.srcs/sources_1/new/Mux_2way_4bit.vhd:13]
INFO: [Synth 8-256] done synthesizing module 'Load_Selector' (0#1) [C:/Users/User/Desktop/normal_process/normal_process/normal_process.srcs/sources_1/new/Load_Selector.vhd:14]
INFO: [Synth 8-3491] module 'Register_Bank' declared at 'C:/Users/User/Desktop/normal_process/normal_process/normal_process.srcs/sources_1/new/Register_Bank.vhd:5' bound to instance 'U_RegBank' of component 'Register_Bank' [C:/Users/User/Desktop/normal_process/normal_process/normal_process.srcs/sources_1/new/NanoProcessor.vhd:214]
INFO: [Synth 8-638] synthesizing module 'Register_Bank' [C:/Users/User/Desktop/normal_process/normal_process/normal_process.srcs/sources_1/new/Register_Bank.vhd:15]
INFO: [Synth 8-3491] module 'Decoder_3_to_8' declared at 'C:/Users/User/Desktop/normal_process/normal_process/normal_process.srcs/sources_1/new/Decoder_3_to_8.vhd:4' bound to instance 'Decoder_3_to_8_0' of component 'Decoder_3_to_8' [C:/Users/User/Desktop/normal_process/normal_process/normal_process.srcs/sources_1/new/Register_Bank.vhd:40]
INFO: [Synth 8-638] synthesizing module 'Decoder_3_to_8' [C:/Users/User/Desktop/normal_process/normal_process/normal_process.srcs/sources_1/new/Decoder_3_to_8.vhd:10]
INFO: [Synth 8-3491] module 'Decoder_2_to_4' declared at 'C:/Users/User/Desktop/normal_process/normal_process/normal_process.srcs/sources_1/new/Decoder_2_to_4.vhd:4' bound to instance 'Decoder_2_to_4_0' of component 'Decoder_2_to_4' [C:/Users/User/Desktop/normal_process/normal_process/normal_process.srcs/sources_1/new/Decoder_3_to_8.vhd:20]
INFO: [Synth 8-638] synthesizing module 'Decoder_2_to_4' [C:/Users/User/Desktop/normal_process/normal_process/normal_process.srcs/sources_1/new/Decoder_2_to_4.vhd:10]
INFO: [Synth 8-256] done synthesizing module 'Decoder_2_to_4' (0#1) [C:/Users/User/Desktop/normal_process/normal_process/normal_process.srcs/sources_1/new/Decoder_2_to_4.vhd:10]
INFO: [Synth 8-3491] module 'Decoder_2_to_4' declared at 'C:/Users/User/Desktop/normal_process/normal_process/normal_process.srcs/sources_1/new/Decoder_2_to_4.vhd:4' bound to instance 'Decoder_2_to_4_1' of component 'Decoder_2_to_4' [C:/Users/User/Desktop/normal_process/normal_process/normal_process.srcs/sources_1/new/Decoder_3_to_8.vhd:25]
INFO: [Synth 8-256] done synthesizing module 'Decoder_3_to_8' (0#1) [C:/Users/User/Desktop/normal_process/normal_process/normal_process.srcs/sources_1/new/Decoder_3_to_8.vhd:10]
INFO: [Synth 8-3491] module 'Reg' declared at 'C:/Users/User/Desktop/normal_process/normal_process/normal_process.srcs/sources_1/new/Reg.vhd:4' bound to instance 'Zero_Register' of component 'Reg' [C:/Users/User/Desktop/normal_process/normal_process/normal_process.srcs/sources_1/new/Register_Bank.vhd:48]
INFO: [Synth 8-638] synthesizing module 'Reg' [C:/Users/User/Desktop/normal_process/normal_process/normal_process.srcs/sources_1/new/Reg.vhd:14]
INFO: [Synth 8-256] done synthesizing module 'Reg' (0#1) [C:/Users/User/Desktop/normal_process/normal_process/normal_process.srcs/sources_1/new/Reg.vhd:14]
INFO: [Synth 8-3491] module 'Reg' declared at 'C:/Users/User/Desktop/normal_process/normal_process/normal_process.srcs/sources_1/new/Reg.vhd:4' bound to instance 'Register_1' of component 'Reg' [C:/Users/User/Desktop/normal_process/normal_process/normal_process.srcs/sources_1/new/Register_Bank.vhd:58]
INFO: [Synth 8-3491] module 'Reg' declared at 'C:/Users/User/Desktop/normal_process/normal_process/normal_process.srcs/sources_1/new/Reg.vhd:4' bound to instance 'Register_2' of component 'Reg' [C:/Users/User/Desktop/normal_process/normal_process/normal_process.srcs/sources_1/new/Register_Bank.vhd:68]
INFO: [Synth 8-3491] module 'Reg' declared at 'C:/Users/User/Desktop/normal_process/normal_process/normal_process.srcs/sources_1/new/Reg.vhd:4' bound to instance 'Register_3' of component 'Reg' [C:/Users/User/Desktop/normal_process/normal_process/normal_process.srcs/sources_1/new/Register_Bank.vhd:78]
INFO: [Synth 8-3491] module 'Reg' declared at 'C:/Users/User/Desktop/normal_process/normal_process/normal_process.srcs/sources_1/new/Reg.vhd:4' bound to instance 'Register_4' of component 'Reg' [C:/Users/User/Desktop/normal_process/normal_process/normal_process.srcs/sources_1/new/Register_Bank.vhd:88]
INFO: [Synth 8-3491] module 'Reg' declared at 'C:/Users/User/Desktop/normal_process/normal_process/normal_process.srcs/sources_1/new/Reg.vhd:4' bound to instance 'Register_5' of component 'Reg' [C:/Users/User/Desktop/normal_process/normal_process/normal_process.srcs/sources_1/new/Register_Bank.vhd:98]
INFO: [Synth 8-3491] module 'Reg' declared at 'C:/Users/User/Desktop/normal_process/normal_process/normal_process.srcs/sources_1/new/Reg.vhd:4' bound to instance 'Register_6' of component 'Reg' [C:/Users/User/Desktop/normal_process/normal_process/normal_process.srcs/sources_1/new/Register_Bank.vhd:108]
INFO: [Synth 8-3491] module 'Reg' declared at 'C:/Users/User/Desktop/normal_process/normal_process/normal_process.srcs/sources_1/new/Reg.vhd:4' bound to instance 'Register_7' of component 'Reg' [C:/Users/User/Desktop/normal_process/normal_process/normal_process.srcs/sources_1/new/Register_Bank.vhd:118]
INFO: [Synth 8-256] done synthesizing module 'Register_Bank' (0#1) [C:/Users/User/Desktop/normal_process/normal_process/normal_process.srcs/sources_1/new/Register_Bank.vhd:15]
INFO: [Synth 8-3491] module 'RegisterData_Multiplexer' declared at 'C:/Users/User/Desktop/normal_process/normal_process/normal_process.srcs/sources_1/new/RegisterData_Multiplexer.vhd:5' bound to instance 'U_MuxA' of component 'RegisterData_Multiplexer' [C:/Users/User/Desktop/normal_process/normal_process/normal_process.srcs/sources_1/new/NanoProcessor.vhd:223]
INFO: [Synth 8-638] synthesizing module 'RegisterData_Multiplexer' [C:/Users/User/Desktop/normal_process/normal_process/normal_process.srcs/sources_1/new/RegisterData_Multiplexer.vhd:13]
INFO: [Synth 8-3491] module 'Mux_8way_4bit' declared at 'C:/Users/User/Desktop/normal_process/normal_process/normal_process.srcs/sources_1/new/Mux_8way_4bit.vhd:5' bound to instance 'MUX_INST' of component 'Mux_8way_4bit' [C:/Users/User/Desktop/normal_process/normal_process/normal_process.srcs/sources_1/new/RegisterData_Multiplexer.vhd:30]
INFO: [Synth 8-638] synthesizing module 'Mux_8way_4bit' [C:/Users/User/Desktop/normal_process/normal_process/normal_process.srcs/sources_1/new/Mux_8way_4bit.vhd:20]
INFO: [Synth 8-226] default block is never used [C:/Users/User/Desktop/normal_process/normal_process/normal_process.srcs/sources_1/new/Mux_8way_4bit.vhd:23]
INFO: [Synth 8-256] done synthesizing module 'Mux_8way_4bit' (0#1) [C:/Users/User/Desktop/normal_process/normal_process/normal_process.srcs/sources_1/new/Mux_8way_4bit.vhd:20]
INFO: [Synth 8-256] done synthesizing module 'RegisterData_Multiplexer' (0#1) [C:/Users/User/Desktop/normal_process/normal_process/normal_process.srcs/sources_1/new/RegisterData_Multiplexer.vhd:13]
INFO: [Synth 8-3491] module 'RegisterData_Multiplexer' declared at 'C:/Users/User/Desktop/normal_process/normal_process/normal_process.srcs/sources_1/new/RegisterData_Multiplexer.vhd:5' bound to instance 'U_MuxB' of component 'RegisterData_Multiplexer' [C:/Users/User/Desktop/normal_process/normal_process/normal_process.srcs/sources_1/new/NanoProcessor.vhd:230]
INFO: [Synth 8-3491] module 'Add_Sub_4_bit' declared at 'C:/Users/User/Desktop/normal_process/normal_process/normal_process.srcs/sources_1/new/Add_Sub_4.vhd:5' bound to instance 'U_ALU' of component 'Add_Sub_4_bit' [C:/Users/User/Desktop/normal_process/normal_process/normal_process.srcs/sources_1/new/NanoProcessor.vhd:237]
INFO: [Synth 8-638] synthesizing module 'Add_Sub_4_bit' [C:/Users/User/Desktop/normal_process/normal_process/normal_process.srcs/sources_1/new/Add_Sub_4.vhd:16]
INFO: [Synth 8-3491] module 'RCA_4' declared at 'C:/Users/User/Desktop/normal_process/normal_process/normal_process.srcs/sources_1/new/RCA_4.vhd:4' bound to instance 'RCA_4_inst' of component 'RCA_4' [C:/Users/User/Desktop/normal_process/normal_process/normal_process.srcs/sources_1/new/Add_Sub_4.vhd:39]
INFO: [Synth 8-638] synthesizing module 'RCA_4' [C:/Users/User/Desktop/normal_process/normal_process/normal_process.srcs/sources_1/new/RCA_4.vhd:21]
INFO: [Synth 8-3491] module 'FA' declared at 'C:/Users/User/Desktop/normal_process/normal_process/normal_process.srcs/sources_1/new/FA.vhd:5' bound to instance 'FA_0' of component 'FA' [C:/Users/User/Desktop/normal_process/normal_process/normal_process.srcs/sources_1/new/RCA_4.vhd:36]
INFO: [Synth 8-3491] module 'FA' declared at 'C:/Users/User/Desktop/normal_process/normal_process/normal_process.srcs/sources_1/new/FA.vhd:5' bound to instance 'FA_1' of component 'FA' [C:/Users/User/Desktop/normal_process/normal_process/normal_process.srcs/sources_1/new/RCA_4.vhd:44]
INFO: [Synth 8-3491] module 'FA' declared at 'C:/Users/User/Desktop/normal_process/normal_process/normal_process.srcs/sources_1/new/FA.vhd:5' bound to instance 'FA_2' of component 'FA' [C:/Users/User/Desktop/normal_process/normal_process/normal_process.srcs/sources_1/new/RCA_4.vhd:52]
INFO: [Synth 8-3491] module 'FA' declared at 'C:/Users/User/Desktop/normal_process/normal_process/normal_process.srcs/sources_1/new/FA.vhd:5' bound to instance 'FA_3' of component 'FA' [C:/Users/User/Desktop/normal_process/normal_process/normal_process.srcs/sources_1/new/RCA_4.vhd:60]
INFO: [Synth 8-256] done synthesizing module 'RCA_4' (0#1) [C:/Users/User/Desktop/normal_process/normal_process/normal_process.srcs/sources_1/new/RCA_4.vhd:21]
INFO: [Synth 8-256] done synthesizing module 'Add_Sub_4_bit' (0#1) [C:/Users/User/Desktop/normal_process/normal_process/normal_process.srcs/sources_1/new/Add_Sub_4.vhd:16]
INFO: [Synth 8-3491] module 'LUT_16_7' declared at 'C:/Users/User/Desktop/normal_process/normal_process/normal_process.srcs/sources_1/new/LUT_16_7.vhd:6' bound to instance 'U_LUT_16_7' of component 'LUT_16_7' [C:/Users/User/Desktop/normal_process/normal_process/normal_process.srcs/sources_1/new/NanoProcessor.vhd:246]
INFO: [Synth 8-638] synthesizing module 'LUT_16_7' [C:/Users/User/Desktop/normal_process/normal_process/normal_process.srcs/sources_1/new/LUT_16_7.vhd:11]
INFO: [Synth 8-256] done synthesizing module 'LUT_16_7' (0#1) [C:/Users/User/Desktop/normal_process/normal_process/normal_process.srcs/sources_1/new/LUT_16_7.vhd:11]
INFO: [Synth 8-256] done synthesizing module 'NanoProcessor' (0#1) [C:/Users/User/Desktop/normal_process/normal_process/normal_process.srcs/sources_1/new/NanoProcessor.vhd:17]
WARNING: [Synth 8-3917] design NanoProcessor has port anode[3] driven by constant 1
WARNING: [Synth 8-3917] design NanoProcessor has port anode[2] driven by constant 1
WARNING: [Synth 8-3917] design NanoProcessor has port anode[1] driven by constant 1
WARNING: [Synth 8-3917] design NanoProcessor has port anode[0] driven by constant 0
---------------------------------------------------------------------------------
Finished RTL Elaboration : Time (s): cpu = 00:00:06 ; elapsed = 00:00:05 . Memory (MB): peak = 2577.547 ; gain = 526.621
---------------------------------------------------------------------------------
---------------------------------------------------------------------------------
Start Handling Custom Attributes
---------------------------------------------------------------------------------
---------------------------------------------------------------------------------
Finished Handling Custom Attributes : Time (s): cpu = 00:00:06 ; elapsed = 00:00:05 . Memory (MB): peak = 2577.547 ; gain = 526.621
---------------------------------------------------------------------------------
---------------------------------------------------------------------------------
Finished RTL Optimization Phase 1 : Time (s): cpu = 00:00:06 ; elapsed = 00:00:05 . Memory (MB): peak = 2577.547 ; gain = 526.621
---------------------------------------------------------------------------------
Netlist sorting complete. Time (s): cpu = 00:00:00 ; elapsed = 00:00:00.003 . Memory (MB): peak = 2577.547 ; gain = 0.000
INFO: [Project 1-570] Preparing netlist for logic optimization

Processing XDC Constraints
Initializing timing engine
Parsing XDC File [C:/Users/User/Desktop/codd/normal_nano/normal_nano.srcs/constrs_1/new/Nanoprocessor_Const.xdc]
CRITICAL WARNING: [Common 17-69] Command failed: 'W5' is not a valid site or package pin name. [C:/Users/User/Desktop/codd/normal_nano/normal_nano.srcs/constrs_1/new/Nanoprocessor_Const.xdc:2]
CRITICAL WARNING: [Common 17-69] Command failed: 'U16' is not a valid site or package pin name. [C:/Users/User/Desktop/codd/normal_nano/normal_nano.srcs/constrs_1/new/Nanoprocessor_Const.xdc:8]
CRITICAL WARNING: [Common 17-69] Command failed: 'E19' is not a valid site or package pin name. [C:/Users/User/Desktop/codd/normal_nano/normal_nano.srcs/constrs_1/new/Nanoprocessor_Const.xdc:10]
CRITICAL WARNING: [Common 17-69] Command failed: 'U19' is not a valid site or package pin name. [C:/Users/User/Desktop/codd/normal_nano/normal_nano.srcs/constrs_1/new/Nanoprocessor_Const.xdc:12]
CRITICAL WARNING: [Common 17-69] Command failed: 'V19' is not a valid site or package pin name. [C:/Users/User/Desktop/codd/normal_nano/normal_nano.srcs/constrs_1/new/Nanoprocessor_Const.xdc:14]
CRITICAL WARNING: [Common 17-69] Command failed: 'P1' is not a valid site or package pin name. [C:/Users/User/Desktop/codd/normal_nano/normal_nano.srcs/constrs_1/new/Nanoprocessor_Const.xdc:36]
CRITICAL WARNING: [Common 17-69] Command failed: 'W7' is not a valid site or package pin name. [C:/Users/User/Desktop/codd/normal_nano/normal_nano.srcs/constrs_1/new/Nanoprocessor_Const.xdc:43]
CRITICAL WARNING: [Common 17-69] Command failed: 'W6' is not a valid site or package pin name. [C:/Users/User/Desktop/codd/normal_nano/normal_nano.srcs/constrs_1/new/Nanoprocessor_Const.xdc:45]
CRITICAL WARNING: [Common 17-69] Command failed: 'U8' is not a valid site or package pin name. [C:/Users/User/Desktop/codd/normal_nano/normal_nano.srcs/constrs_1/new/Nanoprocessor_Const.xdc:47]
CRITICAL WARNING: [Common 17-69] Command failed: 'V8' is not a valid site or package pin name. [C:/Users/User/Desktop/codd/normal_nano/normal_nano.srcs/constrs_1/new/Nanoprocessor_Const.xdc:49]
CRITICAL WARNING: [Common 17-69] Command failed: 'U5' is not a valid site or package pin name. [C:/Users/User/Desktop/codd/normal_nano/normal_nano.srcs/constrs_1/new/Nanoprocessor_Const.xdc:51]
CRITICAL WARNING: [Common 17-69] Command failed: 'V5' is not a valid site or package pin name. [C:/Users/User/Desktop/codd/normal_nano/normal_nano.srcs/constrs_1/new/Nanoprocessor_Const.xdc:53]
CRITICAL WARNING: [Common 17-69] Command failed: 'U7' is not a valid site or package pin name. [C:/Users/User/Desktop/codd/normal_nano/normal_nano.srcs/constrs_1/new/Nanoprocessor_Const.xdc:55]
CRITICAL WARNING: [Common 17-69] Command failed: 'U2' is not a valid site or package pin name. [C:/Users/User/Desktop/codd/normal_nano/normal_nano.srcs/constrs_1/new/Nanoprocessor_Const.xdc:61]
CRITICAL WARNING: [Common 17-69] Command failed: 'U4' is not a valid site or package pin name. [C:/Users/User/Desktop/codd/normal_nano/normal_nano.srcs/constrs_1/new/Nanoprocessor_Const.xdc:63]
CRITICAL WARNING: [Common 17-69] Command failed: 'V4' is not a valid site or package pin name. [C:/Users/User/Desktop/codd/normal_nano/normal_nano.srcs/constrs_1/new/Nanoprocessor_Const.xdc:65]
CRITICAL WARNING: [Common 17-69] Command failed: 'W4' is not a valid site or package pin name. [C:/Users/User/Desktop/codd/normal_nano/normal_nano.srcs/constrs_1/new/Nanoprocessor_Const.xdc:67]
CRITICAL WARNING: [Common 17-69] Command failed: 'U18' is not a valid site or package pin name. [C:/Users/User/Desktop/codd/normal_nano/normal_nano.srcs/constrs_1/new/Nanoprocessor_Const.xdc:72]
Finished Parsing XDC File [C:/Users/User/Desktop/codd/normal_nano/normal_nano.srcs/constrs_1/new/Nanoprocessor_Const.xdc]
Completed Processing XDC Constraints

Netlist sorting complete. Time (s): cpu = 00:00:00 ; elapsed = 00:00:00 . Memory (MB): peak = 2669.914 ; gain = 0.000
INFO: [Project 1-111] Unisim Transformation Summary:
No Unisim elements were transformed.

RTL Elaboration Complete:  : Time (s): cpu = 00:00:16 ; elapsed = 00:00:11 . Memory (MB): peak = 2878.594 ; gain = 827.668
92 Infos, 4 Warnings, 18 Critical Warnings and 0 Errors encountered.
synth_design completed successfully
synth_design: Time (s): cpu = 00:00:17 ; elapsed = 00:00:12 . Memory (MB): peak = 2878.594 ; gain = 827.668
close_design
launch_simulation
Command: launch_simulation 
INFO: [Vivado 12-25911] Executing simulation for 'XSim' simulator
INFO: [Vivado 12-28535] Process started - Fri May  8 21:55:05 2026

INFO: [Vivado 12-12493] Simulation top is 'NanoProcessor_TB'
INFO: [Vivado 12-5682] Launching behavioral simulation in 'C:/Users/User/Desktop/codd/normal_nano/normal_nano.sim/sim_1/behav/xsim'
INFO: [SIM-utils-51] Simulation object is 'sim_1'
INFO: [SIM-utils-72] Using boost library from 'C:/AMDDesignTools/2025.2/Vivado/tps/boost_1_72_0'
INFO: [SIM-utils-54] Inspecting design source files for 'NanoProcessor_TB' in fileset 'sim_1'...
INFO: [USF-XSim-97] Finding global include files...
INFO: [USF-XSim-98] Fetching design files from 'sim_1'...
INFO: [USF-XSim-2] XSim::Compile design
INFO: [USF-XSim-61] Executing 'COMPILE and ANALYZE' step in 'C:/Users/User/Desktop/codd/normal_nano/normal_nano.sim/sim_1/behav/xsim'
"xvhdl --incr --relax -prj NanoProcessor_TB_vhdl.prj"
INFO: [VRFC 10-163] Analyzing VHDL file "C:/Users/User/Desktop/normal_process/normal_process/normal_process.srcs/sources_1/new/NanoProcessor.vhd" into library xil_defaultlib
INFO: [VRFC 10-3107] analyzing entity 'NanoProcessor'
INFO: [USF-XSim-69] 'compile' step finished in '3' seconds
INFO: [USF-XSim-3] XSim::Elaborate design
INFO: [USF-XSim-61] Executing 'ELABORATE' step in 'C:/Users/User/Desktop/codd/normal_nano/normal_nano.sim/sim_1/behav/xsim'
"xelab --incr --debug typical --relax --mt 2 -L xil_defaultlib -L secureip --snapshot NanoProcessor_TB_behav xil_defaultlib.NanoProcessor_TB -log elaborate.log"
Vivado Simulator v2025.2
Copyright 1986-2022 Xilinx, Inc. All Rights Reserved.
Copyright 2022-2025 Advanced Micro Devices, Inc. All Rights Reserved.
Running: C:/AMDDesignTools/2025.2/Vivado/bin/unwrapped/win64.o/xelab.exe --incr --debug typical --relax --mt 2 -L xil_defaultlib -L secureip --snapshot NanoProcessor_TB_behav xil_defaultlib.NanoProcessor_TB -log elaborate.log 
Using 2 slave threads.
Starting static elaboration
Completed static elaboration
Starting simulation data flow analysis
Completed simulation data flow analysis
Time Resolution for simulation is 1ps
Compiling package std.standard
Compiling package std.textio
Compiling package ieee.std_logic_1164
Compiling package xil_defaultlib.busdefinitions
Compiling package ieee.numeric_std
Compiling package xil_defaultlib.constants
Compiling architecture behavioral of entity xil_defaultlib.Slow_Clk [slow_clk_default]
Compiling architecture behavioral of entity xil_defaultlib.reg_3bit [reg_3bit_default]
Compiling architecture behavioral of entity xil_defaultlib.Program_Counter [program_counter_default]
Compiling architecture behavioral of entity xil_defaultlib.HA [ha_default]
Compiling architecture behavioral of entity xil_defaultlib.FA [fa_default]
Compiling architecture behavioral of entity xil_defaultlib.RCA_3 [rca_3_default]
Compiling architecture behavioral of entity xil_defaultlib.PC_Adder [pc_adder_default]
Compiling architecture behavioral of entity xil_defaultlib.Mux_2way_3bit [mux_2way_3bit_default]
Compiling architecture behavioral of entity xil_defaultlib.Address_Selector [address_selector_default]
Compiling architecture behavioral of entity xil_defaultlib.Program_ROM [program_rom_default]
Compiling architecture behavioral of entity xil_defaultlib.Instruction_Decoder [instruction_decoder_default]
Compiling architecture behavioral of entity xil_defaultlib.Mux_2way_4bit [mux_2way_4bit_default]
Compiling architecture behavioral of entity xil_defaultlib.Load_Selector [load_selector_default]
Compiling architecture behavioral of entity xil_defaultlib.Decoder_2_to_4 [decoder_2_to_4_default]
Compiling architecture behavioral of entity xil_defaultlib.Decoder_3_to_8 [decoder_3_to_8_default]
Compiling architecture behavioral of entity xil_defaultlib.Reg [reg_default]
Compiling architecture behavioral of entity xil_defaultlib.Register_Bank [register_bank_default]
Compiling architecture behavioral of entity xil_defaultlib.Mux_8way_4bit [mux_8way_4bit_default]
Compiling architecture behavioral of entity xil_defaultlib.RegisterData_Multiplexer [registerdata_multiplexer_default]
Compiling architecture behavioral of entity xil_defaultlib.RCA_4 [rca_4_default]
Compiling architecture behavioral of entity xil_defaultlib.Add_Sub_4_bit [add_sub_4_bit_default]
Compiling architecture behavioral of entity xil_defaultlib.LUT_16_7 [lut_16_7_default]
Compiling architecture behavioral of entity xil_defaultlib.NanoProcessor [nanoprocessor_default]
Compiling architecture behavioral of entity xil_defaultlib.nanoprocessor_tb
Built simulation snapshot NanoProcessor_TB_behav
run_program: Time (s): cpu = 00:00:01 ; elapsed = 00:00:06 . Memory (MB): peak = 3606.391 ; gain = 0.000
INFO: [USF-XSim-69] 'elaborate' step finished in '6' seconds
INFO: [USF-XSim-4] XSim::Simulate design
INFO: [USF-XSim-61] Executing 'SIMULATE' step in 'C:/Users/User/Desktop/codd/normal_nano/normal_nano.sim/sim_1/behav/xsim'
INFO: [USF-XSim-98] *** Running xsim
   with args "NanoProcessor_TB_behav -key {Behavioral:sim_1:Functional:NanoProcessor_TB} -tclbatch {NanoProcessor_TB.tcl} -log {simulate.log}"
INFO: [USF-XSim-8] Loading simulator feature
Time resolution is 1 ps
source NanoProcessor_TB.tcl
# set curr_wave [current_wave_config]
# if { [string length $curr_wave] == 0 } {
#   if { [llength [get_objects]] > 0} {
#     add_wave /
#     set_property needs_save false [current_wave_config]
#   } else {
#      send_msg_id Add_Wave-1 WARNING "No top level signals found. Simulator will start without a wave window. If you want to open a wave window go to 'File->New Waveform Configuration' or type 'create_wave_config' in the TCL console."
#   }
# }
# run 1000ns
INFO: [USF-XSim-96] XSim completed. Design snapshot 'NanoProcessor_TB_behav' loaded.
INFO: [USF-XSim-97] XSim simulation ran for 1000ns
launch_simulation: Time (s): cpu = 00:00:05 ; elapsed = 00:00:12 . Memory (MB): peak = 3606.391 ; gain = 0.000
run 1000 ns
close_sim
INFO: [Simtcl 6-16] Simulation closed
set_property top Program_ROM [current_fileset]
WARNING: [filemgmt 56-199] Attempt to get parsing info during refresh. "On-the-fly" syntax checking information may be incorrect. [C:\Users\User\Desktop\normal_process\normal_process\normal_process.srcs\sources_1\new\NanoProcessor.vhd:]
WARNING: [filemgmt 56-199] Attempt to get parsing info during refresh. "On-the-fly" syntax checking information may be incorrect. [C:\Users\User\Desktop\normal_process\normal_process\normal_process.srcs\sim_1\new\NanoProcessor_TB.vhd:]
WARNING: [filemgmt 56-199] Attempt to get parsing info during refresh. "On-the-fly" syntax checking information may be incorrect. [C:\Users\User\Desktop\normal_process\normal_process\normal_process.srcs\sources_1\new\Program_ROM.vhd:]
WARNING: [filemgmt 56-199] Attempt to get parsing info during refresh. "On-the-fly" syntax checking information may be incorrect. [C:\Users\User\Desktop\normal_process\normal_process\normal_process.srcs\sources_1\new\NanoProcessor.vhd:]
WARNING: [filemgmt 56-199] Attempt to get parsing info during refresh. "On-the-fly" syntax checking information may be incorrect. [C:\Users\User\Desktop\normal_process\normal_process\normal_process.srcs\sources_1\new\NanoProcessor.vhd:]
WARNING: [filemgmt 56-199] Attempt to get parsing info during refresh. "On-the-fly" syntax checking information may be incorrect. [C:\Users\User\Desktop\normal_process\normal_process\normal_process.srcs\sources_1\new\NanoProcessor.vhd:]
WARNING: [filemgmt 56-199] Attempt to get parsing info during refresh. "On-the-fly" syntax checking information may be incorrect. [C:\Users\User\Desktop\normal_process\normal_process\normal_process.srcs\sim_1\new\NanoProcessor_TB.vhd:]
WARNING: [filemgmt 56-199] Attempt to get parsing info during refresh. "On-the-fly" syntax checking information may be incorrect. [C:\Users\User\Desktop\normal_process\normal_process\normal_process.srcs\sources_1\new\Program_ROM.vhd:]
WARNING: [filemgmt 56-199] Attempt to get parsing info during refresh. "On-the-fly" syntax checking information may be incorrect. [C:\Users\User\Desktop\normal_process\normal_process\normal_process.srcs\sim_1\new\NanoProcessor_TB.vhd:]
WARNING: [filemgmt 56-199] Attempt to get parsing info during refresh. "On-the-fly" syntax checking information may be incorrect. [C:\Users\User\Desktop\normal_process\normal_process\normal_process.srcs\sim_1\new\NanoProcessor_TB.vhd:]
update_compile_order -fileset sources_1
WARNING: [filemgmt 56-199] Attempt to get parsing info during refresh. "On-the-fly" syntax checking information may be incorrect. [C:\Users\User\Desktop\normal_process\normal_process\normal_process.srcs\sources_1\new\NanoProcessor.vhd:]
WARNING: [filemgmt 56-199] Attempt to get parsing info during refresh. "On-the-fly" syntax checking information may be incorrect. [C:\Users\User\Desktop\normal_process\normal_process\normal_process.srcs\sim_1\new\NanoProcessor_TB.vhd:]
WARNING: [filemgmt 56-199] Attempt to get parsing info during refresh. "On-the-fly" syntax checking information may be incorrect. [C:\Users\User\Desktop\normal_process\normal_process\normal_process.srcs\sources_1\new\Program_ROM.vhd:]
WARNING: [filemgmt 56-199] Attempt to get parsing info during refresh. "On-the-fly" syntax checking information may be incorrect. [C:\Users\User\Desktop\normal_process\normal_process\normal_process.srcs\sources_1\new\NanoProcessor.vhd:]
WARNING: [filemgmt 56-199] Attempt to get parsing info during refresh. "On-the-fly" syntax checking information may be incorrect. [C:\Users\User\Desktop\normal_process\normal_process\normal_process.srcs\sources_1\new\NanoProcessor.vhd:]
WARNING: [filemgmt 56-199] Attempt to get parsing info during refresh. "On-the-fly" syntax checking information may be incorrect. [C:\Users\User\Desktop\normal_process\normal_process\normal_process.srcs\sources_1\new\NanoProcessor.vhd:]
WARNING: [filemgmt 56-199] Attempt to get parsing info during refresh. "On-the-fly" syntax checking information may be incorrect. [C:\Users\User\Desktop\normal_process\normal_process\normal_process.srcs\sim_1\new\NanoProcessor_TB.vhd:]
WARNING: [filemgmt 56-199] Attempt to get parsing info during refresh. "On-the-fly" syntax checking information may be incorrect. [C:\Users\User\Desktop\normal_process\normal_process\normal_process.srcs\sources_1\new\Program_ROM.vhd:]
WARNING: [filemgmt 56-199] Attempt to get parsing info during refresh. "On-the-fly" syntax checking information may be incorrect. [C:\Users\User\Desktop\normal_process\normal_process\normal_process.srcs\sim_1\new\NanoProcessor_TB.vhd:]
WARNING: [filemgmt 56-199] Attempt to get parsing info during refresh. "On-the-fly" syntax checking information may be incorrect. [C:\Users\User\Desktop\normal_process\normal_process\normal_process.srcs\sim_1\new\NanoProcessor_TB.vhd:]
set_property top Program_ROM_TB [get_filesets sim_1]
set_property top_lib xil_defaultlib [get_filesets sim_1]
WARNING: [filemgmt 56-199] Attempt to get parsing info during refresh. "On-the-fly" syntax checking information may be incorrect. [C:\Users\User\Desktop\normal_process\normal_process\normal_process.srcs\sources_1\new\NanoProcessor.vhd:]
WARNING: [filemgmt 56-199] Attempt to get parsing info during refresh. "On-the-fly" syntax checking information may be incorrect. [C:\Users\User\Desktop\normal_process\normal_process\normal_process.srcs\sim_1\new\NanoProcessor_TB.vhd:]
WARNING: [filemgmt 56-199] Attempt to get parsing info during refresh. "On-the-fly" syntax checking information may be incorrect. [C:\Users\User\Desktop\normal_process\normal_process\normal_process.srcs\sources_1\new\Program_ROM.vhd:]
WARNING: [filemgmt 56-199] Attempt to get parsing info during refresh. "On-the-fly" syntax checking information may be incorrect. [C:\Users\User\Desktop\normal_process\normal_process\normal_process.srcs\sources_1\new\NanoProcessor.vhd:]
WARNING: [filemgmt 56-199] Attempt to get parsing info during refresh. "On-the-fly" syntax checking information may be incorrect. [C:\Users\User\Desktop\normal_process\normal_process\normal_process.srcs\sources_1\new\NanoProcessor.vhd:]
WARNING: [filemgmt 56-199] Attempt to get parsing info during refresh. "On-the-fly" syntax checking information may be incorrect. [C:\Users\User\Desktop\normal_process\normal_process\normal_process.srcs\sources_1\new\NanoProcessor.vhd:]
WARNING: [filemgmt 56-199] Attempt to get parsing info during refresh. "On-the-fly" syntax checking information may be incorrect. [C:\Users\User\Desktop\normal_process\normal_process\normal_process.srcs\sim_1\new\NanoProcessor_TB.vhd:]
WARNING: [filemgmt 56-199] Attempt to get parsing info during refresh. "On-the-fly" syntax checking information may be incorrect. [C:\Users\User\Desktop\normal_process\normal_process\normal_process.srcs\sources_1\new\Program_ROM.vhd:]
WARNING: [filemgmt 56-199] Attempt to get parsing info during refresh. "On-the-fly" syntax checking information may be incorrect. [C:\Users\User\Desktop\normal_process\normal_process\normal_process.srcs\sources_1\new\Program_ROM.vhd:]
WARNING: [filemgmt 56-199] Attempt to get parsing info during refresh. "On-the-fly" syntax checking information may be incorrect. [C:\Users\User\Desktop\normal_process\normal_process\normal_process.srcs\sources_1\new\Program_ROM.vhd:]
ERROR: [Common 17-180] Spawn failed: The operation completed successfully.

update_compile_order -fileset sim_1
WARNING: [filemgmt 56-199] Attempt to get parsing info during refresh. "On-the-fly" syntax checking information may be incorrect. [C:\Users\User\Desktop\normal_process\normal_process\normal_process.srcs\sources_1\new\NanoProcessor.vhd:]
WARNING: [filemgmt 56-199] Attempt to get parsing info during refresh. "On-the-fly" syntax checking information may be incorrect. [C:\Users\User\Desktop\normal_process\normal_process\normal_process.srcs\sim_1\new\NanoProcessor_TB.vhd:]
WARNING: [filemgmt 56-199] Attempt to get parsing info during refresh. "On-the-fly" syntax checking information may be incorrect. [C:\Users\User\Desktop\normal_process\normal_process\normal_process.srcs\sources_1\new\Program_ROM.vhd:]
WARNING: [filemgmt 56-199] Attempt to get parsing info during refresh. "On-the-fly" syntax checking information may be incorrect. [C:\Users\User\Desktop\normal_process\normal_process\normal_process.srcs\sources_1\new\NanoProcessor.vhd:]
WARNING: [filemgmt 56-199] Attempt to get parsing info during refresh. "On-the-fly" syntax checking information may be incorrect. [C:\Users\User\Desktop\normal_process\normal_process\normal_process.srcs\sources_1\new\NanoProcessor.vhd:]
WARNING: [filemgmt 56-199] Attempt to get parsing info during refresh. "On-the-fly" syntax checking information may be incorrect. [C:\Users\User\Desktop\normal_process\normal_process\normal_process.srcs\sources_1\new\NanoProcessor.vhd:]
WARNING: [filemgmt 56-199] Attempt to get parsing info during refresh. "On-the-fly" syntax checking information may be incorrect. [C:\Users\User\Desktop\normal_process\normal_process\normal_process.srcs\sim_1\new\NanoProcessor_TB.vhd:]
WARNING: [filemgmt 56-199] Attempt to get parsing info during refresh. "On-the-fly" syntax checking information may be incorrect. [C:\Users\User\Desktop\normal_process\normal_process\normal_process.srcs\sources_1\new\Program_ROM.vhd:]
WARNING: [filemgmt 56-199] Attempt to get parsing info during refresh. "On-the-fly" syntax checking information may be incorrect. [C:\Users\User\Desktop\normal_process\normal_process\normal_process.srcs\sources_1\new\Program_ROM.vhd:]
WARNING: [filemgmt 56-199] Attempt to get parsing info during refresh. "On-the-fly" syntax checking information may be incorrect. [C:\Users\User\Desktop\normal_process\normal_process\normal_process.srcs\sources_1\new\Program_ROM.vhd:]
ERROR: [Common 17-180] Spawn failed: The operation completed successfully.

reset_run synth_1
INFO: [Project 1-1160] Copying file C:/Users/User/Desktop/codd/normal_nano/normal_nano.runs/synth_1/NanoProcessor.dcp to C:/Users/User/Desktop/codd/normal_nano/normal_nano.srcs/utils_1/imports/synth_1 and adding it to utils fileset
WARNING: [filemgmt 56-199] Attempt to get parsing info during refresh. "On-the-fly" syntax checking information may be incorrect. [C:\Users\User\Desktop\normal_process\normal_process\normal_process.srcs\sources_1\new\NanoProcessor.vhd:]
WARNING: [filemgmt 56-199] Attempt to get parsing info during refresh. "On-the-fly" syntax checking information may be incorrect. [C:\Users\User\Desktop\normal_process\normal_process\normal_process.srcs\sim_1\new\NanoProcessor_TB.vhd:]
WARNING: [filemgmt 56-199] Attempt to get parsing info during refresh. "On-the-fly" syntax checking information may be incorrect. [C:\Users\User\Desktop\normal_process\normal_process\normal_process.srcs\sources_1\new\Program_ROM.vhd:]
WARNING: [filemgmt 56-199] Attempt to get parsing info during refresh. "On-the-fly" syntax checking information may be incorrect. [C:\Users\User\Desktop\normal_process\normal_process\normal_process.srcs\sources_1\new\NanoProcessor.vhd:]
WARNING: [filemgmt 56-199] Attempt to get parsing info during refresh. "On-the-fly" syntax checking information may be incorrect. [C:\Users\User\Desktop\normal_process\normal_process\normal_process.srcs\sources_1\new\NanoProcessor.vhd:]
WARNING: [filemgmt 56-199] Attempt to get parsing info during refresh. "On-the-fly" syntax checking information may be incorrect. [C:\Users\User\Desktop\normal_process\normal_process\normal_process.srcs\sources_1\new\NanoProcessor.vhd:]
WARNING: [filemgmt 56-199] Attempt to get parsing info during refresh. "On-the-fly" syntax checking information may be incorrect. [C:\Users\User\Desktop\normal_process\normal_process\normal_process.srcs\sim_1\new\NanoProcessor_TB.vhd:]
WARNING: [filemgmt 56-199] Attempt to get parsing info during refresh. "On-the-fly" syntax checking information may be incorrect. [C:\Users\User\Desktop\normal_process\normal_process\normal_process.srcs\sources_1\new\Program_ROM.vhd:]
WARNING: [filemgmt 56-199] Attempt to get parsing info during refresh. "On-the-fly" syntax checking information may be incorrect. [C:\Users\User\Desktop\normal_process\normal_process\normal_process.srcs\sources_1\new\Program_ROM.vhd:]
WARNING: [filemgmt 56-199] Attempt to get parsing info during refresh. "On-the-fly" syntax checking information may be incorrect. [C:\Users\User\Desktop\normal_process\normal_process\normal_process.srcs\sources_1\new\Program_ROM.vhd:]
launch_runs synth_1 -jobs 8
[Fri May  8 21:57:34 2026] Launched synth_1...
Run output will be captured here: C:/Users/User/Desktop/codd/normal_nano/normal_nano.runs/synth_1/runme.log
launch_runs impl_1 -jobs 8
[Fri May  8 21:58:16 2026] Launched impl_1...
Run output will be captured here: C:/Users/User/Desktop/codd/normal_nano/normal_nano.runs/impl_1/runme.log
synth_design -rtl -rtl_skip_mlo -name rtl_1
Command: synth_design -rtl -rtl_skip_mlo -name rtl_1
Starting synth_design
Using part: xc7s6ftgb196-1
Top: Program_ROM
INFO: [Synth 8-7079] Multithreading enabled for synth_design using a maximum of 2 processes.
---------------------------------------------------------------------------------
Starting RTL Elaboration : Time (s): cpu = 00:00:05 ; elapsed = 00:00:04 . Memory (MB): peak = 3606.391 ; gain = 0.000
---------------------------------------------------------------------------------
INFO: [Synth 8-638] synthesizing module 'Program_ROM' [C:/Users/User/Desktop/normal_process/normal_process/normal_process.srcs/sources_1/new/Program_ROM.vhd:13]
INFO: [Synth 8-256] done synthesizing module 'Program_ROM' (0#1) [C:/Users/User/Desktop/normal_process/normal_process/normal_process.srcs/sources_1/new/Program_ROM.vhd:13]
---------------------------------------------------------------------------------
Finished RTL Elaboration : Time (s): cpu = 00:00:06 ; elapsed = 00:00:05 . Memory (MB): peak = 3606.391 ; gain = 0.000
---------------------------------------------------------------------------------
---------------------------------------------------------------------------------
Start Handling Custom Attributes
---------------------------------------------------------------------------------
---------------------------------------------------------------------------------
Finished Handling Custom Attributes : Time (s): cpu = 00:00:06 ; elapsed = 00:00:05 . Memory (MB): peak = 3606.391 ; gain = 0.000
---------------------------------------------------------------------------------
---------------------------------------------------------------------------------
Finished RTL Optimization Phase 1 : Time (s): cpu = 00:00:06 ; elapsed = 00:00:05 . Memory (MB): peak = 3606.391 ; gain = 0.000
---------------------------------------------------------------------------------
Netlist sorting complete. Time (s): cpu = 00:00:00 ; elapsed = 00:00:00.001 . Memory (MB): peak = 3606.391 ; gain = 0.000
INFO: [Project 1-570] Preparing netlist for logic optimization

Processing XDC Constraints
Initializing timing engine
Parsing XDC File [C:/Users/User/Desktop/codd/normal_nano/normal_nano.srcs/constrs_1/new/Nanoprocessor_Const.xdc]
WARNING: [Vivado 12-584] No ports matched 'Clock'. [C:/Users/User/Desktop/codd/normal_nano/normal_nano.srcs/constrs_1/new/Nanoprocessor_Const.xdc:2]
CRITICAL WARNING: [Common 17-55] 'set_property' expects at least one object. [C:/Users/User/Desktop/codd/normal_nano/normal_nano.srcs/constrs_1/new/Nanoprocessor_Const.xdc:2]
Resolution: If [get_<value>] was used to populate the object, check to make sure this command returns at least one valid object.
WARNING: [Vivado 12-584] No ports matched 'Clock'. [C:/Users/User/Desktop/codd/normal_nano/normal_nano.srcs/constrs_1/new/Nanoprocessor_Const.xdc:3]
CRITICAL WARNING: [Common 17-55] 'set_property' expects at least one object. [C:/Users/User/Desktop/codd/normal_nano/normal_nano.srcs/constrs_1/new/Nanoprocessor_Const.xdc:3]
Resolution: If [get_<value>] was used to populate the object, check to make sure this command returns at least one valid object.
WARNING: [Vivado 12-584] No ports matched 'Clock'. [C:/Users/User/Desktop/codd/normal_nano/normal_nano.srcs/constrs_1/new/Nanoprocessor_Const.xdc:4]
CRITICAL WARNING: [Vivado 12-4739] create_clock:No valid object(s) found for '-objects [get_ports Clock]'. [C:/Users/User/Desktop/codd/normal_nano/normal_nano.srcs/constrs_1/new/Nanoprocessor_Const.xdc:4]
Resolution: Check if the specified object(s) exists in the current design. If it does, ensure that the correct design hierarchy was specified for the object. If you are working with clocks, make sure create_clock was used to create the clock object before it is referenced.
WARNING: [Vivado 12-584] No ports matched 'Data[0]'. [C:/Users/User/Desktop/codd/normal_nano/normal_nano.srcs/constrs_1/new/Nanoprocessor_Const.xdc:8]
CRITICAL WARNING: [Common 17-55] 'set_property' expects at least one object. [C:/Users/User/Desktop/codd/normal_nano/normal_nano.srcs/constrs_1/new/Nanoprocessor_Const.xdc:8]
Resolution: If [get_<value>] was used to populate the object, check to make sure this command returns at least one valid object.
WARNING: [Vivado 12-584] No ports matched 'Data[0]'. [C:/Users/User/Desktop/codd/normal_nano/normal_nano.srcs/constrs_1/new/Nanoprocessor_Const.xdc:9]
CRITICAL WARNING: [Common 17-55] 'set_property' expects at least one object. [C:/Users/User/Desktop/codd/normal_nano/normal_nano.srcs/constrs_1/new/Nanoprocessor_Const.xdc:9]
Resolution: If [get_<value>] was used to populate the object, check to make sure this command returns at least one valid object.
WARNING: [Vivado 12-584] No ports matched 'Data[1]'. [C:/Users/User/Desktop/codd/normal_nano/normal_nano.srcs/constrs_1/new/Nanoprocessor_Const.xdc:10]
CRITICAL WARNING: [Common 17-55] 'set_property' expects at least one object. [C:/Users/User/Desktop/codd/normal_nano/normal_nano.srcs/constrs_1/new/Nanoprocessor_Const.xdc:10]
Resolution: If [get_<value>] was used to populate the object, check to make sure this command returns at least one valid object.
WARNING: [Vivado 12-584] No ports matched 'Data[1]'. [C:/Users/User/Desktop/codd/normal_nano/normal_nano.srcs/constrs_1/new/Nanoprocessor_Const.xdc:11]
CRITICAL WARNING: [Common 17-55] 'set_property' expects at least one object. [C:/Users/User/Desktop/codd/normal_nano/normal_nano.srcs/constrs_1/new/Nanoprocessor_Const.xdc:11]
Resolution: If [get_<value>] was used to populate the object, check to make sure this command returns at least one valid object.
WARNING: [Vivado 12-584] No ports matched 'Data[2]'. [C:/Users/User/Desktop/codd/normal_nano/normal_nano.srcs/constrs_1/new/Nanoprocessor_Const.xdc:12]
CRITICAL WARNING: [Common 17-55] 'set_property' expects at least one object. [C:/Users/User/Desktop/codd/normal_nano/normal_nano.srcs/constrs_1/new/Nanoprocessor_Const.xdc:12]
Resolution: If [get_<value>] was used to populate the object, check to make sure this command returns at least one valid object.
WARNING: [Vivado 12-584] No ports matched 'Data[2]'. [C:/Users/User/Desktop/codd/normal_nano/normal_nano.srcs/constrs_1/new/Nanoprocessor_Const.xdc:13]
CRITICAL WARNING: [Common 17-55] 'set_property' expects at least one object. [C:/Users/User/Desktop/codd/normal_nano/normal_nano.srcs/constrs_1/new/Nanoprocessor_Const.xdc:13]
Resolution: If [get_<value>] was used to populate the object, check to make sure this command returns at least one valid object.
WARNING: [Vivado 12-584] No ports matched 'Data[3]'. [C:/Users/User/Desktop/codd/normal_nano/normal_nano.srcs/constrs_1/new/Nanoprocessor_Const.xdc:14]
CRITICAL WARNING: [Common 17-55] 'set_property' expects at least one object. [C:/Users/User/Desktop/codd/normal_nano/normal_nano.srcs/constrs_1/new/Nanoprocessor_Const.xdc:14]
Resolution: If [get_<value>] was used to populate the object, check to make sure this command returns at least one valid object.
WARNING: [Vivado 12-584] No ports matched 'Data[3]'. [C:/Users/User/Desktop/codd/normal_nano/normal_nano.srcs/constrs_1/new/Nanoprocessor_Const.xdc:15]
CRITICAL WARNING: [Common 17-55] 'set_property' expects at least one object. [C:/Users/User/Desktop/codd/normal_nano/normal_nano.srcs/constrs_1/new/Nanoprocessor_Const.xdc:15]
Resolution: If [get_<value>] was used to populate the object, check to make sure this command returns at least one valid object.
WARNING: [Vivado 12-584] No ports matched 'Zero'. [C:/Users/User/Desktop/codd/normal_nano/normal_nano.srcs/constrs_1/new/Nanoprocessor_Const.xdc:36]
CRITICAL WARNING: [Common 17-55] 'set_property' expects at least one object. [C:/Users/User/Desktop/codd/normal_nano/normal_nano.srcs/constrs_1/new/Nanoprocessor_Const.xdc:36]
Resolution: If [get_<value>] was used to populate the object, check to make sure this command returns at least one valid object.
WARNING: [Vivado 12-584] No ports matched 'Zero'. [C:/Users/User/Desktop/codd/normal_nano/normal_nano.srcs/constrs_1/new/Nanoprocessor_Const.xdc:37]
CRITICAL WARNING: [Common 17-55] 'set_property' expects at least one object. [C:/Users/User/Desktop/codd/normal_nano/normal_nano.srcs/constrs_1/new/Nanoprocessor_Const.xdc:37]
Resolution: If [get_<value>] was used to populate the object, check to make sure this command returns at least one valid object.
WARNING: [Vivado 12-584] No ports matched 'Overflow'. [C:/Users/User/Desktop/codd/normal_nano/normal_nano.srcs/constrs_1/new/Nanoprocessor_Const.xdc:38]
CRITICAL WARNING: [Common 17-55] 'set_property' expects at least one object. [C:/Users/User/Desktop/codd/normal_nano/normal_nano.srcs/constrs_1/new/Nanoprocessor_Const.xdc:38]
Resolution: If [get_<value>] was used to populate the object, check to make sure this command returns at least one valid object.
WARNING: [Vivado 12-584] No ports matched 'Overflow'. [C:/Users/User/Desktop/codd/normal_nano/normal_nano.srcs/constrs_1/new/Nanoprocessor_Const.xdc:39]
CRITICAL WARNING: [Common 17-55] 'set_property' expects at least one object. [C:/Users/User/Desktop/codd/normal_nano/normal_nano.srcs/constrs_1/new/Nanoprocessor_Const.xdc:39]
Resolution: If [get_<value>] was used to populate the object, check to make sure this command returns at least one valid object.
WARNING: [Vivado 12-584] No ports matched 'S_7Seg[0]'. [C:/Users/User/Desktop/codd/normal_nano/normal_nano.srcs/constrs_1/new/Nanoprocessor_Const.xdc:43]
CRITICAL WARNING: [Common 17-55] 'set_property' expects at least one object. [C:/Users/User/Desktop/codd/normal_nano/normal_nano.srcs/constrs_1/new/Nanoprocessor_Const.xdc:43]
Resolution: If [get_<value>] was used to populate the object, check to make sure this command returns at least one valid object.
WARNING: [Vivado 12-584] No ports matched 'S_7Seg[0]'. [C:/Users/User/Desktop/codd/normal_nano/normal_nano.srcs/constrs_1/new/Nanoprocessor_Const.xdc:44]
CRITICAL WARNING: [Common 17-55] 'set_property' expects at least one object. [C:/Users/User/Desktop/codd/normal_nano/normal_nano.srcs/constrs_1/new/Nanoprocessor_Const.xdc:44]
Resolution: If [get_<value>] was used to populate the object, check to make sure this command returns at least one valid object.
WARNING: [Vivado 12-584] No ports matched 'S_7Seg[1]'. [C:/Users/User/Desktop/codd/normal_nano/normal_nano.srcs/constrs_1/new/Nanoprocessor_Const.xdc:45]
CRITICAL WARNING: [Common 17-55] 'set_property' expects at least one object. [C:/Users/User/Desktop/codd/normal_nano/normal_nano.srcs/constrs_1/new/Nanoprocessor_Const.xdc:45]
Resolution: If [get_<value>] was used to populate the object, check to make sure this command returns at least one valid object.
WARNING: [Vivado 12-584] No ports matched 'S_7Seg[1]'. [C:/Users/User/Desktop/codd/normal_nano/normal_nano.srcs/constrs_1/new/Nanoprocessor_Const.xdc:46]
CRITICAL WARNING: [Common 17-55] 'set_property' expects at least one object. [C:/Users/User/Desktop/codd/normal_nano/normal_nano.srcs/constrs_1/new/Nanoprocessor_Const.xdc:46]
Resolution: If [get_<value>] was used to populate the object, check to make sure this command returns at least one valid object.
WARNING: [Vivado 12-584] No ports matched 'S_7Seg[2]'. [C:/Users/User/Desktop/codd/normal_nano/normal_nano.srcs/constrs_1/new/Nanoprocessor_Const.xdc:47]
CRITICAL WARNING: [Common 17-55] 'set_property' expects at least one object. [C:/Users/User/Desktop/codd/normal_nano/normal_nano.srcs/constrs_1/new/Nanoprocessor_Const.xdc:47]
Resolution: If [get_<value>] was used to populate the object, check to make sure this command returns at least one valid object.
WARNING: [Vivado 12-584] No ports matched 'S_7Seg[2]'. [C:/Users/User/Desktop/codd/normal_nano/normal_nano.srcs/constrs_1/new/Nanoprocessor_Const.xdc:48]
CRITICAL WARNING: [Common 17-55] 'set_property' expects at least one object. [C:/Users/User/Desktop/codd/normal_nano/normal_nano.srcs/constrs_1/new/Nanoprocessor_Const.xdc:48]
Resolution: If [get_<value>] was used to populate the object, check to make sure this command returns at least one valid object.
WARNING: [Vivado 12-584] No ports matched 'S_7Seg[3]'. [C:/Users/User/Desktop/codd/normal_nano/normal_nano.srcs/constrs_1/new/Nanoprocessor_Const.xdc:49]
CRITICAL WARNING: [Common 17-55] 'set_property' expects at least one object. [C:/Users/User/Desktop/codd/normal_nano/normal_nano.srcs/constrs_1/new/Nanoprocessor_Const.xdc:49]
Resolution: If [get_<value>] was used to populate the object, check to make sure this command returns at least one valid object.
WARNING: [Vivado 12-584] No ports matched 'S_7Seg[3]'. [C:/Users/User/Desktop/codd/normal_nano/normal_nano.srcs/constrs_1/new/Nanoprocessor_Const.xdc:50]
CRITICAL WARNING: [Common 17-55] 'set_property' expects at least one object. [C:/Users/User/Desktop/codd/normal_nano/normal_nano.srcs/constrs_1/new/Nanoprocessor_Const.xdc:50]
Resolution: If [get_<value>] was used to populate the object, check to make sure this command returns at least one valid object.
WARNING: [Vivado 12-584] No ports matched 'S_7Seg[4]'. [C:/Users/User/Desktop/codd/normal_nano/normal_nano.srcs/constrs_1/new/Nanoprocessor_Const.xdc:51]
CRITICAL WARNING: [Common 17-55] 'set_property' expects at least one object. [C:/Users/User/Desktop/codd/normal_nano/normal_nano.srcs/constrs_1/new/Nanoprocessor_Const.xdc:51]
Resolution: If [get_<value>] was used to populate the object, check to make sure this command returns at least one valid object.
WARNING: [Vivado 12-584] No ports matched 'S_7Seg[4]'. [C:/Users/User/Desktop/codd/normal_nano/normal_nano.srcs/constrs_1/new/Nanoprocessor_Const.xdc:52]
CRITICAL WARNING: [Common 17-55] 'set_property' expects at least one object. [C:/Users/User/Desktop/codd/normal_nano/normal_nano.srcs/constrs_1/new/Nanoprocessor_Const.xdc:52]
Resolution: If [get_<value>] was used to populate the object, check to make sure this command returns at least one valid object.
WARNING: [Vivado 12-584] No ports matched 'S_7Seg[5]'. [C:/Users/User/Desktop/codd/normal_nano/normal_nano.srcs/constrs_1/new/Nanoprocessor_Const.xdc:53]
CRITICAL WARNING: [Common 17-55] 'set_property' expects at least one object. [C:/Users/User/Desktop/codd/normal_nano/normal_nano.srcs/constrs_1/new/Nanoprocessor_Const.xdc:53]
Resolution: If [get_<value>] was used to populate the object, check to make sure this command returns at least one valid object.
WARNING: [Vivado 12-584] No ports matched 'S_7Seg[5]'. [C:/Users/User/Desktop/codd/normal_nano/normal_nano.srcs/constrs_1/new/Nanoprocessor_Const.xdc:54]
CRITICAL WARNING: [Common 17-55] 'set_property' expects at least one object. [C:/Users/User/Desktop/codd/normal_nano/normal_nano.srcs/constrs_1/new/Nanoprocessor_Const.xdc:54]
Resolution: If [get_<value>] was used to populate the object, check to make sure this command returns at least one valid object.
WARNING: [Vivado 12-584] No ports matched 'S_7Seg[6]'. [C:/Users/User/Desktop/codd/normal_nano/normal_nano.srcs/constrs_1/new/Nanoprocessor_Const.xdc:55]
CRITICAL WARNING: [Common 17-55] 'set_property' expects at least one object. [C:/Users/User/Desktop/codd/normal_nano/normal_nano.srcs/constrs_1/new/Nanoprocessor_Const.xdc:55]
Resolution: If [get_<value>] was used to populate the object, check to make sure this command returns at least one valid object.
WARNING: [Vivado 12-584] No ports matched 'S_7Seg[6]'. [C:/Users/User/Desktop/codd/normal_nano/normal_nano.srcs/constrs_1/new/Nanoprocessor_Const.xdc:56]
CRITICAL WARNING: [Common 17-55] 'set_property' expects at least one object. [C:/Users/User/Desktop/codd/normal_nano/normal_nano.srcs/constrs_1/new/Nanoprocessor_Const.xdc:56]
Resolution: If [get_<value>] was used to populate the object, check to make sure this command returns at least one valid object.
WARNING: [Vivado 12-584] No ports matched 'anode[0]'. [C:/Users/User/Desktop/codd/normal_nano/normal_nano.srcs/constrs_1/new/Nanoprocessor_Const.xdc:61]
CRITICAL WARNING: [Common 17-55] 'set_property' expects at least one object. [C:/Users/User/Desktop/codd/normal_nano/normal_nano.srcs/constrs_1/new/Nanoprocessor_Const.xdc:61]
Resolution: If [get_<value>] was used to populate the object, check to make sure this command returns at least one valid object.
WARNING: [Vivado 12-584] No ports matched 'anode[0]'. [C:/Users/User/Desktop/codd/normal_nano/normal_nano.srcs/constrs_1/new/Nanoprocessor_Const.xdc:62]
CRITICAL WARNING: [Common 17-55] 'set_property' expects at least one object. [C:/Users/User/Desktop/codd/normal_nano/normal_nano.srcs/constrs_1/new/Nanoprocessor_Const.xdc:62]
Resolution: If [get_<value>] was used to populate the object, check to make sure this command returns at least one valid object.
WARNING: [Vivado 12-584] No ports matched 'anode[1]'. [C:/Users/User/Desktop/codd/normal_nano/normal_nano.srcs/constrs_1/new/Nanoprocessor_Const.xdc:63]
CRITICAL WARNING: [Common 17-55] 'set_property' expects at least one object. [C:/Users/User/Desktop/codd/normal_nano/normal_nano.srcs/constrs_1/new/Nanoprocessor_Const.xdc:63]
Resolution: If [get_<value>] was used to populate the object, check to make sure this command returns at least one valid object.
WARNING: [Vivado 12-584] No ports matched 'anode[1]'. [C:/Users/User/Desktop/codd/normal_nano/normal_nano.srcs/constrs_1/new/Nanoprocessor_Const.xdc:64]
CRITICAL WARNING: [Common 17-55] 'set_property' expects at least one object. [C:/Users/User/Desktop/codd/normal_nano/normal_nano.srcs/constrs_1/new/Nanoprocessor_Const.xdc:64]
Resolution: If [get_<value>] was used to populate the object, check to make sure this command returns at least one valid object.
WARNING: [Vivado 12-584] No ports matched 'anode[2]'. [C:/Users/User/Desktop/codd/normal_nano/normal_nano.srcs/constrs_1/new/Nanoprocessor_Const.xdc:65]
CRITICAL WARNING: [Common 17-55] 'set_property' expects at least one object. [C:/Users/User/Desktop/codd/normal_nano/normal_nano.srcs/constrs_1/new/Nanoprocessor_Const.xdc:65]
Resolution: If [get_<value>] was used to populate the object, check to make sure this command returns at least one valid object.
WARNING: [Vivado 12-584] No ports matched 'anode[2]'. [C:/Users/User/Desktop/codd/normal_nano/normal_nano.srcs/constrs_1/new/Nanoprocessor_Const.xdc:66]
CRITICAL WARNING: [Common 17-55] 'set_property' expects at least one object. [C:/Users/User/Desktop/codd/normal_nano/normal_nano.srcs/constrs_1/new/Nanoprocessor_Const.xdc:66]
Resolution: If [get_<value>] was used to populate the object, check to make sure this command returns at least one valid object.
WARNING: [Vivado 12-584] No ports matched 'anode[3]'. [C:/Users/User/Desktop/codd/normal_nano/normal_nano.srcs/constrs_1/new/Nanoprocessor_Const.xdc:67]
CRITICAL WARNING: [Common 17-55] 'set_property' expects at least one object. [C:/Users/User/Desktop/codd/normal_nano/normal_nano.srcs/constrs_1/new/Nanoprocessor_Const.xdc:67]
Resolution: If [get_<value>] was used to populate the object, check to make sure this command returns at least one valid object.
WARNING: [Vivado 12-584] No ports matched 'anode[3]'. [C:/Users/User/Desktop/codd/normal_nano/normal_nano.srcs/constrs_1/new/Nanoprocessor_Const.xdc:68]
CRITICAL WARNING: [Common 17-55] 'set_property' expects at least one object. [C:/Users/User/Desktop/codd/normal_nano/normal_nano.srcs/constrs_1/new/Nanoprocessor_Const.xdc:68]
Resolution: If [get_<value>] was used to populate the object, check to make sure this command returns at least one valid object.
WARNING: [Vivado 12-584] No ports matched 'Reset'. [C:/Users/User/Desktop/codd/normal_nano/normal_nano.srcs/constrs_1/new/Nanoprocessor_Const.xdc:72]
CRITICAL WARNING: [Common 17-55] 'set_property' expects at least one object. [C:/Users/User/Desktop/codd/normal_nano/normal_nano.srcs/constrs_1/new/Nanoprocessor_Const.xdc:72]
Resolution: If [get_<value>] was used to populate the object, check to make sure this command returns at least one valid object.
WARNING: [Vivado 12-584] No ports matched 'Reset'. [C:/Users/User/Desktop/codd/normal_nano/normal_nano.srcs/constrs_1/new/Nanoprocessor_Const.xdc:73]
CRITICAL WARNING: [Common 17-55] 'set_property' expects at least one object. [C:/Users/User/Desktop/codd/normal_nano/normal_nano.srcs/constrs_1/new/Nanoprocessor_Const.xdc:73]
Resolution: If [get_<value>] was used to populate the object, check to make sure this command returns at least one valid object.
Finished Parsing XDC File [C:/Users/User/Desktop/codd/normal_nano/normal_nano.srcs/constrs_1/new/Nanoprocessor_Const.xdc]
Completed Processing XDC Constraints

Netlist sorting complete. Time (s): cpu = 00:00:00 ; elapsed = 00:00:00 . Memory (MB): peak = 3606.391 ; gain = 0.000
INFO: [Project 1-111] Unisim Transformation Summary:
No Unisim elements were transformed.

RTL Elaboration Complete:  : Time (s): cpu = 00:00:10 ; elapsed = 00:00:07 . Memory (MB): peak = 3606.391 ; gain = 0.000
5 Infos, 39 Warnings, 39 Critical Warnings and 0 Errors encountered.
synth_design completed successfully
synth_design: Time (s): cpu = 00:00:10 ; elapsed = 00:00:07 . Memory (MB): peak = 3606.391 ; gain = 0.000
launch_simulation
Command: launch_simulation 
INFO: [Vivado 12-25911] Executing simulation for 'XSim' simulator
INFO: [Vivado 12-28535] Process started - Fri May  8 22:00:40 2026

INFO: [Vivado 12-12493] Simulation top is 'Program_ROM_TB'
INFO: [Vivado 12-5682] Launching behavioral simulation in 'C:/Users/User/Desktop/codd/normal_nano/normal_nano.sim/sim_1/behav/xsim'
INFO: [SIM-utils-51] Simulation object is 'sim_1'
INFO: [SIM-utils-72] Using boost library from 'C:/AMDDesignTools/2025.2/Vivado/tps/boost_1_72_0'
INFO: [SIM-utils-54] Inspecting design source files for 'Program_ROM_TB' in fileset 'sim_1'...
INFO: [USF-XSim-97] Finding global include files...
INFO: [USF-XSim-98] Fetching design files from 'sim_1'...
INFO: [USF-XSim-2] XSim::Compile design
INFO: [USF-XSim-61] Executing 'COMPILE and ANALYZE' step in 'C:/Users/User/Desktop/codd/normal_nano/normal_nano.sim/sim_1/behav/xsim'
"xvhdl --incr --relax -prj Program_ROM_TB_vhdl.prj"
INFO: [VRFC 10-163] Analyzing VHDL file "C:/Users/User/Desktop/normal_process/normal_process/normal_process.srcs/sim_1/new/Program_ROM_TB.vhd" into library xil_defaultlib
INFO: [VRFC 10-3107] analyzing entity 'Program_ROM_TB'
INFO: [USF-XSim-69] 'compile' step finished in '1' seconds
INFO: [USF-XSim-3] XSim::Elaborate design
INFO: [USF-XSim-61] Executing 'ELABORATE' step in 'C:/Users/User/Desktop/codd/normal_nano/normal_nano.sim/sim_1/behav/xsim'
"xelab --incr --debug typical --relax --mt 2 -L xil_defaultlib -L secureip --snapshot Program_ROM_TB_behav xil_defaultlib.Program_ROM_TB -log elaborate.log"
Vivado Simulator v2025.2
Copyright 1986-2022 Xilinx, Inc. All Rights Reserved.
Copyright 2022-2025 Advanced Micro Devices, Inc. All Rights Reserved.
Running: C:/AMDDesignTools/2025.2/Vivado/bin/unwrapped/win64.o/xelab.exe --incr --debug typical --relax --mt 2 -L xil_defaultlib -L secureip --snapshot Program_ROM_TB_behav xil_defaultlib.Program_ROM_TB -log elaborate.log 
Using 2 slave threads.
Starting static elaboration
Completed static elaboration
Starting simulation data flow analysis
Completed simulation data flow analysis
Time Resolution for simulation is 1ps
Compiling package std.standard
Compiling package std.textio
Compiling package ieee.std_logic_1164
Compiling package ieee.numeric_std
Compiling package xil_defaultlib.busdefinitions
Compiling package xil_defaultlib.constants
Compiling architecture behavioral of entity xil_defaultlib.Program_ROM [program_rom_default]
Compiling architecture behavioral of entity xil_defaultlib.program_rom_tb
Built simulation snapshot Program_ROM_TB_behav
INFO: [USF-XSim-69] 'elaborate' step finished in '2' seconds
INFO: [USF-XSim-4] XSim::Simulate design
INFO: [USF-XSim-61] Executing 'SIMULATE' step in 'C:/Users/User/Desktop/codd/normal_nano/normal_nano.sim/sim_1/behav/xsim'
INFO: [USF-XSim-98] *** Running xsim
   with args "Program_ROM_TB_behav -key {Behavioral:sim_1:Functional:Program_ROM_TB} -tclbatch {Program_ROM_TB.tcl} -log {simulate.log}"
INFO: [USF-XSim-8] Loading simulator feature
Time resolution is 1 ps
source Program_ROM_TB.tcl
# set curr_wave [current_wave_config]
# if { [string length $curr_wave] == 0 } {
#   if { [llength [get_objects]] > 0} {
#     add_wave /
#     set_property needs_save false [current_wave_config]
#   } else {
#      send_msg_id Add_Wave-1 WARNING "No top level signals found. Simulator will start without a wave window. If you want to open a wave window go to 'File->New Waveform Configuration' or type 'create_wave_config' in the TCL console."
#   }
# }
# run 1000ns
INFO: [USF-XSim-96] XSim completed. Design snapshot 'Program_ROM_TB_behav' loaded.
INFO: [USF-XSim-97] XSim simulation ran for 1000ns
launch_simulation: Time (s): cpu = 00:00:03 ; elapsed = 00:00:05 . Memory (MB): peak = 3606.391 ; gain = 0.000
close_sim
INFO: [Simtcl 6-16] Simulation closed
close_design
set_property top Instruction_Decoder [current_fileset]
update_compile_order -fileset sources_1
set_property top Instruction_Decoder_TB [get_filesets sim_1]
set_property top_lib xil_defaultlib [get_filesets sim_1]
update_compile_order -fileset sim_1
synth_design -rtl -rtl_skip_mlo -name rtl_1
Command: synth_design -rtl -rtl_skip_mlo -name rtl_1
Starting synth_design
Using part: xc7s6ftgb196-1
Top: Instruction_Decoder
INFO: [Synth 8-7079] Multithreading enabled for synth_design using a maximum of 2 processes.
---------------------------------------------------------------------------------
Starting RTL Elaboration : Time (s): cpu = 00:00:05 ; elapsed = 00:00:04 . Memory (MB): peak = 4590.578 ; gain = 0.000
---------------------------------------------------------------------------------
INFO: [Synth 8-638] synthesizing module 'Instruction_Decoder' [C:/Users/User/Desktop/normal_process/normal_process/normal_process.srcs/sources_1/new/Instruction_Decoder.vhd:21]
INFO: [Synth 8-226] default block is never used [C:/Users/User/Desktop/normal_process/normal_process/normal_process.srcs/sources_1/new/Instruction_Decoder.vhd:38]
INFO: [Synth 8-256] done synthesizing module 'Instruction_Decoder' (0#1) [C:/Users/User/Desktop/normal_process/normal_process/normal_process.srcs/sources_1/new/Instruction_Decoder.vhd:21]
---------------------------------------------------------------------------------
Finished RTL Elaboration : Time (s): cpu = 00:00:06 ; elapsed = 00:00:05 . Memory (MB): peak = 4590.578 ; gain = 0.000
---------------------------------------------------------------------------------
---------------------------------------------------------------------------------
Start Handling Custom Attributes
---------------------------------------------------------------------------------
---------------------------------------------------------------------------------
Finished Handling Custom Attributes : Time (s): cpu = 00:00:06 ; elapsed = 00:00:05 . Memory (MB): peak = 4590.578 ; gain = 0.000
---------------------------------------------------------------------------------
---------------------------------------------------------------------------------
Finished RTL Optimization Phase 1 : Time (s): cpu = 00:00:06 ; elapsed = 00:00:05 . Memory (MB): peak = 4590.578 ; gain = 0.000
---------------------------------------------------------------------------------
Netlist sorting complete. Time (s): cpu = 00:00:00 ; elapsed = 00:00:00 . Memory (MB): peak = 4590.578 ; gain = 0.000
INFO: [Project 1-570] Preparing netlist for logic optimization

Processing XDC Constraints
Initializing timing engine
Parsing XDC File [C:/Users/User/Desktop/codd/normal_nano/normal_nano.srcs/constrs_1/new/Nanoprocessor_Const.xdc]
WARNING: [Vivado 12-584] No ports matched 'Clock'. [C:/Users/User/Desktop/codd/normal_nano/normal_nano.srcs/constrs_1/new/Nanoprocessor_Const.xdc:2]
CRITICAL WARNING: [Common 17-55] 'set_property' expects at least one object. [C:/Users/User/Desktop/codd/normal_nano/normal_nano.srcs/constrs_1/new/Nanoprocessor_Const.xdc:2]
Resolution: If [get_<value>] was used to populate the object, check to make sure this command returns at least one valid object.
WARNING: [Vivado 12-584] No ports matched 'Clock'. [C:/Users/User/Desktop/codd/normal_nano/normal_nano.srcs/constrs_1/new/Nanoprocessor_Const.xdc:3]
CRITICAL WARNING: [Common 17-55] 'set_property' expects at least one object. [C:/Users/User/Desktop/codd/normal_nano/normal_nano.srcs/constrs_1/new/Nanoprocessor_Const.xdc:3]
Resolution: If [get_<value>] was used to populate the object, check to make sure this command returns at least one valid object.
WARNING: [Vivado 12-584] No ports matched 'Clock'. [C:/Users/User/Desktop/codd/normal_nano/normal_nano.srcs/constrs_1/new/Nanoprocessor_Const.xdc:4]
CRITICAL WARNING: [Vivado 12-4739] create_clock:No valid object(s) found for '-objects [get_ports Clock]'. [C:/Users/User/Desktop/codd/normal_nano/normal_nano.srcs/constrs_1/new/Nanoprocessor_Const.xdc:4]
Resolution: Check if the specified object(s) exists in the current design. If it does, ensure that the correct design hierarchy was specified for the object. If you are working with clocks, make sure create_clock was used to create the clock object before it is referenced.
WARNING: [Vivado 12-584] No ports matched 'Data[0]'. [C:/Users/User/Desktop/codd/normal_nano/normal_nano.srcs/constrs_1/new/Nanoprocessor_Const.xdc:8]
CRITICAL WARNING: [Common 17-55] 'set_property' expects at least one object. [C:/Users/User/Desktop/codd/normal_nano/normal_nano.srcs/constrs_1/new/Nanoprocessor_Const.xdc:8]
Resolution: If [get_<value>] was used to populate the object, check to make sure this command returns at least one valid object.
WARNING: [Vivado 12-584] No ports matched 'Data[0]'. [C:/Users/User/Desktop/codd/normal_nano/normal_nano.srcs/constrs_1/new/Nanoprocessor_Const.xdc:9]
CRITICAL WARNING: [Common 17-55] 'set_property' expects at least one object. [C:/Users/User/Desktop/codd/normal_nano/normal_nano.srcs/constrs_1/new/Nanoprocessor_Const.xdc:9]
Resolution: If [get_<value>] was used to populate the object, check to make sure this command returns at least one valid object.
WARNING: [Vivado 12-584] No ports matched 'Data[1]'. [C:/Users/User/Desktop/codd/normal_nano/normal_nano.srcs/constrs_1/new/Nanoprocessor_Const.xdc:10]
CRITICAL WARNING: [Common 17-55] 'set_property' expects at least one object. [C:/Users/User/Desktop/codd/normal_nano/normal_nano.srcs/constrs_1/new/Nanoprocessor_Const.xdc:10]
Resolution: If [get_<value>] was used to populate the object, check to make sure this command returns at least one valid object.
WARNING: [Vivado 12-584] No ports matched 'Data[1]'. [C:/Users/User/Desktop/codd/normal_nano/normal_nano.srcs/constrs_1/new/Nanoprocessor_Const.xdc:11]
CRITICAL WARNING: [Common 17-55] 'set_property' expects at least one object. [C:/Users/User/Desktop/codd/normal_nano/normal_nano.srcs/constrs_1/new/Nanoprocessor_Const.xdc:11]
Resolution: If [get_<value>] was used to populate the object, check to make sure this command returns at least one valid object.
WARNING: [Vivado 12-584] No ports matched 'Data[2]'. [C:/Users/User/Desktop/codd/normal_nano/normal_nano.srcs/constrs_1/new/Nanoprocessor_Const.xdc:12]
CRITICAL WARNING: [Common 17-55] 'set_property' expects at least one object. [C:/Users/User/Desktop/codd/normal_nano/normal_nano.srcs/constrs_1/new/Nanoprocessor_Const.xdc:12]
Resolution: If [get_<value>] was used to populate the object, check to make sure this command returns at least one valid object.
WARNING: [Vivado 12-584] No ports matched 'Data[2]'. [C:/Users/User/Desktop/codd/normal_nano/normal_nano.srcs/constrs_1/new/Nanoprocessor_Const.xdc:13]
CRITICAL WARNING: [Common 17-55] 'set_property' expects at least one object. [C:/Users/User/Desktop/codd/normal_nano/normal_nano.srcs/constrs_1/new/Nanoprocessor_Const.xdc:13]
Resolution: If [get_<value>] was used to populate the object, check to make sure this command returns at least one valid object.
WARNING: [Vivado 12-584] No ports matched 'Data[3]'. [C:/Users/User/Desktop/codd/normal_nano/normal_nano.srcs/constrs_1/new/Nanoprocessor_Const.xdc:14]
CRITICAL WARNING: [Common 17-55] 'set_property' expects at least one object. [C:/Users/User/Desktop/codd/normal_nano/normal_nano.srcs/constrs_1/new/Nanoprocessor_Const.xdc:14]
Resolution: If [get_<value>] was used to populate the object, check to make sure this command returns at least one valid object.
WARNING: [Vivado 12-584] No ports matched 'Data[3]'. [C:/Users/User/Desktop/codd/normal_nano/normal_nano.srcs/constrs_1/new/Nanoprocessor_Const.xdc:15]
CRITICAL WARNING: [Common 17-55] 'set_property' expects at least one object. [C:/Users/User/Desktop/codd/normal_nano/normal_nano.srcs/constrs_1/new/Nanoprocessor_Const.xdc:15]
Resolution: If [get_<value>] was used to populate the object, check to make sure this command returns at least one valid object.
WARNING: [Vivado 12-584] No ports matched 'Zero'. [C:/Users/User/Desktop/codd/normal_nano/normal_nano.srcs/constrs_1/new/Nanoprocessor_Const.xdc:36]
CRITICAL WARNING: [Common 17-55] 'set_property' expects at least one object. [C:/Users/User/Desktop/codd/normal_nano/normal_nano.srcs/constrs_1/new/Nanoprocessor_Const.xdc:36]
Resolution: If [get_<value>] was used to populate the object, check to make sure this command returns at least one valid object.
WARNING: [Vivado 12-584] No ports matched 'Zero'. [C:/Users/User/Desktop/codd/normal_nano/normal_nano.srcs/constrs_1/new/Nanoprocessor_Const.xdc:37]
CRITICAL WARNING: [Common 17-55] 'set_property' expects at least one object. [C:/Users/User/Desktop/codd/normal_nano/normal_nano.srcs/constrs_1/new/Nanoprocessor_Const.xdc:37]
Resolution: If [get_<value>] was used to populate the object, check to make sure this command returns at least one valid object.
WARNING: [Vivado 12-584] No ports matched 'Overflow'. [C:/Users/User/Desktop/codd/normal_nano/normal_nano.srcs/constrs_1/new/Nanoprocessor_Const.xdc:38]
CRITICAL WARNING: [Common 17-55] 'set_property' expects at least one object. [C:/Users/User/Desktop/codd/normal_nano/normal_nano.srcs/constrs_1/new/Nanoprocessor_Const.xdc:38]
Resolution: If [get_<value>] was used to populate the object, check to make sure this command returns at least one valid object.
WARNING: [Vivado 12-584] No ports matched 'Overflow'. [C:/Users/User/Desktop/codd/normal_nano/normal_nano.srcs/constrs_1/new/Nanoprocessor_Const.xdc:39]
CRITICAL WARNING: [Common 17-55] 'set_property' expects at least one object. [C:/Users/User/Desktop/codd/normal_nano/normal_nano.srcs/constrs_1/new/Nanoprocessor_Const.xdc:39]
Resolution: If [get_<value>] was used to populate the object, check to make sure this command returns at least one valid object.
WARNING: [Vivado 12-584] No ports matched 'S_7Seg[0]'. [C:/Users/User/Desktop/codd/normal_nano/normal_nano.srcs/constrs_1/new/Nanoprocessor_Const.xdc:43]
CRITICAL WARNING: [Common 17-55] 'set_property' expects at least one object. [C:/Users/User/Desktop/codd/normal_nano/normal_nano.srcs/constrs_1/new/Nanoprocessor_Const.xdc:43]
Resolution: If [get_<value>] was used to populate the object, check to make sure this command returns at least one valid object.
WARNING: [Vivado 12-584] No ports matched 'S_7Seg[0]'. [C:/Users/User/Desktop/codd/normal_nano/normal_nano.srcs/constrs_1/new/Nanoprocessor_Const.xdc:44]
CRITICAL WARNING: [Common 17-55] 'set_property' expects at least one object. [C:/Users/User/Desktop/codd/normal_nano/normal_nano.srcs/constrs_1/new/Nanoprocessor_Const.xdc:44]
Resolution: If [get_<value>] was used to populate the object, check to make sure this command returns at least one valid object.
WARNING: [Vivado 12-584] No ports matched 'S_7Seg[1]'. [C:/Users/User/Desktop/codd/normal_nano/normal_nano.srcs/constrs_1/new/Nanoprocessor_Const.xdc:45]
CRITICAL WARNING: [Common 17-55] 'set_property' expects at least one object. [C:/Users/User/Desktop/codd/normal_nano/normal_nano.srcs/constrs_1/new/Nanoprocessor_Const.xdc:45]
Resolution: If [get_<value>] was used to populate the object, check to make sure this command returns at least one valid object.
WARNING: [Vivado 12-584] No ports matched 'S_7Seg[1]'. [C:/Users/User/Desktop/codd/normal_nano/normal_nano.srcs/constrs_1/new/Nanoprocessor_Const.xdc:46]
CRITICAL WARNING: [Common 17-55] 'set_property' expects at least one object. [C:/Users/User/Desktop/codd/normal_nano/normal_nano.srcs/constrs_1/new/Nanoprocessor_Const.xdc:46]
Resolution: If [get_<value>] was used to populate the object, check to make sure this command returns at least one valid object.
WARNING: [Vivado 12-584] No ports matched 'S_7Seg[2]'. [C:/Users/User/Desktop/codd/normal_nano/normal_nano.srcs/constrs_1/new/Nanoprocessor_Const.xdc:47]
CRITICAL WARNING: [Common 17-55] 'set_property' expects at least one object. [C:/Users/User/Desktop/codd/normal_nano/normal_nano.srcs/constrs_1/new/Nanoprocessor_Const.xdc:47]
Resolution: If [get_<value>] was used to populate the object, check to make sure this command returns at least one valid object.
WARNING: [Vivado 12-584] No ports matched 'S_7Seg[2]'. [C:/Users/User/Desktop/codd/normal_nano/normal_nano.srcs/constrs_1/new/Nanoprocessor_Const.xdc:48]
CRITICAL WARNING: [Common 17-55] 'set_property' expects at least one object. [C:/Users/User/Desktop/codd/normal_nano/normal_nano.srcs/constrs_1/new/Nanoprocessor_Const.xdc:48]
Resolution: If [get_<value>] was used to populate the object, check to make sure this command returns at least one valid object.
WARNING: [Vivado 12-584] No ports matched 'S_7Seg[3]'. [C:/Users/User/Desktop/codd/normal_nano/normal_nano.srcs/constrs_1/new/Nanoprocessor_Const.xdc:49]
CRITICAL WARNING: [Common 17-55] 'set_property' expects at least one object. [C:/Users/User/Desktop/codd/normal_nano/normal_nano.srcs/constrs_1/new/Nanoprocessor_Const.xdc:49]
Resolution: If [get_<value>] was used to populate the object, check to make sure this command returns at least one valid object.
WARNING: [Vivado 12-584] No ports matched 'S_7Seg[3]'. [C:/Users/User/Desktop/codd/normal_nano/normal_nano.srcs/constrs_1/new/Nanoprocessor_Const.xdc:50]
CRITICAL WARNING: [Common 17-55] 'set_property' expects at least one object. [C:/Users/User/Desktop/codd/normal_nano/normal_nano.srcs/constrs_1/new/Nanoprocessor_Const.xdc:50]
Resolution: If [get_<value>] was used to populate the object, check to make sure this command returns at least one valid object.
WARNING: [Vivado 12-584] No ports matched 'S_7Seg[4]'. [C:/Users/User/Desktop/codd/normal_nano/normal_nano.srcs/constrs_1/new/Nanoprocessor_Const.xdc:51]
CRITICAL WARNING: [Common 17-55] 'set_property' expects at least one object. [C:/Users/User/Desktop/codd/normal_nano/normal_nano.srcs/constrs_1/new/Nanoprocessor_Const.xdc:51]
Resolution: If [get_<value>] was used to populate the object, check to make sure this command returns at least one valid object.
WARNING: [Vivado 12-584] No ports matched 'S_7Seg[4]'. [C:/Users/User/Desktop/codd/normal_nano/normal_nano.srcs/constrs_1/new/Nanoprocessor_Const.xdc:52]
CRITICAL WARNING: [Common 17-55] 'set_property' expects at least one object. [C:/Users/User/Desktop/codd/normal_nano/normal_nano.srcs/constrs_1/new/Nanoprocessor_Const.xdc:52]
Resolution: If [get_<value>] was used to populate the object, check to make sure this command returns at least one valid object.
WARNING: [Vivado 12-584] No ports matched 'S_7Seg[5]'. [C:/Users/User/Desktop/codd/normal_nano/normal_nano.srcs/constrs_1/new/Nanoprocessor_Const.xdc:53]
CRITICAL WARNING: [Common 17-55] 'set_property' expects at least one object. [C:/Users/User/Desktop/codd/normal_nano/normal_nano.srcs/constrs_1/new/Nanoprocessor_Const.xdc:53]
Resolution: If [get_<value>] was used to populate the object, check to make sure this command returns at least one valid object.
WARNING: [Vivado 12-584] No ports matched 'S_7Seg[5]'. [C:/Users/User/Desktop/codd/normal_nano/normal_nano.srcs/constrs_1/new/Nanoprocessor_Const.xdc:54]
CRITICAL WARNING: [Common 17-55] 'set_property' expects at least one object. [C:/Users/User/Desktop/codd/normal_nano/normal_nano.srcs/constrs_1/new/Nanoprocessor_Const.xdc:54]
Resolution: If [get_<value>] was used to populate the object, check to make sure this command returns at least one valid object.
WARNING: [Vivado 12-584] No ports matched 'S_7Seg[6]'. [C:/Users/User/Desktop/codd/normal_nano/normal_nano.srcs/constrs_1/new/Nanoprocessor_Const.xdc:55]
CRITICAL WARNING: [Common 17-55] 'set_property' expects at least one object. [C:/Users/User/Desktop/codd/normal_nano/normal_nano.srcs/constrs_1/new/Nanoprocessor_Const.xdc:55]
Resolution: If [get_<value>] was used to populate the object, check to make sure this command returns at least one valid object.
WARNING: [Vivado 12-584] No ports matched 'S_7Seg[6]'. [C:/Users/User/Desktop/codd/normal_nano/normal_nano.srcs/constrs_1/new/Nanoprocessor_Const.xdc:56]
CRITICAL WARNING: [Common 17-55] 'set_property' expects at least one object. [C:/Users/User/Desktop/codd/normal_nano/normal_nano.srcs/constrs_1/new/Nanoprocessor_Const.xdc:56]
Resolution: If [get_<value>] was used to populate the object, check to make sure this command returns at least one valid object.
WARNING: [Vivado 12-584] No ports matched 'anode[0]'. [C:/Users/User/Desktop/codd/normal_nano/normal_nano.srcs/constrs_1/new/Nanoprocessor_Const.xdc:61]
CRITICAL WARNING: [Common 17-55] 'set_property' expects at least one object. [C:/Users/User/Desktop/codd/normal_nano/normal_nano.srcs/constrs_1/new/Nanoprocessor_Const.xdc:61]
Resolution: If [get_<value>] was used to populate the object, check to make sure this command returns at least one valid object.
WARNING: [Vivado 12-584] No ports matched 'anode[0]'. [C:/Users/User/Desktop/codd/normal_nano/normal_nano.srcs/constrs_1/new/Nanoprocessor_Const.xdc:62]
CRITICAL WARNING: [Common 17-55] 'set_property' expects at least one object. [C:/Users/User/Desktop/codd/normal_nano/normal_nano.srcs/constrs_1/new/Nanoprocessor_Const.xdc:62]
Resolution: If [get_<value>] was used to populate the object, check to make sure this command returns at least one valid object.
WARNING: [Vivado 12-584] No ports matched 'anode[1]'. [C:/Users/User/Desktop/codd/normal_nano/normal_nano.srcs/constrs_1/new/Nanoprocessor_Const.xdc:63]
CRITICAL WARNING: [Common 17-55] 'set_property' expects at least one object. [C:/Users/User/Desktop/codd/normal_nano/normal_nano.srcs/constrs_1/new/Nanoprocessor_Const.xdc:63]
Resolution: If [get_<value>] was used to populate the object, check to make sure this command returns at least one valid object.
WARNING: [Vivado 12-584] No ports matched 'anode[1]'. [C:/Users/User/Desktop/codd/normal_nano/normal_nano.srcs/constrs_1/new/Nanoprocessor_Const.xdc:64]
CRITICAL WARNING: [Common 17-55] 'set_property' expects at least one object. [C:/Users/User/Desktop/codd/normal_nano/normal_nano.srcs/constrs_1/new/Nanoprocessor_Const.xdc:64]
Resolution: If [get_<value>] was used to populate the object, check to make sure this command returns at least one valid object.
WARNING: [Vivado 12-584] No ports matched 'anode[2]'. [C:/Users/User/Desktop/codd/normal_nano/normal_nano.srcs/constrs_1/new/Nanoprocessor_Const.xdc:65]
CRITICAL WARNING: [Common 17-55] 'set_property' expects at least one object. [C:/Users/User/Desktop/codd/normal_nano/normal_nano.srcs/constrs_1/new/Nanoprocessor_Const.xdc:65]
Resolution: If [get_<value>] was used to populate the object, check to make sure this command returns at least one valid object.
WARNING: [Vivado 12-584] No ports matched 'anode[2]'. [C:/Users/User/Desktop/codd/normal_nano/normal_nano.srcs/constrs_1/new/Nanoprocessor_Const.xdc:66]
CRITICAL WARNING: [Common 17-55] 'set_property' expects at least one object. [C:/Users/User/Desktop/codd/normal_nano/normal_nano.srcs/constrs_1/new/Nanoprocessor_Const.xdc:66]
Resolution: If [get_<value>] was used to populate the object, check to make sure this command returns at least one valid object.
WARNING: [Vivado 12-584] No ports matched 'anode[3]'. [C:/Users/User/Desktop/codd/normal_nano/normal_nano.srcs/constrs_1/new/Nanoprocessor_Const.xdc:67]
CRITICAL WARNING: [Common 17-55] 'set_property' expects at least one object. [C:/Users/User/Desktop/codd/normal_nano/normal_nano.srcs/constrs_1/new/Nanoprocessor_Const.xdc:67]
Resolution: If [get_<value>] was used to populate the object, check to make sure this command returns at least one valid object.
WARNING: [Vivado 12-584] No ports matched 'anode[3]'. [C:/Users/User/Desktop/codd/normal_nano/normal_nano.srcs/constrs_1/new/Nanoprocessor_Const.xdc:68]
CRITICAL WARNING: [Common 17-55] 'set_property' expects at least one object. [C:/Users/User/Desktop/codd/normal_nano/normal_nano.srcs/constrs_1/new/Nanoprocessor_Const.xdc:68]
Resolution: If [get_<value>] was used to populate the object, check to make sure this command returns at least one valid object.
WARNING: [Vivado 12-584] No ports matched 'Reset'. [C:/Users/User/Desktop/codd/normal_nano/normal_nano.srcs/constrs_1/new/Nanoprocessor_Const.xdc:72]
CRITICAL WARNING: [Common 17-55] 'set_property' expects at least one object. [C:/Users/User/Desktop/codd/normal_nano/normal_nano.srcs/constrs_1/new/Nanoprocessor_Const.xdc:72]
Resolution: If [get_<value>] was used to populate the object, check to make sure this command returns at least one valid object.
WARNING: [Vivado 12-584] No ports matched 'Reset'. [C:/Users/User/Desktop/codd/normal_nano/normal_nano.srcs/constrs_1/new/Nanoprocessor_Const.xdc:73]
CRITICAL WARNING: [Common 17-55] 'set_property' expects at least one object. [C:/Users/User/Desktop/codd/normal_nano/normal_nano.srcs/constrs_1/new/Nanoprocessor_Const.xdc:73]
Resolution: If [get_<value>] was used to populate the object, check to make sure this command returns at least one valid object.
Finished Parsing XDC File [C:/Users/User/Desktop/codd/normal_nano/normal_nano.srcs/constrs_1/new/Nanoprocessor_Const.xdc]
Completed Processing XDC Constraints

Netlist sorting complete. Time (s): cpu = 00:00:00 ; elapsed = 00:00:00 . Memory (MB): peak = 4590.578 ; gain = 0.000
INFO: [Project 1-111] Unisim Transformation Summary:
No Unisim elements were transformed.

RTL Elaboration Complete:  : Time (s): cpu = 00:00:12 ; elapsed = 00:00:08 . Memory (MB): peak = 4590.578 ; gain = 0.000
6 Infos, 39 Warnings, 39 Critical Warnings and 0 Errors encountered.
synth_design completed successfully
synth_design: Time (s): cpu = 00:00:12 ; elapsed = 00:00:08 . Memory (MB): peak = 4590.578 ; gain = 0.000
close_design
launch_simulation
Command: launch_simulation 
INFO: [Vivado 12-25911] Executing simulation for 'XSim' simulator
INFO: [Vivado 12-28535] Process started - Fri May  8 22:07:10 2026

INFO: [Vivado 12-12493] Simulation top is 'Instruction_Decoder_TB'
INFO: [Vivado 12-5682] Launching behavioral simulation in 'C:/Users/User/Desktop/codd/normal_nano/normal_nano.sim/sim_1/behav/xsim'
INFO: [SIM-utils-51] Simulation object is 'sim_1'
INFO: [SIM-utils-72] Using boost library from 'C:/AMDDesignTools/2025.2/Vivado/tps/boost_1_72_0'
INFO: [SIM-utils-54] Inspecting design source files for 'Instruction_Decoder_TB' in fileset 'sim_1'...
INFO: [USF-XSim-97] Finding global include files...
INFO: [USF-XSim-98] Fetching design files from 'sim_1'...
INFO: [USF-XSim-2] XSim::Compile design
INFO: [USF-XSim-61] Executing 'COMPILE and ANALYZE' step in 'C:/Users/User/Desktop/codd/normal_nano/normal_nano.sim/sim_1/behav/xsim'
"xvhdl --incr --relax -prj Instruction_Decoder_TB_vhdl.prj"
INFO: [VRFC 10-163] Analyzing VHDL file "C:/Users/User/Desktop/normal_process/normal_process/normal_process.srcs/sim_1/new/InstructionDecoder_TB.vhd" into library xil_defaultlib
INFO: [VRFC 10-3107] analyzing entity 'Instruction_Decoder_TB'
INFO: [USF-XSim-69] 'compile' step finished in '1' seconds
INFO: [USF-XSim-3] XSim::Elaborate design
INFO: [USF-XSim-61] Executing 'ELABORATE' step in 'C:/Users/User/Desktop/codd/normal_nano/normal_nano.sim/sim_1/behav/xsim'
"xelab --incr --debug typical --relax --mt 2 -L xil_defaultlib -L secureip --snapshot Instruction_Decoder_TB_behav xil_defaultlib.Instruction_Decoder_TB -log elaborate.log"
Vivado Simulator v2025.2
Copyright 1986-2022 Xilinx, Inc. All Rights Reserved.
Copyright 2022-2025 Advanced Micro Devices, Inc. All Rights Reserved.
Running: C:/AMDDesignTools/2025.2/Vivado/bin/unwrapped/win64.o/xelab.exe --incr --debug typical --relax --mt 2 -L xil_defaultlib -L secureip --snapshot Instruction_Decoder_TB_behav xil_defaultlib.Instruction_Decoder_TB -log elaborate.log 
Using 2 slave threads.
Starting static elaboration
Completed static elaboration
Starting simulation data flow analysis
Completed simulation data flow analysis
Time Resolution for simulation is 1ps
Compiling package std.standard
Compiling package std.textio
Compiling package ieee.std_logic_1164
Compiling package xil_defaultlib.busdefinitions
Compiling package xil_defaultlib.constants
Compiling architecture behavioral of entity xil_defaultlib.Instruction_Decoder [instruction_decoder_default]
Compiling architecture behavioral of entity xil_defaultlib.instruction_decoder_tb
Built simulation snapshot Instruction_Decoder_TB_behav
INFO: [USF-XSim-69] 'elaborate' step finished in '2' seconds
INFO: [USF-XSim-4] XSim::Simulate design
INFO: [USF-XSim-61] Executing 'SIMULATE' step in 'C:/Users/User/Desktop/codd/normal_nano/normal_nano.sim/sim_1/behav/xsim'
INFO: [USF-XSim-98] *** Running xsim
   with args "Instruction_Decoder_TB_behav -key {Behavioral:sim_1:Functional:Instruction_Decoder_TB} -tclbatch {Instruction_Decoder_TB.tcl} -log {simulate.log}"
INFO: [USF-XSim-8] Loading simulator feature
Time resolution is 1 ps
source Instruction_Decoder_TB.tcl
# set curr_wave [current_wave_config]
# if { [string length $curr_wave] == 0 } {
#   if { [llength [get_objects]] > 0} {
#     add_wave /
#     set_property needs_save false [current_wave_config]
#   } else {
#      send_msg_id Add_Wave-1 WARNING "No top level signals found. Simulator will start without a wave window. If you want to open a wave window go to 'File->New Waveform Configuration' or type 'create_wave_config' in the TCL console."
#   }
# }
# run 1000ns
INFO: [USF-XSim-96] XSim completed. Design snapshot 'Instruction_Decoder_TB_behav' loaded.
INFO: [USF-XSim-97] XSim simulation ran for 1000ns
launch_simulation: Time (s): cpu = 00:00:04 ; elapsed = 00:00:06 . Memory (MB): peak = 4590.578 ; gain = 0.000
close_sim
INFO: [Simtcl 6-16] Simulation closed
set_property top Program_Counter [current_fileset]
update_compile_order -fileset sources_1
set_property top Program_Counter_TB [get_filesets sim_1]
set_property top_lib xil_defaultlib [get_filesets sim_1]
update_compile_order -fileset sim_1
synth_design -rtl -rtl_skip_mlo -name rtl_1
Command: synth_design -rtl -rtl_skip_mlo -name rtl_1
Starting synth_design
Using part: xc7s6ftgb196-1
Top: Program_Counter
INFO: [Synth 8-7079] Multithreading enabled for synth_design using a maximum of 2 processes.
---------------------------------------------------------------------------------
Starting RTL Elaboration : Time (s): cpu = 00:00:05 ; elapsed = 00:00:04 . Memory (MB): peak = 4590.578 ; gain = 0.000
---------------------------------------------------------------------------------
INFO: [Synth 8-638] synthesizing module 'Program_Counter' [C:/Users/User/Desktop/normal_process/normal_process/normal_process.srcs/sources_1/new/Program_Counter.vhd:14]
INFO: [Synth 8-3491] module 'reg_3bit' declared at 'C:/Users/User/Desktop/normal_process/normal_process/normal_process.srcs/sources_1/new/reg_3bit.vhd:4' bound to instance 'PC_Register' of component 'reg_3bit' [C:/Users/User/Desktop/normal_process/normal_process/normal_process.srcs/sources_1/new/Program_Counter.vhd:25]
INFO: [Synth 8-638] synthesizing module 'reg_3bit' [C:/Users/User/Desktop/normal_process/normal_process/normal_process.srcs/sources_1/new/reg_3bit.vhd:13]
INFO: [Synth 8-256] done synthesizing module 'reg_3bit' (0#1) [C:/Users/User/Desktop/normal_process/normal_process/normal_process.srcs/sources_1/new/reg_3bit.vhd:13]
INFO: [Synth 8-256] done synthesizing module 'Program_Counter' (0#1) [C:/Users/User/Desktop/normal_process/normal_process/normal_process.srcs/sources_1/new/Program_Counter.vhd:14]
---------------------------------------------------------------------------------
Finished RTL Elaboration : Time (s): cpu = 00:00:06 ; elapsed = 00:00:05 . Memory (MB): peak = 4590.578 ; gain = 0.000
---------------------------------------------------------------------------------
---------------------------------------------------------------------------------
Start Handling Custom Attributes
---------------------------------------------------------------------------------
---------------------------------------------------------------------------------
Finished Handling Custom Attributes : Time (s): cpu = 00:00:06 ; elapsed = 00:00:05 . Memory (MB): peak = 4590.578 ; gain = 0.000
---------------------------------------------------------------------------------
---------------------------------------------------------------------------------
Finished RTL Optimization Phase 1 : Time (s): cpu = 00:00:06 ; elapsed = 00:00:05 . Memory (MB): peak = 4590.578 ; gain = 0.000
---------------------------------------------------------------------------------
Netlist sorting complete. Time (s): cpu = 00:00:00 ; elapsed = 00:00:00 . Memory (MB): peak = 4590.578 ; gain = 0.000
INFO: [Project 1-570] Preparing netlist for logic optimization

Processing XDC Constraints
Initializing timing engine
Parsing XDC File [C:/Users/User/Desktop/codd/normal_nano/normal_nano.srcs/constrs_1/new/Nanoprocessor_Const.xdc]
WARNING: [Vivado 12-584] No ports matched 'Clock'. [C:/Users/User/Desktop/codd/normal_nano/normal_nano.srcs/constrs_1/new/Nanoprocessor_Const.xdc:2]
CRITICAL WARNING: [Common 17-55] 'set_property' expects at least one object. [C:/Users/User/Desktop/codd/normal_nano/normal_nano.srcs/constrs_1/new/Nanoprocessor_Const.xdc:2]
Resolution: If [get_<value>] was used to populate the object, check to make sure this command returns at least one valid object.
WARNING: [Vivado 12-584] No ports matched 'Clock'. [C:/Users/User/Desktop/codd/normal_nano/normal_nano.srcs/constrs_1/new/Nanoprocessor_Const.xdc:3]
CRITICAL WARNING: [Common 17-55] 'set_property' expects at least one object. [C:/Users/User/Desktop/codd/normal_nano/normal_nano.srcs/constrs_1/new/Nanoprocessor_Const.xdc:3]
Resolution: If [get_<value>] was used to populate the object, check to make sure this command returns at least one valid object.
WARNING: [Vivado 12-584] No ports matched 'Clock'. [C:/Users/User/Desktop/codd/normal_nano/normal_nano.srcs/constrs_1/new/Nanoprocessor_Const.xdc:4]
CRITICAL WARNING: [Vivado 12-4739] create_clock:No valid object(s) found for '-objects [get_ports Clock]'. [C:/Users/User/Desktop/codd/normal_nano/normal_nano.srcs/constrs_1/new/Nanoprocessor_Const.xdc:4]
Resolution: Check if the specified object(s) exists in the current design. If it does, ensure that the correct design hierarchy was specified for the object. If you are working with clocks, make sure create_clock was used to create the clock object before it is referenced.
WARNING: [Vivado 12-584] No ports matched 'Data[0]'. [C:/Users/User/Desktop/codd/normal_nano/normal_nano.srcs/constrs_1/new/Nanoprocessor_Const.xdc:8]
CRITICAL WARNING: [Common 17-55] 'set_property' expects at least one object. [C:/Users/User/Desktop/codd/normal_nano/normal_nano.srcs/constrs_1/new/Nanoprocessor_Const.xdc:8]
Resolution: If [get_<value>] was used to populate the object, check to make sure this command returns at least one valid object.
WARNING: [Vivado 12-584] No ports matched 'Data[0]'. [C:/Users/User/Desktop/codd/normal_nano/normal_nano.srcs/constrs_1/new/Nanoprocessor_Const.xdc:9]
CRITICAL WARNING: [Common 17-55] 'set_property' expects at least one object. [C:/Users/User/Desktop/codd/normal_nano/normal_nano.srcs/constrs_1/new/Nanoprocessor_Const.xdc:9]
Resolution: If [get_<value>] was used to populate the object, check to make sure this command returns at least one valid object.
WARNING: [Vivado 12-584] No ports matched 'Data[1]'. [C:/Users/User/Desktop/codd/normal_nano/normal_nano.srcs/constrs_1/new/Nanoprocessor_Const.xdc:10]
CRITICAL WARNING: [Common 17-55] 'set_property' expects at least one object. [C:/Users/User/Desktop/codd/normal_nano/normal_nano.srcs/constrs_1/new/Nanoprocessor_Const.xdc:10]
Resolution: If [get_<value>] was used to populate the object, check to make sure this command returns at least one valid object.
WARNING: [Vivado 12-584] No ports matched 'Data[1]'. [C:/Users/User/Desktop/codd/normal_nano/normal_nano.srcs/constrs_1/new/Nanoprocessor_Const.xdc:11]
CRITICAL WARNING: [Common 17-55] 'set_property' expects at least one object. [C:/Users/User/Desktop/codd/normal_nano/normal_nano.srcs/constrs_1/new/Nanoprocessor_Const.xdc:11]
Resolution: If [get_<value>] was used to populate the object, check to make sure this command returns at least one valid object.
WARNING: [Vivado 12-584] No ports matched 'Data[2]'. [C:/Users/User/Desktop/codd/normal_nano/normal_nano.srcs/constrs_1/new/Nanoprocessor_Const.xdc:12]
CRITICAL WARNING: [Common 17-55] 'set_property' expects at least one object. [C:/Users/User/Desktop/codd/normal_nano/normal_nano.srcs/constrs_1/new/Nanoprocessor_Const.xdc:12]
Resolution: If [get_<value>] was used to populate the object, check to make sure this command returns at least one valid object.
WARNING: [Vivado 12-584] No ports matched 'Data[2]'. [C:/Users/User/Desktop/codd/normal_nano/normal_nano.srcs/constrs_1/new/Nanoprocessor_Const.xdc:13]
CRITICAL WARNING: [Common 17-55] 'set_property' expects at least one object. [C:/Users/User/Desktop/codd/normal_nano/normal_nano.srcs/constrs_1/new/Nanoprocessor_Const.xdc:13]
Resolution: If [get_<value>] was used to populate the object, check to make sure this command returns at least one valid object.
WARNING: [Vivado 12-584] No ports matched 'Data[3]'. [C:/Users/User/Desktop/codd/normal_nano/normal_nano.srcs/constrs_1/new/Nanoprocessor_Const.xdc:14]
CRITICAL WARNING: [Common 17-55] 'set_property' expects at least one object. [C:/Users/User/Desktop/codd/normal_nano/normal_nano.srcs/constrs_1/new/Nanoprocessor_Const.xdc:14]
Resolution: If [get_<value>] was used to populate the object, check to make sure this command returns at least one valid object.
WARNING: [Vivado 12-584] No ports matched 'Data[3]'. [C:/Users/User/Desktop/codd/normal_nano/normal_nano.srcs/constrs_1/new/Nanoprocessor_Const.xdc:15]
CRITICAL WARNING: [Common 17-55] 'set_property' expects at least one object. [C:/Users/User/Desktop/codd/normal_nano/normal_nano.srcs/constrs_1/new/Nanoprocessor_Const.xdc:15]
Resolution: If [get_<value>] was used to populate the object, check to make sure this command returns at least one valid object.
WARNING: [Vivado 12-584] No ports matched 'Zero'. [C:/Users/User/Desktop/codd/normal_nano/normal_nano.srcs/constrs_1/new/Nanoprocessor_Const.xdc:36]
CRITICAL WARNING: [Common 17-55] 'set_property' expects at least one object. [C:/Users/User/Desktop/codd/normal_nano/normal_nano.srcs/constrs_1/new/Nanoprocessor_Const.xdc:36]
Resolution: If [get_<value>] was used to populate the object, check to make sure this command returns at least one valid object.
WARNING: [Vivado 12-584] No ports matched 'Zero'. [C:/Users/User/Desktop/codd/normal_nano/normal_nano.srcs/constrs_1/new/Nanoprocessor_Const.xdc:37]
CRITICAL WARNING: [Common 17-55] 'set_property' expects at least one object. [C:/Users/User/Desktop/codd/normal_nano/normal_nano.srcs/constrs_1/new/Nanoprocessor_Const.xdc:37]
Resolution: If [get_<value>] was used to populate the object, check to make sure this command returns at least one valid object.
WARNING: [Vivado 12-584] No ports matched 'Overflow'. [C:/Users/User/Desktop/codd/normal_nano/normal_nano.srcs/constrs_1/new/Nanoprocessor_Const.xdc:38]
CRITICAL WARNING: [Common 17-55] 'set_property' expects at least one object. [C:/Users/User/Desktop/codd/normal_nano/normal_nano.srcs/constrs_1/new/Nanoprocessor_Const.xdc:38]
Resolution: If [get_<value>] was used to populate the object, check to make sure this command returns at least one valid object.
WARNING: [Vivado 12-584] No ports matched 'Overflow'. [C:/Users/User/Desktop/codd/normal_nano/normal_nano.srcs/constrs_1/new/Nanoprocessor_Const.xdc:39]
CRITICAL WARNING: [Common 17-55] 'set_property' expects at least one object. [C:/Users/User/Desktop/codd/normal_nano/normal_nano.srcs/constrs_1/new/Nanoprocessor_Const.xdc:39]
Resolution: If [get_<value>] was used to populate the object, check to make sure this command returns at least one valid object.
WARNING: [Vivado 12-584] No ports matched 'S_7Seg[0]'. [C:/Users/User/Desktop/codd/normal_nano/normal_nano.srcs/constrs_1/new/Nanoprocessor_Const.xdc:43]
CRITICAL WARNING: [Common 17-55] 'set_property' expects at least one object. [C:/Users/User/Desktop/codd/normal_nano/normal_nano.srcs/constrs_1/new/Nanoprocessor_Const.xdc:43]
Resolution: If [get_<value>] was used to populate the object, check to make sure this command returns at least one valid object.
WARNING: [Vivado 12-584] No ports matched 'S_7Seg[0]'. [C:/Users/User/Desktop/codd/normal_nano/normal_nano.srcs/constrs_1/new/Nanoprocessor_Const.xdc:44]
CRITICAL WARNING: [Common 17-55] 'set_property' expects at least one object. [C:/Users/User/Desktop/codd/normal_nano/normal_nano.srcs/constrs_1/new/Nanoprocessor_Const.xdc:44]
Resolution: If [get_<value>] was used to populate the object, check to make sure this command returns at least one valid object.
WARNING: [Vivado 12-584] No ports matched 'S_7Seg[1]'. [C:/Users/User/Desktop/codd/normal_nano/normal_nano.srcs/constrs_1/new/Nanoprocessor_Const.xdc:45]
CRITICAL WARNING: [Common 17-55] 'set_property' expects at least one object. [C:/Users/User/Desktop/codd/normal_nano/normal_nano.srcs/constrs_1/new/Nanoprocessor_Const.xdc:45]
Resolution: If [get_<value>] was used to populate the object, check to make sure this command returns at least one valid object.
WARNING: [Vivado 12-584] No ports matched 'S_7Seg[1]'. [C:/Users/User/Desktop/codd/normal_nano/normal_nano.srcs/constrs_1/new/Nanoprocessor_Const.xdc:46]
CRITICAL WARNING: [Common 17-55] 'set_property' expects at least one object. [C:/Users/User/Desktop/codd/normal_nano/normal_nano.srcs/constrs_1/new/Nanoprocessor_Const.xdc:46]
Resolution: If [get_<value>] was used to populate the object, check to make sure this command returns at least one valid object.
WARNING: [Vivado 12-584] No ports matched 'S_7Seg[2]'. [C:/Users/User/Desktop/codd/normal_nano/normal_nano.srcs/constrs_1/new/Nanoprocessor_Const.xdc:47]
CRITICAL WARNING: [Common 17-55] 'set_property' expects at least one object. [C:/Users/User/Desktop/codd/normal_nano/normal_nano.srcs/constrs_1/new/Nanoprocessor_Const.xdc:47]
Resolution: If [get_<value>] was used to populate the object, check to make sure this command returns at least one valid object.
WARNING: [Vivado 12-584] No ports matched 'S_7Seg[2]'. [C:/Users/User/Desktop/codd/normal_nano/normal_nano.srcs/constrs_1/new/Nanoprocessor_Const.xdc:48]
CRITICAL WARNING: [Common 17-55] 'set_property' expects at least one object. [C:/Users/User/Desktop/codd/normal_nano/normal_nano.srcs/constrs_1/new/Nanoprocessor_Const.xdc:48]
Resolution: If [get_<value>] was used to populate the object, check to make sure this command returns at least one valid object.
WARNING: [Vivado 12-584] No ports matched 'S_7Seg[3]'. [C:/Users/User/Desktop/codd/normal_nano/normal_nano.srcs/constrs_1/new/Nanoprocessor_Const.xdc:49]
CRITICAL WARNING: [Common 17-55] 'set_property' expects at least one object. [C:/Users/User/Desktop/codd/normal_nano/normal_nano.srcs/constrs_1/new/Nanoprocessor_Const.xdc:49]
Resolution: If [get_<value>] was used to populate the object, check to make sure this command returns at least one valid object.
WARNING: [Vivado 12-584] No ports matched 'S_7Seg[3]'. [C:/Users/User/Desktop/codd/normal_nano/normal_nano.srcs/constrs_1/new/Nanoprocessor_Const.xdc:50]
CRITICAL WARNING: [Common 17-55] 'set_property' expects at least one object. [C:/Users/User/Desktop/codd/normal_nano/normal_nano.srcs/constrs_1/new/Nanoprocessor_Const.xdc:50]
Resolution: If [get_<value>] was used to populate the object, check to make sure this command returns at least one valid object.
WARNING: [Vivado 12-584] No ports matched 'S_7Seg[4]'. [C:/Users/User/Desktop/codd/normal_nano/normal_nano.srcs/constrs_1/new/Nanoprocessor_Const.xdc:51]
CRITICAL WARNING: [Common 17-55] 'set_property' expects at least one object. [C:/Users/User/Desktop/codd/normal_nano/normal_nano.srcs/constrs_1/new/Nanoprocessor_Const.xdc:51]
Resolution: If [get_<value>] was used to populate the object, check to make sure this command returns at least one valid object.
WARNING: [Vivado 12-584] No ports matched 'S_7Seg[4]'. [C:/Users/User/Desktop/codd/normal_nano/normal_nano.srcs/constrs_1/new/Nanoprocessor_Const.xdc:52]
CRITICAL WARNING: [Common 17-55] 'set_property' expects at least one object. [C:/Users/User/Desktop/codd/normal_nano/normal_nano.srcs/constrs_1/new/Nanoprocessor_Const.xdc:52]
Resolution: If [get_<value>] was used to populate the object, check to make sure this command returns at least one valid object.
WARNING: [Vivado 12-584] No ports matched 'S_7Seg[5]'. [C:/Users/User/Desktop/codd/normal_nano/normal_nano.srcs/constrs_1/new/Nanoprocessor_Const.xdc:53]
CRITICAL WARNING: [Common 17-55] 'set_property' expects at least one object. [C:/Users/User/Desktop/codd/normal_nano/normal_nano.srcs/constrs_1/new/Nanoprocessor_Const.xdc:53]
Resolution: If [get_<value>] was used to populate the object, check to make sure this command returns at least one valid object.
WARNING: [Vivado 12-584] No ports matched 'S_7Seg[5]'. [C:/Users/User/Desktop/codd/normal_nano/normal_nano.srcs/constrs_1/new/Nanoprocessor_Const.xdc:54]
CRITICAL WARNING: [Common 17-55] 'set_property' expects at least one object. [C:/Users/User/Desktop/codd/normal_nano/normal_nano.srcs/constrs_1/new/Nanoprocessor_Const.xdc:54]
Resolution: If [get_<value>] was used to populate the object, check to make sure this command returns at least one valid object.
WARNING: [Vivado 12-584] No ports matched 'S_7Seg[6]'. [C:/Users/User/Desktop/codd/normal_nano/normal_nano.srcs/constrs_1/new/Nanoprocessor_Const.xdc:55]
CRITICAL WARNING: [Common 17-55] 'set_property' expects at least one object. [C:/Users/User/Desktop/codd/normal_nano/normal_nano.srcs/constrs_1/new/Nanoprocessor_Const.xdc:55]
Resolution: If [get_<value>] was used to populate the object, check to make sure this command returns at least one valid object.
WARNING: [Vivado 12-584] No ports matched 'S_7Seg[6]'. [C:/Users/User/Desktop/codd/normal_nano/normal_nano.srcs/constrs_1/new/Nanoprocessor_Const.xdc:56]
CRITICAL WARNING: [Common 17-55] 'set_property' expects at least one object. [C:/Users/User/Desktop/codd/normal_nano/normal_nano.srcs/constrs_1/new/Nanoprocessor_Const.xdc:56]
Resolution: If [get_<value>] was used to populate the object, check to make sure this command returns at least one valid object.
WARNING: [Vivado 12-584] No ports matched 'anode[0]'. [C:/Users/User/Desktop/codd/normal_nano/normal_nano.srcs/constrs_1/new/Nanoprocessor_Const.xdc:61]
CRITICAL WARNING: [Common 17-55] 'set_property' expects at least one object. [C:/Users/User/Desktop/codd/normal_nano/normal_nano.srcs/constrs_1/new/Nanoprocessor_Const.xdc:61]
Resolution: If [get_<value>] was used to populate the object, check to make sure this command returns at least one valid object.
WARNING: [Vivado 12-584] No ports matched 'anode[0]'. [C:/Users/User/Desktop/codd/normal_nano/normal_nano.srcs/constrs_1/new/Nanoprocessor_Const.xdc:62]
CRITICAL WARNING: [Common 17-55] 'set_property' expects at least one object. [C:/Users/User/Desktop/codd/normal_nano/normal_nano.srcs/constrs_1/new/Nanoprocessor_Const.xdc:62]
Resolution: If [get_<value>] was used to populate the object, check to make sure this command returns at least one valid object.
WARNING: [Vivado 12-584] No ports matched 'anode[1]'. [C:/Users/User/Desktop/codd/normal_nano/normal_nano.srcs/constrs_1/new/Nanoprocessor_Const.xdc:63]
CRITICAL WARNING: [Common 17-55] 'set_property' expects at least one object. [C:/Users/User/Desktop/codd/normal_nano/normal_nano.srcs/constrs_1/new/Nanoprocessor_Const.xdc:63]
Resolution: If [get_<value>] was used to populate the object, check to make sure this command returns at least one valid object.
WARNING: [Vivado 12-584] No ports matched 'anode[1]'. [C:/Users/User/Desktop/codd/normal_nano/normal_nano.srcs/constrs_1/new/Nanoprocessor_Const.xdc:64]
CRITICAL WARNING: [Common 17-55] 'set_property' expects at least one object. [C:/Users/User/Desktop/codd/normal_nano/normal_nano.srcs/constrs_1/new/Nanoprocessor_Const.xdc:64]
Resolution: If [get_<value>] was used to populate the object, check to make sure this command returns at least one valid object.
WARNING: [Vivado 12-584] No ports matched 'anode[2]'. [C:/Users/User/Desktop/codd/normal_nano/normal_nano.srcs/constrs_1/new/Nanoprocessor_Const.xdc:65]
CRITICAL WARNING: [Common 17-55] 'set_property' expects at least one object. [C:/Users/User/Desktop/codd/normal_nano/normal_nano.srcs/constrs_1/new/Nanoprocessor_Const.xdc:65]
Resolution: If [get_<value>] was used to populate the object, check to make sure this command returns at least one valid object.
WARNING: [Vivado 12-584] No ports matched 'anode[2]'. [C:/Users/User/Desktop/codd/normal_nano/normal_nano.srcs/constrs_1/new/Nanoprocessor_Const.xdc:66]
CRITICAL WARNING: [Common 17-55] 'set_property' expects at least one object. [C:/Users/User/Desktop/codd/normal_nano/normal_nano.srcs/constrs_1/new/Nanoprocessor_Const.xdc:66]
Resolution: If [get_<value>] was used to populate the object, check to make sure this command returns at least one valid object.
WARNING: [Vivado 12-584] No ports matched 'anode[3]'. [C:/Users/User/Desktop/codd/normal_nano/normal_nano.srcs/constrs_1/new/Nanoprocessor_Const.xdc:67]
CRITICAL WARNING: [Common 17-55] 'set_property' expects at least one object. [C:/Users/User/Desktop/codd/normal_nano/normal_nano.srcs/constrs_1/new/Nanoprocessor_Const.xdc:67]
Resolution: If [get_<value>] was used to populate the object, check to make sure this command returns at least one valid object.
WARNING: [Vivado 12-584] No ports matched 'anode[3]'. [C:/Users/User/Desktop/codd/normal_nano/normal_nano.srcs/constrs_1/new/Nanoprocessor_Const.xdc:68]
CRITICAL WARNING: [Common 17-55] 'set_property' expects at least one object. [C:/Users/User/Desktop/codd/normal_nano/normal_nano.srcs/constrs_1/new/Nanoprocessor_Const.xdc:68]
Resolution: If [get_<value>] was used to populate the object, check to make sure this command returns at least one valid object.
WARNING: [Vivado 12-584] No ports matched 'Reset'. [C:/Users/User/Desktop/codd/normal_nano/normal_nano.srcs/constrs_1/new/Nanoprocessor_Const.xdc:72]
CRITICAL WARNING: [Common 17-55] 'set_property' expects at least one object. [C:/Users/User/Desktop/codd/normal_nano/normal_nano.srcs/constrs_1/new/Nanoprocessor_Const.xdc:72]
Resolution: If [get_<value>] was used to populate the object, check to make sure this command returns at least one valid object.
WARNING: [Vivado 12-584] No ports matched 'Reset'. [C:/Users/User/Desktop/codd/normal_nano/normal_nano.srcs/constrs_1/new/Nanoprocessor_Const.xdc:73]
CRITICAL WARNING: [Common 17-55] 'set_property' expects at least one object. [C:/Users/User/Desktop/codd/normal_nano/normal_nano.srcs/constrs_1/new/Nanoprocessor_Const.xdc:73]
Resolution: If [get_<value>] was used to populate the object, check to make sure this command returns at least one valid object.
Finished Parsing XDC File [C:/Users/User/Desktop/codd/normal_nano/normal_nano.srcs/constrs_1/new/Nanoprocessor_Const.xdc]
Completed Processing XDC Constraints

Netlist sorting complete. Time (s): cpu = 00:00:00 ; elapsed = 00:00:00 . Memory (MB): peak = 4590.578 ; gain = 0.000
INFO: [Project 1-111] Unisim Transformation Summary:
No Unisim elements were transformed.

RTL Elaboration Complete:  : Time (s): cpu = 00:00:11 ; elapsed = 00:00:08 . Memory (MB): peak = 4590.578 ; gain = 0.000
8 Infos, 39 Warnings, 39 Critical Warnings and 0 Errors encountered.
synth_design completed successfully
synth_design: Time (s): cpu = 00:00:11 ; elapsed = 00:00:08 . Memory (MB): peak = 4590.578 ; gain = 0.000
launch_simulation
Command: launch_simulation 
INFO: [Vivado 12-25911] Executing simulation for 'XSim' simulator
INFO: [Vivado 12-28535] Process started - Fri May  8 22:12:16 2026

INFO: [Vivado 12-12493] Simulation top is 'Program_Counter_TB'
INFO: [Vivado 12-5682] Launching behavioral simulation in 'C:/Users/User/Desktop/codd/normal_nano/normal_nano.sim/sim_1/behav/xsim'
INFO: [SIM-utils-51] Simulation object is 'sim_1'
INFO: [SIM-utils-72] Using boost library from 'C:/AMDDesignTools/2025.2/Vivado/tps/boost_1_72_0'
INFO: [SIM-utils-54] Inspecting design source files for 'Program_Counter_TB' in fileset 'sim_1'...
INFO: [USF-XSim-97] Finding global include files...
INFO: [USF-XSim-98] Fetching design files from 'sim_1'...
INFO: [USF-XSim-2] XSim::Compile design
INFO: [USF-XSim-61] Executing 'COMPILE and ANALYZE' step in 'C:/Users/User/Desktop/codd/normal_nano/normal_nano.sim/sim_1/behav/xsim'
"xvhdl --incr --relax -prj Program_Counter_TB_vhdl.prj"
INFO: [VRFC 10-163] Analyzing VHDL file "C:/Users/User/Desktop/normal_process/normal_process/normal_process.srcs/sim_1/new/Program_Counter_TB.vhd" into library xil_defaultlib
INFO: [VRFC 10-3107] analyzing entity 'Program_Counter_TB'
INFO: [USF-XSim-69] 'compile' step finished in '1' seconds
INFO: [USF-XSim-3] XSim::Elaborate design
INFO: [USF-XSim-61] Executing 'ELABORATE' step in 'C:/Users/User/Desktop/codd/normal_nano/normal_nano.sim/sim_1/behav/xsim'
"xelab --incr --debug typical --relax --mt 2 -L xil_defaultlib -L secureip --snapshot Program_Counter_TB_behav xil_defaultlib.Program_Counter_TB -log elaborate.log"
Vivado Simulator v2025.2
Copyright 1986-2022 Xilinx, Inc. All Rights Reserved.
Copyright 2022-2025 Advanced Micro Devices, Inc. All Rights Reserved.
Running: C:/AMDDesignTools/2025.2/Vivado/bin/unwrapped/win64.o/xelab.exe --incr --debug typical --relax --mt 2 -L xil_defaultlib -L secureip --snapshot Program_Counter_TB_behav xil_defaultlib.Program_Counter_TB -log elaborate.log 
Using 2 slave threads.
Starting static elaboration
Completed static elaboration
Starting simulation data flow analysis
Completed simulation data flow analysis
Time Resolution for simulation is 1ps
Compiling package std.standard
Compiling package std.textio
Compiling package ieee.std_logic_1164
Compiling package ieee.numeric_std
Compiling package xil_defaultlib.busdefinitions
Compiling architecture behavioral of entity xil_defaultlib.reg_3bit [reg_3bit_default]
Compiling architecture behavioral of entity xil_defaultlib.Program_Counter [program_counter_default]
Compiling architecture behavioral of entity xil_defaultlib.program_counter_tb
Built simulation snapshot Program_Counter_TB_behav
INFO: [USF-XSim-69] 'elaborate' step finished in '2' seconds
INFO: [USF-XSim-4] XSim::Simulate design
INFO: [USF-XSim-61] Executing 'SIMULATE' step in 'C:/Users/User/Desktop/codd/normal_nano/normal_nano.sim/sim_1/behav/xsim'
INFO: [USF-XSim-98] *** Running xsim
   with args "Program_Counter_TB_behav -key {Behavioral:sim_1:Functional:Program_Counter_TB} -tclbatch {Program_Counter_TB.tcl} -log {simulate.log}"
INFO: [USF-XSim-8] Loading simulator feature
Time resolution is 1 ps
source Program_Counter_TB.tcl
# set curr_wave [current_wave_config]
# if { [string length $curr_wave] == 0 } {
#   if { [llength [get_objects]] > 0} {
#     add_wave /
#     set_property needs_save false [current_wave_config]
#   } else {
#      send_msg_id Add_Wave-1 WARNING "No top level signals found. Simulator will start without a wave window. If you want to open a wave window go to 'File->New Waveform Configuration' or type 'create_wave_config' in the TCL console."
#   }
# }
# run 1000ns
INFO: [USF-XSim-96] XSim completed. Design snapshot 'Program_Counter_TB_behav' loaded.
INFO: [USF-XSim-97] XSim simulation ran for 1000ns
launch_simulation: Time (s): cpu = 00:00:04 ; elapsed = 00:00:05 . Memory (MB): peak = 4590.578 ; gain = 0.000
close_sim
INFO: [Simtcl 6-16] Simulation closed
set_property top Register_Bank [current_fileset]
WARNING: [filemgmt 56-199] Attempt to get parsing info during refresh. "On-the-fly" syntax checking information may be incorrect. [C:\Users\User\Desktop\normal_process\normal_process\normal_process.srcs\sources_1\new\Program_Counter.vhd:]
WARNING: [filemgmt 56-199] Attempt to get parsing info during refresh. "On-the-fly" syntax checking information may be incorrect. [C:\Users\User\Desktop\normal_process\normal_process\normal_process.srcs\sim_1\new\Program_Counter_TB.vhd:]
WARNING: [filemgmt 56-199] Attempt to get parsing info during refresh. "On-the-fly" syntax checking information may be incorrect. [C:\Users\User\Desktop\normal_process\normal_process\normal_process.srcs\sources_1\new\Program_Counter.vhd:]
WARNING: [filemgmt 56-199] Attempt to get parsing info during refresh. "On-the-fly" syntax checking information may be incorrect. [C:\Users\User\Desktop\normal_process\normal_process\normal_process.srcs\sources_1\new\Program_Counter.vhd:]
update_compile_order -fileset sources_1
WARNING: [filemgmt 56-199] Attempt to get parsing info during refresh. "On-the-fly" syntax checking information may be incorrect. [C:\Users\User\Desktop\normal_process\normal_process\normal_process.srcs\sources_1\new\Program_Counter.vhd:]
WARNING: [filemgmt 56-199] Attempt to get parsing info during refresh. "On-the-fly" syntax checking information may be incorrect. [C:\Users\User\Desktop\normal_process\normal_process\normal_process.srcs\sim_1\new\Program_Counter_TB.vhd:]
WARNING: [filemgmt 56-199] Attempt to get parsing info during refresh. "On-the-fly" syntax checking information may be incorrect. [C:\Users\User\Desktop\normal_process\normal_process\normal_process.srcs\sources_1\new\Program_Counter.vhd:]
WARNING: [filemgmt 56-199] Attempt to get parsing info during refresh. "On-the-fly" syntax checking information may be incorrect. [C:\Users\User\Desktop\normal_process\normal_process\normal_process.srcs\sources_1\new\Program_Counter.vhd:]
close_design
set_property top Register_Bank_TB [get_filesets sim_1]
set_property top_lib xil_defaultlib [get_filesets sim_1]
WARNING: [filemgmt 56-199] Attempt to get parsing info during refresh. "On-the-fly" syntax checking information may be incorrect. [C:\Users\User\Desktop\normal_process\normal_process\normal_process.srcs\sources_1\new\Program_Counter.vhd:]
WARNING: [filemgmt 56-199] Attempt to get parsing info during refresh. "On-the-fly" syntax checking information may be incorrect. [C:\Users\User\Desktop\normal_process\normal_process\normal_process.srcs\sim_1\new\Program_Counter_TB.vhd:]
WARNING: [filemgmt 56-199] Attempt to get parsing info during refresh. "On-the-fly" syntax checking information may be incorrect. [C:\Users\User\Desktop\normal_process\normal_process\normal_process.srcs\sim_1\new\Program_Counter_TB.vhd:]
WARNING: [filemgmt 56-199] Attempt to get parsing info during refresh. "On-the-fly" syntax checking information may be incorrect. [C:\Users\User\Desktop\normal_process\normal_process\normal_process.srcs\sim_1\new\Program_Counter_TB.vhd:]
ERROR: [Common 17-180] Spawn failed: The operation completed successfully.

update_compile_order -fileset sim_1
WARNING: [filemgmt 56-199] Attempt to get parsing info during refresh. "On-the-fly" syntax checking information may be incorrect. [C:\Users\User\Desktop\normal_process\normal_process\normal_process.srcs\sources_1\new\Program_Counter.vhd:]
WARNING: [filemgmt 56-199] Attempt to get parsing info during refresh. "On-the-fly" syntax checking information may be incorrect. [C:\Users\User\Desktop\normal_process\normal_process\normal_process.srcs\sim_1\new\Program_Counter_TB.vhd:]
WARNING: [filemgmt 56-199] Attempt to get parsing info during refresh. "On-the-fly" syntax checking information may be incorrect. [C:\Users\User\Desktop\normal_process\normal_process\normal_process.srcs\sources_1\new\Program_Counter.vhd:]
WARNING: [filemgmt 56-199] Attempt to get parsing info during refresh. "On-the-fly" syntax checking information may be incorrect. [C:\Users\User\Desktop\normal_process\normal_process\normal_process.srcs\sources_1\new\Program_Counter.vhd:]
synth_design -rtl -rtl_skip_mlo -name rtl_1
Command: synth_design -rtl -rtl_skip_mlo -name rtl_1
Starting synth_design
Using part: xc7s6ftgb196-1
Top: Register_Bank
INFO: [Synth 8-7079] Multithreading enabled for synth_design using a maximum of 2 processes.
---------------------------------------------------------------------------------
Starting RTL Elaboration : Time (s): cpu = 00:00:05 ; elapsed = 00:00:04 . Memory (MB): peak = 4590.578 ; gain = 0.000
---------------------------------------------------------------------------------
INFO: [Synth 8-638] synthesizing module 'Register_Bank' [C:/Users/User/Desktop/normal_process/normal_process/normal_process.srcs/sources_1/new/Register_Bank.vhd:15]
INFO: [Synth 8-3491] module 'Decoder_3_to_8' declared at 'C:/Users/User/Desktop/normal_process/normal_process/normal_process.srcs/sources_1/new/Decoder_3_to_8.vhd:4' bound to instance 'Decoder_3_to_8_0' of component 'Decoder_3_to_8' [C:/Users/User/Desktop/normal_process/normal_process/normal_process.srcs/sources_1/new/Register_Bank.vhd:40]
INFO: [Synth 8-638] synthesizing module 'Decoder_3_to_8' [C:/Users/User/Desktop/normal_process/normal_process/normal_process.srcs/sources_1/new/Decoder_3_to_8.vhd:10]
INFO: [Synth 8-3491] module 'Decoder_2_to_4' declared at 'C:/Users/User/Desktop/normal_process/normal_process/normal_process.srcs/sources_1/new/Decoder_2_to_4.vhd:4' bound to instance 'Decoder_2_to_4_0' of component 'Decoder_2_to_4' [C:/Users/User/Desktop/normal_process/normal_process/normal_process.srcs/sources_1/new/Decoder_3_to_8.vhd:20]
INFO: [Synth 8-638] synthesizing module 'Decoder_2_to_4' [C:/Users/User/Desktop/normal_process/normal_process/normal_process.srcs/sources_1/new/Decoder_2_to_4.vhd:10]
INFO: [Synth 8-256] done synthesizing module 'Decoder_2_to_4' (0#1) [C:/Users/User/Desktop/normal_process/normal_process/normal_process.srcs/sources_1/new/Decoder_2_to_4.vhd:10]
INFO: [Synth 8-3491] module 'Decoder_2_to_4' declared at 'C:/Users/User/Desktop/normal_process/normal_process/normal_process.srcs/sources_1/new/Decoder_2_to_4.vhd:4' bound to instance 'Decoder_2_to_4_1' of component 'Decoder_2_to_4' [C:/Users/User/Desktop/normal_process/normal_process/normal_process.srcs/sources_1/new/Decoder_3_to_8.vhd:25]
INFO: [Synth 8-256] done synthesizing module 'Decoder_3_to_8' (0#1) [C:/Users/User/Desktop/normal_process/normal_process/normal_process.srcs/sources_1/new/Decoder_3_to_8.vhd:10]
INFO: [Synth 8-3491] module 'Reg' declared at 'C:/Users/User/Desktop/normal_process/normal_process/normal_process.srcs/sources_1/new/Reg.vhd:4' bound to instance 'Zero_Register' of component 'Reg' [C:/Users/User/Desktop/normal_process/normal_process/normal_process.srcs/sources_1/new/Register_Bank.vhd:48]
INFO: [Synth 8-638] synthesizing module 'Reg' [C:/Users/User/Desktop/normal_process/normal_process/normal_process.srcs/sources_1/new/Reg.vhd:14]
INFO: [Synth 8-256] done synthesizing module 'Reg' (0#1) [C:/Users/User/Desktop/normal_process/normal_process/normal_process.srcs/sources_1/new/Reg.vhd:14]
INFO: [Synth 8-3491] module 'Reg' declared at 'C:/Users/User/Desktop/normal_process/normal_process/normal_process.srcs/sources_1/new/Reg.vhd:4' bound to instance 'Register_1' of component 'Reg' [C:/Users/User/Desktop/normal_process/normal_process/normal_process.srcs/sources_1/new/Register_Bank.vhd:58]
INFO: [Synth 8-3491] module 'Reg' declared at 'C:/Users/User/Desktop/normal_process/normal_process/normal_process.srcs/sources_1/new/Reg.vhd:4' bound to instance 'Register_2' of component 'Reg' [C:/Users/User/Desktop/normal_process/normal_process/normal_process.srcs/sources_1/new/Register_Bank.vhd:68]
INFO: [Synth 8-3491] module 'Reg' declared at 'C:/Users/User/Desktop/normal_process/normal_process/normal_process.srcs/sources_1/new/Reg.vhd:4' bound to instance 'Register_3' of component 'Reg' [C:/Users/User/Desktop/normal_process/normal_process/normal_process.srcs/sources_1/new/Register_Bank.vhd:78]
INFO: [Synth 8-3491] module 'Reg' declared at 'C:/Users/User/Desktop/normal_process/normal_process/normal_process.srcs/sources_1/new/Reg.vhd:4' bound to instance 'Register_4' of component 'Reg' [C:/Users/User/Desktop/normal_process/normal_process/normal_process.srcs/sources_1/new/Register_Bank.vhd:88]
INFO: [Synth 8-3491] module 'Reg' declared at 'C:/Users/User/Desktop/normal_process/normal_process/normal_process.srcs/sources_1/new/Reg.vhd:4' bound to instance 'Register_5' of component 'Reg' [C:/Users/User/Desktop/normal_process/normal_process/normal_process.srcs/sources_1/new/Register_Bank.vhd:98]
INFO: [Synth 8-3491] module 'Reg' declared at 'C:/Users/User/Desktop/normal_process/normal_process/normal_process.srcs/sources_1/new/Reg.vhd:4' bound to instance 'Register_6' of component 'Reg' [C:/Users/User/Desktop/normal_process/normal_process/normal_process.srcs/sources_1/new/Register_Bank.vhd:108]
INFO: [Synth 8-3491] module 'Reg' declared at 'C:/Users/User/Desktop/normal_process/normal_process/normal_process.srcs/sources_1/new/Reg.vhd:4' bound to instance 'Register_7' of component 'Reg' [C:/Users/User/Desktop/normal_process/normal_process/normal_process.srcs/sources_1/new/Register_Bank.vhd:118]
INFO: [Synth 8-256] done synthesizing module 'Register_Bank' (0#1) [C:/Users/User/Desktop/normal_process/normal_process/normal_process.srcs/sources_1/new/Register_Bank.vhd:15]
---------------------------------------------------------------------------------
Finished RTL Elaboration : Time (s): cpu = 00:00:06 ; elapsed = 00:00:05 . Memory (MB): peak = 4590.578 ; gain = 0.000
---------------------------------------------------------------------------------
---------------------------------------------------------------------------------
Start Handling Custom Attributes
---------------------------------------------------------------------------------
---------------------------------------------------------------------------------
Finished Handling Custom Attributes : Time (s): cpu = 00:00:06 ; elapsed = 00:00:05 . Memory (MB): peak = 4590.578 ; gain = 0.000
---------------------------------------------------------------------------------
---------------------------------------------------------------------------------
Finished RTL Optimization Phase 1 : Time (s): cpu = 00:00:06 ; elapsed = 00:00:05 . Memory (MB): peak = 4590.578 ; gain = 0.000
---------------------------------------------------------------------------------
Netlist sorting complete. Time (s): cpu = 00:00:00 ; elapsed = 00:00:00 . Memory (MB): peak = 4590.578 ; gain = 0.000
INFO: [Project 1-570] Preparing netlist for logic optimization

Processing XDC Constraints
Initializing timing engine
Parsing XDC File [C:/Users/User/Desktop/codd/normal_nano/normal_nano.srcs/constrs_1/new/Nanoprocessor_Const.xdc]
CRITICAL WARNING: [Common 17-69] Command failed: 'W5' is not a valid site or package pin name. [C:/Users/User/Desktop/codd/normal_nano/normal_nano.srcs/constrs_1/new/Nanoprocessor_Const.xdc:2]
CRITICAL WARNING: [Common 17-69] Command failed: 'U16' is not a valid site or package pin name. [C:/Users/User/Desktop/codd/normal_nano/normal_nano.srcs/constrs_1/new/Nanoprocessor_Const.xdc:8]
CRITICAL WARNING: [Common 17-69] Command failed: 'E19' is not a valid site or package pin name. [C:/Users/User/Desktop/codd/normal_nano/normal_nano.srcs/constrs_1/new/Nanoprocessor_Const.xdc:10]
CRITICAL WARNING: [Common 17-69] Command failed: 'U19' is not a valid site or package pin name. [C:/Users/User/Desktop/codd/normal_nano/normal_nano.srcs/constrs_1/new/Nanoprocessor_Const.xdc:12]
CRITICAL WARNING: [Common 17-69] Command failed: 'V19' is not a valid site or package pin name. [C:/Users/User/Desktop/codd/normal_nano/normal_nano.srcs/constrs_1/new/Nanoprocessor_Const.xdc:14]
WARNING: [Vivado 12-584] No ports matched 'Zero'. [C:/Users/User/Desktop/codd/normal_nano/normal_nano.srcs/constrs_1/new/Nanoprocessor_Const.xdc:36]
CRITICAL WARNING: [Common 17-55] 'set_property' expects at least one object. [C:/Users/User/Desktop/codd/normal_nano/normal_nano.srcs/constrs_1/new/Nanoprocessor_Const.xdc:36]
Resolution: If [get_<value>] was used to populate the object, check to make sure this command returns at least one valid object.
WARNING: [Vivado 12-584] No ports matched 'Zero'. [C:/Users/User/Desktop/codd/normal_nano/normal_nano.srcs/constrs_1/new/Nanoprocessor_Const.xdc:37]
CRITICAL WARNING: [Common 17-55] 'set_property' expects at least one object. [C:/Users/User/Desktop/codd/normal_nano/normal_nano.srcs/constrs_1/new/Nanoprocessor_Const.xdc:37]
Resolution: If [get_<value>] was used to populate the object, check to make sure this command returns at least one valid object.
WARNING: [Vivado 12-584] No ports matched 'Overflow'. [C:/Users/User/Desktop/codd/normal_nano/normal_nano.srcs/constrs_1/new/Nanoprocessor_Const.xdc:38]
CRITICAL WARNING: [Common 17-55] 'set_property' expects at least one object. [C:/Users/User/Desktop/codd/normal_nano/normal_nano.srcs/constrs_1/new/Nanoprocessor_Const.xdc:38]
Resolution: If [get_<value>] was used to populate the object, check to make sure this command returns at least one valid object.
WARNING: [Vivado 12-584] No ports matched 'Overflow'. [C:/Users/User/Desktop/codd/normal_nano/normal_nano.srcs/constrs_1/new/Nanoprocessor_Const.xdc:39]
CRITICAL WARNING: [Common 17-55] 'set_property' expects at least one object. [C:/Users/User/Desktop/codd/normal_nano/normal_nano.srcs/constrs_1/new/Nanoprocessor_Const.xdc:39]
Resolution: If [get_<value>] was used to populate the object, check to make sure this command returns at least one valid object.
WARNING: [Vivado 12-584] No ports matched 'S_7Seg[0]'. [C:/Users/User/Desktop/codd/normal_nano/normal_nano.srcs/constrs_1/new/Nanoprocessor_Const.xdc:43]
CRITICAL WARNING: [Common 17-55] 'set_property' expects at least one object. [C:/Users/User/Desktop/codd/normal_nano/normal_nano.srcs/constrs_1/new/Nanoprocessor_Const.xdc:43]
Resolution: If [get_<value>] was used to populate the object, check to make sure this command returns at least one valid object.
WARNING: [Vivado 12-584] No ports matched 'S_7Seg[0]'. [C:/Users/User/Desktop/codd/normal_nano/normal_nano.srcs/constrs_1/new/Nanoprocessor_Const.xdc:44]
CRITICAL WARNING: [Common 17-55] 'set_property' expects at least one object. [C:/Users/User/Desktop/codd/normal_nano/normal_nano.srcs/constrs_1/new/Nanoprocessor_Const.xdc:44]
Resolution: If [get_<value>] was used to populate the object, check to make sure this command returns at least one valid object.
WARNING: [Vivado 12-584] No ports matched 'S_7Seg[1]'. [C:/Users/User/Desktop/codd/normal_nano/normal_nano.srcs/constrs_1/new/Nanoprocessor_Const.xdc:45]
CRITICAL WARNING: [Common 17-55] 'set_property' expects at least one object. [C:/Users/User/Desktop/codd/normal_nano/normal_nano.srcs/constrs_1/new/Nanoprocessor_Const.xdc:45]
Resolution: If [get_<value>] was used to populate the object, check to make sure this command returns at least one valid object.
WARNING: [Vivado 12-584] No ports matched 'S_7Seg[1]'. [C:/Users/User/Desktop/codd/normal_nano/normal_nano.srcs/constrs_1/new/Nanoprocessor_Const.xdc:46]
CRITICAL WARNING: [Common 17-55] 'set_property' expects at least one object. [C:/Users/User/Desktop/codd/normal_nano/normal_nano.srcs/constrs_1/new/Nanoprocessor_Const.xdc:46]
Resolution: If [get_<value>] was used to populate the object, check to make sure this command returns at least one valid object.
WARNING: [Vivado 12-584] No ports matched 'S_7Seg[2]'. [C:/Users/User/Desktop/codd/normal_nano/normal_nano.srcs/constrs_1/new/Nanoprocessor_Const.xdc:47]
CRITICAL WARNING: [Common 17-55] 'set_property' expects at least one object. [C:/Users/User/Desktop/codd/normal_nano/normal_nano.srcs/constrs_1/new/Nanoprocessor_Const.xdc:47]
Resolution: If [get_<value>] was used to populate the object, check to make sure this command returns at least one valid object.
WARNING: [Vivado 12-584] No ports matched 'S_7Seg[2]'. [C:/Users/User/Desktop/codd/normal_nano/normal_nano.srcs/constrs_1/new/Nanoprocessor_Const.xdc:48]
CRITICAL WARNING: [Common 17-55] 'set_property' expects at least one object. [C:/Users/User/Desktop/codd/normal_nano/normal_nano.srcs/constrs_1/new/Nanoprocessor_Const.xdc:48]
Resolution: If [get_<value>] was used to populate the object, check to make sure this command returns at least one valid object.
WARNING: [Vivado 12-584] No ports matched 'S_7Seg[3]'. [C:/Users/User/Desktop/codd/normal_nano/normal_nano.srcs/constrs_1/new/Nanoprocessor_Const.xdc:49]
CRITICAL WARNING: [Common 17-55] 'set_property' expects at least one object. [C:/Users/User/Desktop/codd/normal_nano/normal_nano.srcs/constrs_1/new/Nanoprocessor_Const.xdc:49]
Resolution: If [get_<value>] was used to populate the object, check to make sure this command returns at least one valid object.
WARNING: [Vivado 12-584] No ports matched 'S_7Seg[3]'. [C:/Users/User/Desktop/codd/normal_nano/normal_nano.srcs/constrs_1/new/Nanoprocessor_Const.xdc:50]
CRITICAL WARNING: [Common 17-55] 'set_property' expects at least one object. [C:/Users/User/Desktop/codd/normal_nano/normal_nano.srcs/constrs_1/new/Nanoprocessor_Const.xdc:50]
Resolution: If [get_<value>] was used to populate the object, check to make sure this command returns at least one valid object.
WARNING: [Vivado 12-584] No ports matched 'S_7Seg[4]'. [C:/Users/User/Desktop/codd/normal_nano/normal_nano.srcs/constrs_1/new/Nanoprocessor_Const.xdc:51]
CRITICAL WARNING: [Common 17-55] 'set_property' expects at least one object. [C:/Users/User/Desktop/codd/normal_nano/normal_nano.srcs/constrs_1/new/Nanoprocessor_Const.xdc:51]
Resolution: If [get_<value>] was used to populate the object, check to make sure this command returns at least one valid object.
WARNING: [Vivado 12-584] No ports matched 'S_7Seg[4]'. [C:/Users/User/Desktop/codd/normal_nano/normal_nano.srcs/constrs_1/new/Nanoprocessor_Const.xdc:52]
CRITICAL WARNING: [Common 17-55] 'set_property' expects at least one object. [C:/Users/User/Desktop/codd/normal_nano/normal_nano.srcs/constrs_1/new/Nanoprocessor_Const.xdc:52]
Resolution: If [get_<value>] was used to populate the object, check to make sure this command returns at least one valid object.
WARNING: [Vivado 12-584] No ports matched 'S_7Seg[5]'. [C:/Users/User/Desktop/codd/normal_nano/normal_nano.srcs/constrs_1/new/Nanoprocessor_Const.xdc:53]
CRITICAL WARNING: [Common 17-55] 'set_property' expects at least one object. [C:/Users/User/Desktop/codd/normal_nano/normal_nano.srcs/constrs_1/new/Nanoprocessor_Const.xdc:53]
Resolution: If [get_<value>] was used to populate the object, check to make sure this command returns at least one valid object.
WARNING: [Vivado 12-584] No ports matched 'S_7Seg[5]'. [C:/Users/User/Desktop/codd/normal_nano/normal_nano.srcs/constrs_1/new/Nanoprocessor_Const.xdc:54]
CRITICAL WARNING: [Common 17-55] 'set_property' expects at least one object. [C:/Users/User/Desktop/codd/normal_nano/normal_nano.srcs/constrs_1/new/Nanoprocessor_Const.xdc:54]
Resolution: If [get_<value>] was used to populate the object, check to make sure this command returns at least one valid object.
WARNING: [Vivado 12-584] No ports matched 'S_7Seg[6]'. [C:/Users/User/Desktop/codd/normal_nano/normal_nano.srcs/constrs_1/new/Nanoprocessor_Const.xdc:55]
CRITICAL WARNING: [Common 17-55] 'set_property' expects at least one object. [C:/Users/User/Desktop/codd/normal_nano/normal_nano.srcs/constrs_1/new/Nanoprocessor_Const.xdc:55]
Resolution: If [get_<value>] was used to populate the object, check to make sure this command returns at least one valid object.
WARNING: [Vivado 12-584] No ports matched 'S_7Seg[6]'. [C:/Users/User/Desktop/codd/normal_nano/normal_nano.srcs/constrs_1/new/Nanoprocessor_Const.xdc:56]
CRITICAL WARNING: [Common 17-55] 'set_property' expects at least one object. [C:/Users/User/Desktop/codd/normal_nano/normal_nano.srcs/constrs_1/new/Nanoprocessor_Const.xdc:56]
Resolution: If [get_<value>] was used to populate the object, check to make sure this command returns at least one valid object.
WARNING: [Vivado 12-584] No ports matched 'anode[0]'. [C:/Users/User/Desktop/codd/normal_nano/normal_nano.srcs/constrs_1/new/Nanoprocessor_Const.xdc:61]
CRITICAL WARNING: [Common 17-55] 'set_property' expects at least one object. [C:/Users/User/Desktop/codd/normal_nano/normal_nano.srcs/constrs_1/new/Nanoprocessor_Const.xdc:61]
Resolution: If [get_<value>] was used to populate the object, check to make sure this command returns at least one valid object.
WARNING: [Vivado 12-584] No ports matched 'anode[0]'. [C:/Users/User/Desktop/codd/normal_nano/normal_nano.srcs/constrs_1/new/Nanoprocessor_Const.xdc:62]
CRITICAL WARNING: [Common 17-55] 'set_property' expects at least one object. [C:/Users/User/Desktop/codd/normal_nano/normal_nano.srcs/constrs_1/new/Nanoprocessor_Const.xdc:62]
Resolution: If [get_<value>] was used to populate the object, check to make sure this command returns at least one valid object.
WARNING: [Vivado 12-584] No ports matched 'anode[1]'. [C:/Users/User/Desktop/codd/normal_nano/normal_nano.srcs/constrs_1/new/Nanoprocessor_Const.xdc:63]
CRITICAL WARNING: [Common 17-55] 'set_property' expects at least one object. [C:/Users/User/Desktop/codd/normal_nano/normal_nano.srcs/constrs_1/new/Nanoprocessor_Const.xdc:63]
Resolution: If [get_<value>] was used to populate the object, check to make sure this command returns at least one valid object.
WARNING: [Vivado 12-584] No ports matched 'anode[1]'. [C:/Users/User/Desktop/codd/normal_nano/normal_nano.srcs/constrs_1/new/Nanoprocessor_Const.xdc:64]
CRITICAL WARNING: [Common 17-55] 'set_property' expects at least one object. [C:/Users/User/Desktop/codd/normal_nano/normal_nano.srcs/constrs_1/new/Nanoprocessor_Const.xdc:64]
Resolution: If [get_<value>] was used to populate the object, check to make sure this command returns at least one valid object.
WARNING: [Vivado 12-584] No ports matched 'anode[2]'. [C:/Users/User/Desktop/codd/normal_nano/normal_nano.srcs/constrs_1/new/Nanoprocessor_Const.xdc:65]
CRITICAL WARNING: [Common 17-55] 'set_property' expects at least one object. [C:/Users/User/Desktop/codd/normal_nano/normal_nano.srcs/constrs_1/new/Nanoprocessor_Const.xdc:65]
Resolution: If [get_<value>] was used to populate the object, check to make sure this command returns at least one valid object.
WARNING: [Vivado 12-584] No ports matched 'anode[2]'. [C:/Users/User/Desktop/codd/normal_nano/normal_nano.srcs/constrs_1/new/Nanoprocessor_Const.xdc:66]
CRITICAL WARNING: [Common 17-55] 'set_property' expects at least one object. [C:/Users/User/Desktop/codd/normal_nano/normal_nano.srcs/constrs_1/new/Nanoprocessor_Const.xdc:66]
Resolution: If [get_<value>] was used to populate the object, check to make sure this command returns at least one valid object.
WARNING: [Vivado 12-584] No ports matched 'anode[3]'. [C:/Users/User/Desktop/codd/normal_nano/normal_nano.srcs/constrs_1/new/Nanoprocessor_Const.xdc:67]
CRITICAL WARNING: [Common 17-55] 'set_property' expects at least one object. [C:/Users/User/Desktop/codd/normal_nano/normal_nano.srcs/constrs_1/new/Nanoprocessor_Const.xdc:67]
Resolution: If [get_<value>] was used to populate the object, check to make sure this command returns at least one valid object.
WARNING: [Vivado 12-584] No ports matched 'anode[3]'. [C:/Users/User/Desktop/codd/normal_nano/normal_nano.srcs/constrs_1/new/Nanoprocessor_Const.xdc:68]
CRITICAL WARNING: [Common 17-55] 'set_property' expects at least one object. [C:/Users/User/Desktop/codd/normal_nano/normal_nano.srcs/constrs_1/new/Nanoprocessor_Const.xdc:68]
Resolution: If [get_<value>] was used to populate the object, check to make sure this command returns at least one valid object.
CRITICAL WARNING: [Common 17-69] Command failed: 'U18' is not a valid site or package pin name. [C:/Users/User/Desktop/codd/normal_nano/normal_nano.srcs/constrs_1/new/Nanoprocessor_Const.xdc:72]
Finished Parsing XDC File [C:/Users/User/Desktop/codd/normal_nano/normal_nano.srcs/constrs_1/new/Nanoprocessor_Const.xdc]
Completed Processing XDC Constraints

Netlist sorting complete. Time (s): cpu = 00:00:00 ; elapsed = 00:00:00 . Memory (MB): peak = 4590.578 ; gain = 0.000
INFO: [Project 1-111] Unisim Transformation Summary:
No Unisim elements were transformed.

RTL Elaboration Complete:  : Time (s): cpu = 00:00:11 ; elapsed = 00:00:08 . Memory (MB): peak = 4590.578 ; gain = 0.000
22 Infos, 26 Warnings, 32 Critical Warnings and 0 Errors encountered.
synth_design completed successfully
synth_design: Time (s): cpu = 00:00:11 ; elapsed = 00:00:08 . Memory (MB): peak = 4590.578 ; gain = 0.000
close_design
launch_simulation
Command: launch_simulation 
INFO: [Vivado 12-25911] Executing simulation for 'XSim' simulator
INFO: [Vivado 12-28535] Process started - Fri May  8 22:15:48 2026

INFO: [Vivado 12-12493] Simulation top is 'Register_Bank_TB'
INFO: [Vivado 12-5682] Launching behavioral simulation in 'C:/Users/User/Desktop/codd/normal_nano/normal_nano.sim/sim_1/behav/xsim'
INFO: [SIM-utils-51] Simulation object is 'sim_1'
INFO: [SIM-utils-72] Using boost library from 'C:/AMDDesignTools/2025.2/Vivado/tps/boost_1_72_0'
INFO: [SIM-utils-54] Inspecting design source files for 'Register_Bank_TB' in fileset 'sim_1'...
INFO: [USF-XSim-97] Finding global include files...
INFO: [USF-XSim-98] Fetching design files from 'sim_1'...
INFO: [USF-XSim-2] XSim::Compile design
INFO: [USF-XSim-61] Executing 'COMPILE and ANALYZE' step in 'C:/Users/User/Desktop/codd/normal_nano/normal_nano.sim/sim_1/behav/xsim'
"xvhdl --incr --relax -prj Register_Bank_TB_vhdl.prj"
INFO: [VRFC 10-163] Analyzing VHDL file "C:/Users/User/Desktop/normal_process/normal_process/normal_process.srcs/sim_1/new/Register_Bank_TB.vhd" into library xil_defaultlib
INFO: [VRFC 10-3107] analyzing entity 'Register_Bank_TB'
INFO: [USF-XSim-69] 'compile' step finished in '1' seconds
INFO: [USF-XSim-3] XSim::Elaborate design
INFO: [USF-XSim-61] Executing 'ELABORATE' step in 'C:/Users/User/Desktop/codd/normal_nano/normal_nano.sim/sim_1/behav/xsim'
"xelab --incr --debug typical --relax --mt 2 -L xil_defaultlib -L secureip --snapshot Register_Bank_TB_behav xil_defaultlib.Register_Bank_TB -log elaborate.log"
Vivado Simulator v2025.2
Copyright 1986-2022 Xilinx, Inc. All Rights Reserved.
Copyright 2022-2025 Advanced Micro Devices, Inc. All Rights Reserved.
Running: C:/AMDDesignTools/2025.2/Vivado/bin/unwrapped/win64.o/xelab.exe --incr --debug typical --relax --mt 2 -L xil_defaultlib -L secureip --snapshot Register_Bank_TB_behav xil_defaultlib.Register_Bank_TB -log elaborate.log 
Using 2 slave threads.
Starting static elaboration
Completed static elaboration
Starting simulation data flow analysis
Completed simulation data flow analysis
Time Resolution for simulation is 1ps
Compiling package std.standard
Compiling package std.textio
Compiling package ieee.std_logic_1164
Compiling package xil_defaultlib.busdefinitions
Compiling architecture behavioral of entity xil_defaultlib.Decoder_2_to_4 [decoder_2_to_4_default]
Compiling architecture behavioral of entity xil_defaultlib.Decoder_3_to_8 [decoder_3_to_8_default]
Compiling architecture behavioral of entity xil_defaultlib.Reg [reg_default]
Compiling architecture behavioral of entity xil_defaultlib.Register_Bank [register_bank_default]
Compiling architecture behavioral of entity xil_defaultlib.register_bank_tb
Built simulation snapshot Register_Bank_TB_behav
INFO: [USF-XSim-69] 'elaborate' step finished in '2' seconds
INFO: [USF-XSim-4] XSim::Simulate design
INFO: [USF-XSim-61] Executing 'SIMULATE' step in 'C:/Users/User/Desktop/codd/normal_nano/normal_nano.sim/sim_1/behav/xsim'
INFO: [USF-XSim-98] *** Running xsim
   with args "Register_Bank_TB_behav -key {Behavioral:sim_1:Functional:Register_Bank_TB} -tclbatch {Register_Bank_TB.tcl} -log {simulate.log}"
INFO: [USF-XSim-8] Loading simulator feature
Time resolution is 1 ps
source Register_Bank_TB.tcl
# set curr_wave [current_wave_config]
# if { [string length $curr_wave] == 0 } {
#   if { [llength [get_objects]] > 0} {
#     add_wave /
#     set_property needs_save false [current_wave_config]
#   } else {
#      send_msg_id Add_Wave-1 WARNING "No top level signals found. Simulator will start without a wave window. If you want to open a wave window go to 'File->New Waveform Configuration' or type 'create_wave_config' in the TCL console."
#   }
# }
# run 1000ns
Note: Test complete. Check waveform for verification.
Time: 1 us  Iteration: 0  Process: /Register_Bank_TB/Stim_process  File: C:/Users/User/Desktop/normal_process/normal_process/normal_process.srcs/sim_1/new/Register_Bank_TB.vhd
INFO: [USF-XSim-96] XSim completed. Design snapshot 'Register_Bank_TB_behav' loaded.
INFO: [USF-XSim-97] XSim simulation ran for 1000ns
launch_simulation: Time (s): cpu = 00:00:04 ; elapsed = 00:00:06 . Memory (MB): peak = 4590.578 ; gain = 0.000
run 1000 ns
WARNING: [filemgmt 56-199] Attempt to get parsing info during refresh. "On-the-fly" syntax checking information may be incorrect. [C:\Users\User\Desktop\normal_process\normal_process\normal_process.srcs\sources_1\new\Program_Counter.vhd:]
WARNING: [filemgmt 56-199] Attempt to get parsing info during refresh. "On-the-fly" syntax checking information may be incorrect. [C:\Users\User\Desktop\normal_process\normal_process\normal_process.srcs\sources_1\new\Register_Bank.vhd:]
WARNING: [filemgmt 56-199] Attempt to get parsing info during refresh. "On-the-fly" syntax checking information may be incorrect. [C:\Users\User\Desktop\normal_process\normal_process\normal_process.srcs\sim_1\new\Program_Counter_TB.vhd:]
WARNING: [filemgmt 56-199] Attempt to get parsing info during refresh. "On-the-fly" syntax checking information may be incorrect. [C:\Users\User\Desktop\normal_process\normal_process\normal_process.srcs\sim_1\new\Register_Bank_TB.vhd:]
WARNING: [filemgmt 56-199] Attempt to get parsing info during refresh. "On-the-fly" syntax checking information may be incorrect. [C:\Users\User\Desktop\normal_process\normal_process\normal_process.srcs\sources_1\new\Program_Counter.vhd:]
WARNING: [filemgmt 56-199] Attempt to get parsing info during refresh. "On-the-fly" syntax checking information may be incorrect. [C:\Users\User\Desktop\normal_process\normal_process\normal_process.srcs\sources_1\new\Program_Counter.vhd:]
WARNING: [filemgmt 56-199] Attempt to get parsing info during refresh. "On-the-fly" syntax checking information may be incorrect. [C:\Users\User\Desktop\normal_process\normal_process\normal_process.srcs\sources_1\new\Program_Counter.vhd:]
WARNING: [filemgmt 56-199] Attempt to get parsing info during refresh. "On-the-fly" syntax checking information may be incorrect. [C:\Users\User\Desktop\normal_process\normal_process\normal_process.srcs\sources_1\new\Register_Bank.vhd:]
WARNING: [filemgmt 56-199] Attempt to get parsing info during refresh. "On-the-fly" syntax checking information may be incorrect. [C:\Users\User\Desktop\normal_process\normal_process\normal_process.srcs\sim_1\new\Program_Counter_TB.vhd:]
WARNING: [filemgmt 56-199] Attempt to get parsing info during refresh. "On-the-fly" syntax checking information may be incorrect. [C:\Users\User\Desktop\normal_process\normal_process\normal_process.srcs\sim_1\new\Register_Bank_TB.vhd:]
WARNING: [filemgmt 56-199] Attempt to get parsing info during refresh. "On-the-fly" syntax checking information may be incorrect. [C:\Users\User\Desktop\normal_process\normal_process\normal_process.srcs\sources_1\new\Register_Bank.vhd:]
WARNING: [filemgmt 56-199] Attempt to get parsing info during refresh. "On-the-fly" syntax checking information may be incorrect. [C:\Users\User\Desktop\normal_process\normal_process\normal_process.srcs\sources_1\new\Register_Bank.vhd:]
